seed,score,event_id,coverage,permanent_water_omitted,flood_omitted
13,georisk_v2,1111002,0.1,1,0
13,georisk_v2,1111002,0.15000000000000002,1,0
13,georisk_v2,1111002,0.20000000000000004,1,0
13,georisk_v2,1111002,0.25000000000000006,1,0
13,georisk_v2,1111002,0.30000000000000004,0,0
13,georisk_v2,1111002,0.3500000000000001,0,0
13,georisk_v2,1111002,0.40000000000000013,0,0
13,georisk_v2,1111002,0.45000000000000007,0,0
13,georisk_v2,1111002,0.5000000000000001,0,0
13,georisk_v2,1111002,0.5500000000000002,0,0
13,georisk_v2,1111002,0.6000000000000002,0,0
13,georisk_v2,1111002,0.6500000000000001,0,0
13,georisk_v2,1111002,0.7000000000000002,0,0
13,georisk_v2,1111002,0.7500000000000002,0,0
13,georisk_v2,1111002,0.8000000000000002,0,0
13,georisk_v2,1111002,0.8500000000000002,0,0
13,georisk_v2,1111002,0.9000000000000002,0,0
13,georisk_v2,1111002,0.9500000000000003,0,0
13,georisk_v2,1111002,1.0000000000000004,0,0
13,georisk_v2,1111007,0.1,0,0
13,georisk_v2,1111007,0.15000000000000002,0,0
13,georisk_v2,1111007,0.20000000000000004,0,0
13,georisk_v2,1111007,0.25000000000000006,0,0
13,georisk_v2,1111007,0.30000000000000004,0,0
13,georisk_v2,1111007,0.3500000000000001,0,0
13,georisk_v2,1111007,0.40000000000000013,0,0
13,georisk_v2,1111007,0.45000000000000007,0,0
13,georisk_v2,1111007,0.5000000000000001,0,0
13,georisk_v2,1111007,0.5500000000000002,0,0
13,georisk_v2,1111007,0.6000000000000002,0,0
13,georisk_v2,1111007,0.6500000000000001,0,0
13,georisk_v2,1111007,0.7000000000000002,0,0
13,georisk_v2,1111007,0.7500000000000002,0,0
13,georisk_v2,1111007,0.8000000000000002,0,0
13,georisk_v2,1111007,0.8500000000000002,0,0
13,georisk_v2,1111007,0.9000000000000002,0,0
13,georisk_v2,1111007,0.9500000000000003,0,0
13,georisk_v2,1111007,1.0000000000000004,0,0
13,georisk_v2,1111013,0.1,0,0
13,georisk_v2,1111013,0.15000000000000002,0,0
13,georisk_v2,1111013,0.20000000000000004,0,0
13,georisk_v2,1111013,0.25000000000000006,0,0
13,georisk_v2,1111013,0.30000000000000004,0,0
13,georisk_v2,1111013,0.3500000000000001,0,0
13,georisk_v2,1111013,0.40000000000000013,0,0
13,georisk_v2,1111013,0.45000000000000007,0,0
13,georisk_v2,1111013,0.5000000000000001,0,0
13,georisk_v2,1111013,0.5500000000000002,0,0
13,georisk_v2,1111013,0.6000000000000002,0,0
13,georisk_v2,1111013,0.6500000000000001,0,0
13,georisk_v2,1111013,0.7000000000000002,0,0
13,georisk_v2,1111013,0.7500000000000002,0,0
13,georisk_v2,1111013,0.8000000000000002,0,0
13,georisk_v2,1111013,0.8500000000000002,0,0
13,georisk_v2,1111013,0.9000000000000002,0,0
13,georisk_v2,1111013,0.9500000000000003,0,0
13,georisk_v2,1111013,1.0000000000000004,0,0
13,georisk_v2,205,0.1,1,1
13,georisk_v2,205,0.15000000000000002,1,1
13,georisk_v2,205,0.20000000000000004,1,1
13,georisk_v2,205,0.25000000000000006,1,1
13,georisk_v2,205,0.30000000000000004,1,1
13,georisk_v2,205,0.3500000000000001,1,1
13,georisk_v2,205,0.40000000000000013,0,1
13,georisk_v2,205,0.45000000000000007,0,1
13,georisk_v2,205,0.5000000000000001,0,1
13,georisk_v2,205,0.5500000000000002,0,1
13,georisk_v2,205,0.6000000000000002,0,0
13,georisk_v2,205,0.6500000000000001,0,0
13,georisk_v2,205,0.7000000000000002,0,0
13,georisk_v2,205,0.7500000000000002,0,0
13,georisk_v2,205,0.8000000000000002,0,0
13,georisk_v2,205,0.8500000000000002,0,0
13,georisk_v2,205,0.9000000000000002,0,0
13,georisk_v2,205,0.9500000000000003,0,0
13,georisk_v2,205,1.0000000000000004,0,0
13,georisk_v2,277,0.1,0,1
13,georisk_v2,277,0.15000000000000002,0,1
13,georisk_v2,277,0.20000000000000004,0,1
13,georisk_v2,277,0.25000000000000006,0,1
13,georisk_v2,277,0.30000000000000004,0,1
13,georisk_v2,277,0.3500000000000001,0,0
13,georisk_v2,277,0.40000000000000013,0,0
13,georisk_v2,277,0.45000000000000007,0,0
13,georisk_v2,277,0.5000000000000001,0,0
13,georisk_v2,277,0.5500000000000002,0,0
13,georisk_v2,277,0.6000000000000002,0,0
13,georisk_v2,277,0.6500000000000001,0,0
13,georisk_v2,277,0.7000000000000002,0,0
13,georisk_v2,277,0.7500000000000002,0,0
13,georisk_v2,277,0.8000000000000002,0,0
13,georisk_v2,277,0.8500000000000002,0,0
13,georisk_v2,277,0.9000000000000002,0,0
13,georisk_v2,277,0.9500000000000003,0,0
13,georisk_v2,277,1.0000000000000004,0,0
13,georisk_v2,321,0.1,1,1
13,georisk_v2,321,0.15000000000000002,0,1
13,georisk_v2,321,0.20000000000000004,0,0
13,georisk_v2,321,0.25000000000000006,0,0
13,georisk_v2,321,0.30000000000000004,0,0
13,georisk_v2,321,0.3500000000000001,0,0
13,georisk_v2,321,0.40000000000000013,0,0
13,georisk_v2,321,0.45000000000000007,0,0
13,georisk_v2,321,0.5000000000000001,0,0
13,georisk_v2,321,0.5500000000000002,0,0
13,georisk_v2,321,0.6000000000000002,0,0
13,georisk_v2,321,0.6500000000000001,0,0
13,georisk_v2,321,0.7000000000000002,0,0
13,georisk_v2,321,0.7500000000000002,0,0
13,georisk_v2,321,0.8000000000000002,0,0
13,georisk_v2,321,0.8500000000000002,0,0
13,georisk_v2,321,0.9000000000000002,0,0
13,georisk_v2,321,0.9500000000000003,0,0
13,georisk_v2,321,1.0000000000000004,0,0
13,georisk_v2,411,0.1,1,1
13,georisk_v2,411,0.15000000000000002,1,1
13,georisk_v2,411,0.20000000000000004,1,1
13,georisk_v2,411,0.25000000000000006,1,1
13,georisk_v2,411,0.30000000000000004,1,1
13,georisk_v2,411,0.3500000000000001,1,1
13,georisk_v2,411,0.40000000000000013,1,1
13,georisk_v2,411,0.45000000000000007,1,1
13,georisk_v2,411,0.5000000000000001,1,1
13,georisk_v2,411,0.5500000000000002,1,1
13,georisk_v2,411,0.6000000000000002,1,1
13,georisk_v2,411,0.6500000000000001,1,1
13,georisk_v2,411,0.7000000000000002,1,1
13,georisk_v2,411,0.7500000000000002,1,0
13,georisk_v2,411,0.8000000000000002,1,0
13,georisk_v2,411,0.8500000000000002,1,0
13,georisk_v2,411,0.9000000000000002,1,0
13,georisk_v2,411,0.9500000000000003,0,0
13,georisk_v2,411,1.0000000000000004,0,0
13,georisk_v2,445,0.1,1,1
13,georisk_v2,445,0.15000000000000002,1,1
13,georisk_v2,445,0.20000000000000004,1,1
13,georisk_v2,445,0.25000000000000006,1,1
13,georisk_v2,445,0.30000000000000004,0,1
13,georisk_v2,445,0.3500000000000001,0,1
13,georisk_v2,445,0.40000000000000013,0,1
13,georisk_v2,445,0.45000000000000007,0,1
13,georisk_v2,445,0.5000000000000001,0,0
13,georisk_v2,445,0.5500000000000002,0,0
13,georisk_v2,445,0.6000000000000002,0,0
13,georisk_v2,445,0.6500000000000001,0,0
13,georisk_v2,445,0.7000000000000002,0,0
13,georisk_v2,445,0.7500000000000002,0,0
13,georisk_v2,445,0.8000000000000002,0,0
13,georisk_v2,445,0.8500000000000002,0,0
13,georisk_v2,445,0.9000000000000002,0,0
13,georisk_v2,445,0.9500000000000003,0,0
13,georisk_v2,445,1.0000000000000004,0,0
13,georisk_v2,561,0.1,1,1
13,georisk_v2,561,0.15000000000000002,1,0
13,georisk_v2,561,0.20000000000000004,1,0
13,georisk_v2,561,0.25000000000000006,1,0
13,georisk_v2,561,0.30000000000000004,1,0
13,georisk_v2,561,0.3500000000000001,1,0
13,georisk_v2,561,0.40000000000000013,1,0
13,georisk_v2,561,0.45000000000000007,1,0
13,georisk_v2,561,0.5000000000000001,1,0
13,georisk_v2,561,0.5500000000000002,1,0
13,georisk_v2,561,0.6000000000000002,0,0
13,georisk_v2,561,0.6500000000000001,0,0
13,georisk_v2,561,0.7000000000000002,0,0
13,georisk_v2,561,0.7500000000000002,0,0
13,georisk_v2,561,0.8000000000000002,0,0
13,georisk_v2,561,0.8500000000000002,0,0
13,georisk_v2,561,0.9000000000000002,0,0
13,georisk_v2,561,0.9500000000000003,0,0
13,georisk_v2,561,1.0000000000000004,0,0
13,georisk_v2,562,0.1,1,1
13,georisk_v2,562,0.15000000000000002,1,0
13,georisk_v2,562,0.20000000000000004,1,0
13,georisk_v2,562,0.25000000000000006,0,0
13,georisk_v2,562,0.30000000000000004,0,0
13,georisk_v2,562,0.3500000000000001,0,0
13,georisk_v2,562,0.40000000000000013,0,0
13,georisk_v2,562,0.45000000000000007,0,0
13,georisk_v2,562,0.5000000000000001,0,0
13,georisk_v2,562,0.5500000000000002,0,0
13,georisk_v2,562,0.6000000000000002,0,0
13,georisk_v2,562,0.6500000000000001,0,0
13,georisk_v2,562,0.7000000000000002,0,0
13,georisk_v2,562,0.7500000000000002,0,0
13,georisk_v2,562,0.8000000000000002,0,0
13,georisk_v2,562,0.8500000000000002,0,0
13,georisk_v2,562,0.9000000000000002,0,0
13,georisk_v2,562,0.9500000000000003,0,0
13,georisk_v2,562,1.0000000000000004,0,0
13,self_dice_risk_multiclass,1111002,0.1,1,0
13,self_dice_risk_multiclass,1111002,0.15000000000000002,1,0
13,self_dice_risk_multiclass,1111002,0.20000000000000004,1,0
13,self_dice_risk_multiclass,1111002,0.25000000000000006,1,0
13,self_dice_risk_multiclass,1111002,0.30000000000000004,0,0
13,self_dice_risk_multiclass,1111002,0.3500000000000001,0,0
13,self_dice_risk_multiclass,1111002,0.40000000000000013,0,0
13,self_dice_risk_multiclass,1111002,0.45000000000000007,0,0
13,self_dice_risk_multiclass,1111002,0.5000000000000001,0,0
13,self_dice_risk_multiclass,1111002,0.5500000000000002,0,0
13,self_dice_risk_multiclass,1111002,0.6000000000000002,0,0
13,self_dice_risk_multiclass,1111002,0.6500000000000001,0,0
13,self_dice_risk_multiclass,1111002,0.7000000000000002,0,0
13,self_dice_risk_multiclass,1111002,0.7500000000000002,0,0
13,self_dice_risk_multiclass,1111002,0.8000000000000002,0,0
13,self_dice_risk_multiclass,1111002,0.8500000000000002,0,0
13,self_dice_risk_multiclass,1111002,0.9000000000000002,0,0
13,self_dice_risk_multiclass,1111002,0.9500000000000003,0,0
13,self_dice_risk_multiclass,1111002,1.0000000000000004,0,0
13,self_dice_risk_multiclass,1111007,0.1,0,0
13,self_dice_risk_multiclass,1111007,0.15000000000000002,0,0
13,self_dice_risk_multiclass,1111007,0.20000000000000004,0,0
13,self_dice_risk_multiclass,1111007,0.25000000000000006,0,0
13,self_dice_risk_multiclass,1111007,0.30000000000000004,0,0
13,self_dice_risk_multiclass,1111007,0.3500000000000001,0,0
13,self_dice_risk_multiclass,1111007,0.40000000000000013,0,0
13,self_dice_risk_multiclass,1111007,0.45000000000000007,0,0
13,self_dice_risk_multiclass,1111007,0.5000000000000001,0,0
13,self_dice_risk_multiclass,1111007,0.5500000000000002,0,0
13,self_dice_risk_multiclass,1111007,0.6000000000000002,0,0
13,self_dice_risk_multiclass,1111007,0.6500000000000001,0,0
13,self_dice_risk_multiclass,1111007,0.7000000000000002,0,0
13,self_dice_risk_multiclass,1111007,0.7500000000000002,0,0
13,self_dice_risk_multiclass,1111007,0.8000000000000002,0,0
13,self_dice_risk_multiclass,1111007,0.8500000000000002,0,0
13,self_dice_risk_multiclass,1111007,0.9000000000000002,0,0
13,self_dice_risk_multiclass,1111007,0.9500000000000003,0,0
13,self_dice_risk_multiclass,1111007,1.0000000000000004,0,0
13,self_dice_risk_multiclass,1111013,0.1,0,0
13,self_dice_risk_multiclass,1111013,0.15000000000000002,0,0
13,self_dice_risk_multiclass,1111013,0.20000000000000004,0,0
13,self_dice_risk_multiclass,1111013,0.25000000000000006,0,0
13,self_dice_risk_multiclass,1111013,0.30000000000000004,0,0
13,self_dice_risk_multiclass,1111013,0.3500000000000001,0,0
13,self_dice_risk_multiclass,1111013,0.40000000000000013,0,0
13,self_dice_risk_multiclass,1111013,0.45000000000000007,0,0
13,self_dice_risk_multiclass,1111013,0.5000000000000001,0,0
13,self_dice_risk_multiclass,1111013,0.5500000000000002,0,0
13,self_dice_risk_multiclass,1111013,0.6000000000000002,0,0
13,self_dice_risk_multiclass,1111013,0.6500000000000001,0,0
13,self_dice_risk_multiclass,1111013,0.7000000000000002,0,0
13,self_dice_risk_multiclass,1111013,0.7500000000000002,0,0
13,self_dice_risk_multiclass,1111013,0.8000000000000002,0,0
13,self_dice_risk_multiclass,1111013,0.8500000000000002,0,0
13,self_dice_risk_multiclass,1111013,0.9000000000000002,0,0
13,self_dice_risk_multiclass,1111013,0.9500000000000003,0,0
13,self_dice_risk_multiclass,1111013,1.0000000000000004,0,0
13,self_dice_risk_multiclass,205,0.1,1,1
13,self_dice_risk_multiclass,205,0.15000000000000002,1,1
13,self_dice_risk_multiclass,205,0.20000000000000004,1,1
13,self_dice_risk_multiclass,205,0.25000000000000006,1,1
13,self_dice_risk_multiclass,205,0.30000000000000004,1,1
13,self_dice_risk_multiclass,205,0.3500000000000001,1,1
13,self_dice_risk_multiclass,205,0.40000000000000013,0,1
13,self_dice_risk_multiclass,205,0.45000000000000007,0,1
13,self_dice_risk_multiclass,205,0.5000000000000001,0,1
13,self_dice_risk_multiclass,205,0.5500000000000002,0,1
13,self_dice_risk_multiclass,205,0.6000000000000002,0,0
13,self_dice_risk_multiclass,205,0.6500000000000001,0,0
13,self_dice_risk_multiclass,205,0.7000000000000002,0,0
13,self_dice_risk_multiclass,205,0.7500000000000002,0,0
13,self_dice_risk_multiclass,205,0.8000000000000002,0,0
13,self_dice_risk_multiclass,205,0.8500000000000002,0,0
13,self_dice_risk_multiclass,205,0.9000000000000002,0,0
13,self_dice_risk_multiclass,205,0.9500000000000003,0,0
13,self_dice_risk_multiclass,205,1.0000000000000004,0,0
13,self_dice_risk_multiclass,277,0.1,0,1
13,self_dice_risk_multiclass,277,0.15000000000000002,0,1
13,self_dice_risk_multiclass,277,0.20000000000000004,0,1
13,self_dice_risk_multiclass,277,0.25000000000000006,0,1
13,self_dice_risk_multiclass,277,0.30000000000000004,0,1
13,self_dice_risk_multiclass,277,0.3500000000000001,0,0
13,self_dice_risk_multiclass,277,0.40000000000000013,0,0
13,self_dice_risk_multiclass,277,0.45000000000000007,0,0
13,self_dice_risk_multiclass,277,0.5000000000000001,0,0
13,self_dice_risk_multiclass,277,0.5500000000000002,0,0
13,self_dice_risk_multiclass,277,0.6000000000000002,0,0
13,self_dice_risk_multiclass,277,0.6500000000000001,0,0
13,self_dice_risk_multiclass,277,0.7000000000000002,0,0
13,self_dice_risk_multiclass,277,0.7500000000000002,0,0
13,self_dice_risk_multiclass,277,0.8000000000000002,0,0
13,self_dice_risk_multiclass,277,0.8500000000000002,0,0
13,self_dice_risk_multiclass,277,0.9000000000000002,0,0
13,self_dice_risk_multiclass,277,0.9500000000000003,0,0
13,self_dice_risk_multiclass,277,1.0000000000000004,0,0
13,self_dice_risk_multiclass,321,0.1,1,1
13,self_dice_risk_multiclass,321,0.15000000000000002,0,1
13,self_dice_risk_multiclass,321,0.20000000000000004,0,0
13,self_dice_risk_multiclass,321,0.25000000000000006,0,0
13,self_dice_risk_multiclass,321,0.30000000000000004,0,0
13,self_dice_risk_multiclass,321,0.3500000000000001,0,0
13,self_dice_risk_multiclass,321,0.40000000000000013,0,0
13,self_dice_risk_multiclass,321,0.45000000000000007,0,0
13,self_dice_risk_multiclass,321,0.5000000000000001,0,0
13,self_dice_risk_multiclass,321,0.5500000000000002,0,0
13,self_dice_risk_multiclass,321,0.6000000000000002,0,0
13,self_dice_risk_multiclass,321,0.6500000000000001,0,0
13,self_dice_risk_multiclass,321,0.7000000000000002,0,0
13,self_dice_risk_multiclass,321,0.7500000000000002,0,0
13,self_dice_risk_multiclass,321,0.8000000000000002,0,0
13,self_dice_risk_multiclass,321,0.8500000000000002,0,0
13,self_dice_risk_multiclass,321,0.9000000000000002,0,0
13,self_dice_risk_multiclass,321,0.9500000000000003,0,0
13,self_dice_risk_multiclass,321,1.0000000000000004,0,0
13,self_dice_risk_multiclass,411,0.1,1,1
13,self_dice_risk_multiclass,411,0.15000000000000002,1,1
13,self_dice_risk_multiclass,411,0.20000000000000004,1,1
13,self_dice_risk_multiclass,411,0.25000000000000006,1,1
13,self_dice_risk_multiclass,411,0.30000000000000004,1,1
13,self_dice_risk_multiclass,411,0.3500000000000001,1,1
13,self_dice_risk_multiclass,411,0.40000000000000013,1,1
13,self_dice_risk_multiclass,411,0.45000000000000007,1,1
13,self_dice_risk_multiclass,411,0.5000000000000001,1,1
13,self_dice_risk_multiclass,411,0.5500000000000002,1,1
13,self_dice_risk_multiclass,411,0.6000000000000002,1,1
13,self_dice_risk_multiclass,411,0.6500000000000001,1,1
13,self_dice_risk_multiclass,411,0.7000000000000002,1,1
13,self_dice_risk_multiclass,411,0.7500000000000002,1,0
13,self_dice_risk_multiclass,411,0.8000000000000002,1,0
13,self_dice_risk_multiclass,411,0.8500000000000002,1,0
13,self_dice_risk_multiclass,411,0.9000000000000002,1,0
13,self_dice_risk_multiclass,411,0.9500000000000003,0,0
13,self_dice_risk_multiclass,411,1.0000000000000004,0,0
13,self_dice_risk_multiclass,445,0.1,1,1
13,self_dice_risk_multiclass,445,0.15000000000000002,1,1
13,self_dice_risk_multiclass,445,0.20000000000000004,1,1
13,self_dice_risk_multiclass,445,0.25000000000000006,1,1
13,self_dice_risk_multiclass,445,0.30000000000000004,0,1
13,self_dice_risk_multiclass,445,0.3500000000000001,0,1
13,self_dice_risk_multiclass,445,0.40000000000000013,0,1
13,self_dice_risk_multiclass,445,0.45000000000000007,0,1
13,self_dice_risk_multiclass,445,0.5000000000000001,0,0
13,self_dice_risk_multiclass,445,0.5500000000000002,0,0
13,self_dice_risk_multiclass,445,0.6000000000000002,0,0
13,self_dice_risk_multiclass,445,0.6500000000000001,0,0
13,self_dice_risk_multiclass,445,0.7000000000000002,0,0
13,self_dice_risk_multiclass,445,0.7500000000000002,0,0
13,self_dice_risk_multiclass,445,0.8000000000000002,0,0
13,self_dice_risk_multiclass,445,0.8500000000000002,0,0
13,self_dice_risk_multiclass,445,0.9000000000000002,0,0
13,self_dice_risk_multiclass,445,0.9500000000000003,0,0
13,self_dice_risk_multiclass,445,1.0000000000000004,0,0
13,self_dice_risk_multiclass,561,0.1,1,1
13,self_dice_risk_multiclass,561,0.15000000000000002,1,0
13,self_dice_risk_multiclass,561,0.20000000000000004,1,0
13,self_dice_risk_multiclass,561,0.25000000000000006,1,0
13,self_dice_risk_multiclass,561,0.30000000000000004,1,0
13,self_dice_risk_multiclass,561,0.3500000000000001,1,0
13,self_dice_risk_multiclass,561,0.40000000000000013,1,0
13,self_dice_risk_multiclass,561,0.45000000000000007,1,0
13,self_dice_risk_multiclass,561,0.5000000000000001,1,0
13,self_dice_risk_multiclass,561,0.5500000000000002,1,0
13,self_dice_risk_multiclass,561,0.6000000000000002,0,0
13,self_dice_risk_multiclass,561,0.6500000000000001,0,0
13,self_dice_risk_multiclass,561,0.7000000000000002,0,0
13,self_dice_risk_multiclass,561,0.7500000000000002,0,0
13,self_dice_risk_multiclass,561,0.8000000000000002,0,0
13,self_dice_risk_multiclass,561,0.8500000000000002,0,0
13,self_dice_risk_multiclass,561,0.9000000000000002,0,0
13,self_dice_risk_multiclass,561,0.9500000000000003,0,0
13,self_dice_risk_multiclass,561,1.0000000000000004,0,0
13,self_dice_risk_multiclass,562,0.1,1,1
13,self_dice_risk_multiclass,562,0.15000000000000002,1,0
13,self_dice_risk_multiclass,562,0.20000000000000004,1,0
13,self_dice_risk_multiclass,562,0.25000000000000006,0,0
13,self_dice_risk_multiclass,562,0.30000000000000004,0,0
13,self_dice_risk_multiclass,562,0.3500000000000001,0,0
13,self_dice_risk_multiclass,562,0.40000000000000013,0,0
13,self_dice_risk_multiclass,562,0.45000000000000007,0,0
13,self_dice_risk_multiclass,562,0.5000000000000001,0,0
13,self_dice_risk_multiclass,562,0.5500000000000002,0,0
13,self_dice_risk_multiclass,562,0.6000000000000002,0,0
13,self_dice_risk_multiclass,562,0.6500000000000001,0,0
13,self_dice_risk_multiclass,562,0.7000000000000002,0,0
13,self_dice_risk_multiclass,562,0.7500000000000002,0,0
13,self_dice_risk_multiclass,562,0.8000000000000002,0,0
13,self_dice_risk_multiclass,562,0.8500000000000002,0,0
13,self_dice_risk_multiclass,562,0.9000000000000002,0,0
13,self_dice_risk_multiclass,562,0.9500000000000003,0,0
13,self_dice_risk_multiclass,562,1.0000000000000004,0,0
13,oracle_tile_loss,1111002,0.1,1,0
13,oracle_tile_loss,1111002,0.15000000000000002,1,0
13,oracle_tile_loss,1111002,0.20000000000000004,1,0
13,oracle_tile_loss,1111002,0.25000000000000006,1,0
13,oracle_tile_loss,1111002,0.30000000000000004,0,0
13,oracle_tile_loss,1111002,0.3500000000000001,0,0
13,oracle_tile_loss,1111002,0.40000000000000013,0,0
13,oracle_tile_loss,1111002,0.45000000000000007,0,0
13,oracle_tile_loss,1111002,0.5000000000000001,0,0
13,oracle_tile_loss,1111002,0.5500000000000002,0,0
13,oracle_tile_loss,1111002,0.6000000000000002,0,0
13,oracle_tile_loss,1111002,0.6500000000000001,0,0
13,oracle_tile_loss,1111002,0.7000000000000002,0,0
13,oracle_tile_loss,1111002,0.7500000000000002,0,0
13,oracle_tile_loss,1111002,0.8000000000000002,0,0
13,oracle_tile_loss,1111002,0.8500000000000002,0,0
13,oracle_tile_loss,1111002,0.9000000000000002,0,0
13,oracle_tile_loss,1111002,0.9500000000000003,0,0
13,oracle_tile_loss,1111002,1.0000000000000004,0,0
13,oracle_tile_loss,1111007,0.1,1,1
13,oracle_tile_loss,1111007,0.15000000000000002,1,1
13,oracle_tile_loss,1111007,0.20000000000000004,1,1
13,oracle_tile_loss,1111007,0.25000000000000006,1,1
13,oracle_tile_loss,1111007,0.30000000000000004,1,1
13,oracle_tile_loss,1111007,0.3500000000000001,0,0
13,oracle_tile_loss,1111007,0.40000000000000013,0,0
13,oracle_tile_loss,1111007,0.45000000000000007,0,0
13,oracle_tile_loss,1111007,0.5000000000000001,0,0
13,oracle_tile_loss,1111007,0.5500000000000002,0,0
13,oracle_tile_loss,1111007,0.6000000000000002,0,0
13,oracle_tile_loss,1111007,0.6500000000000001,0,0
13,oracle_tile_loss,1111007,0.7000000000000002,0,0
13,oracle_tile_loss,1111007,0.7500000000000002,0,0
13,oracle_tile_loss,1111007,0.8000000000000002,0,0
13,oracle_tile_loss,1111007,0.8500000000000002,0,0
13,oracle_tile_loss,1111007,0.9000000000000002,0,0
13,oracle_tile_loss,1111007,0.9500000000000003,0,0
13,oracle_tile_loss,1111007,1.0000000000000004,0,0
13,oracle_tile_loss,1111013,0.1,1,1
13,oracle_tile_loss,1111013,0.15000000000000002,1,1
13,oracle_tile_loss,1111013,0.20000000000000004,1,1
13,oracle_tile_loss,1111013,0.25000000000000006,1,1
13,oracle_tile_loss,1111013,0.30000000000000004,0,0
13,oracle_tile_loss,1111013,0.3500000000000001,0,0
13,oracle_tile_loss,1111013,0.40000000000000013,0,0
13,oracle_tile_loss,1111013,0.45000000000000007,0,0
13,oracle_tile_loss,1111013,0.5000000000000001,0,0
13,oracle_tile_loss,1111013,0.5500000000000002,0,0
13,oracle_tile_loss,1111013,0.6000000000000002,0,0
13,oracle_tile_loss,1111013,0.6500000000000001,0,0
13,oracle_tile_loss,1111013,0.7000000000000002,0,0
13,oracle_tile_loss,1111013,0.7500000000000002,0,0
13,oracle_tile_loss,1111013,0.8000000000000002,0,0
13,oracle_tile_loss,1111013,0.8500000000000002,0,0
13,oracle_tile_loss,1111013,0.9000000000000002,0,0
13,oracle_tile_loss,1111013,0.9500000000000003,0,0
13,oracle_tile_loss,1111013,1.0000000000000004,0,0
13,oracle_tile_loss,205,0.1,1,1
13,oracle_tile_loss,205,0.15000000000000002,1,1
13,oracle_tile_loss,205,0.20000000000000004,1,1
13,oracle_tile_loss,205,0.25000000000000006,1,1
13,oracle_tile_loss,205,0.30000000000000004,1,1
13,oracle_tile_loss,205,0.3500000000000001,1,1
13,oracle_tile_loss,205,0.40000000000000013,1,1
13,oracle_tile_loss,205,0.45000000000000007,1,1
13,oracle_tile_loss,205,0.5000000000000001,1,0
13,oracle_tile_loss,205,0.5500000000000002,1,0
13,oracle_tile_loss,205,0.6000000000000002,1,0
13,oracle_tile_loss,205,0.6500000000000001,1,0
13,oracle_tile_loss,205,0.7000000000000002,1,0
13,oracle_tile_loss,205,0.7500000000000002,0,0
13,oracle_tile_loss,205,0.8000000000000002,0,0
13,oracle_tile_loss,205,0.8500000000000002,0,0
13,oracle_tile_loss,205,0.9000000000000002,0,0
13,oracle_tile_loss,205,0.9500000000000003,0,0
13,oracle_tile_loss,205,1.0000000000000004,0,0
13,oracle_tile_loss,277,0.1,1,1
13,oracle_tile_loss,277,0.15000000000000002,1,1
13,oracle_tile_loss,277,0.20000000000000004,1,1
13,oracle_tile_loss,277,0.25000000000000006,1,1
13,oracle_tile_loss,277,0.30000000000000004,1,1
13,oracle_tile_loss,277,0.3500000000000001,1,1
13,oracle_tile_loss,277,0.40000000000000013,1,1
13,oracle_tile_loss,277,0.45000000000000007,0,0
13,oracle_tile_loss,277,0.5000000000000001,0,0
13,oracle_tile_loss,277,0.5500000000000002,0,0
13,oracle_tile_loss,277,0.6000000000000002,0,0
13,oracle_tile_loss,277,0.6500000000000001,0,0
13,oracle_tile_loss,277,0.7000000000000002,0,0
13,oracle_tile_loss,277,0.7500000000000002,0,0
13,oracle_tile_loss,277,0.8000000000000002,0,0
13,oracle_tile_loss,277,0.8500000000000002,0,0
13,oracle_tile_loss,277,0.9000000000000002,0,0
13,oracle_tile_loss,277,0.9500000000000003,0,0
13,oracle_tile_loss,277,1.0000000000000004,0,0
13,oracle_tile_loss,321,0.1,1,1
13,oracle_tile_loss,321,0.15000000000000002,1,1
13,oracle_tile_loss,321,0.20000000000000004,1,1
13,oracle_tile_loss,321,0.25000000000000006,1,1
13,oracle_tile_loss,321,0.30000000000000004,1,1
13,oracle_tile_loss,321,0.3500000000000001,1,0
13,oracle_tile_loss,321,0.40000000000000013,1,0
13,oracle_tile_loss,321,0.45000000000000007,0,0
13,oracle_tile_loss,321,0.5000000000000001,0,0
13,oracle_tile_loss,321,0.5500000000000002,0,0
13,oracle_tile_loss,321,0.6000000000000002,0,0
13,oracle_tile_loss,321,0.6500000000000001,0,0
13,oracle_tile_loss,321,0.7000000000000002,0,0
13,oracle_tile_loss,321,0.7500000000000002,0,0
13,oracle_tile_loss,321,0.8000000000000002,0,0
13,oracle_tile_loss,321,0.8500000000000002,0,0
13,oracle_tile_loss,321,0.9000000000000002,0,0
13,oracle_tile_loss,321,0.9500000000000003,0,0
13,oracle_tile_loss,321,1.0000000000000004,0,0
13,oracle_tile_loss,411,0.1,1,1
13,oracle_tile_loss,411,0.15000000000000002,1,1
13,oracle_tile_loss,411,0.20000000000000004,1,1
13,oracle_tile_loss,411,0.25000000000000006,1,1
13,oracle_tile_loss,411,0.30000000000000004,1,1
13,oracle_tile_loss,411,0.3500000000000001,1,1
13,oracle_tile_loss,411,0.40000000000000013,1,1
13,oracle_tile_loss,411,0.45000000000000007,1,1
13,oracle_tile_loss,411,0.5000000000000001,1,1
13,oracle_tile_loss,411,0.5500000000000002,1,1
13,oracle_tile_loss,411,0.6000000000000002,1,1
13,oracle_tile_loss,411,0.6500000000000001,1,1
13,oracle_tile_loss,411,0.7000000000000002,1,1
13,oracle_tile_loss,411,0.7500000000000002,1,0
13,oracle_tile_loss,411,0.8000000000000002,1,0
13,oracle_tile_loss,411,0.8500000000000002,1,0
13,oracle_tile_loss,411,0.9000000000000002,1,0
13,oracle_tile_loss,411,0.9500000000000003,0,0
13,oracle_tile_loss,411,1.0000000000000004,0,0
13,oracle_tile_loss,445,0.1,1,1
13,oracle_tile_loss,445,0.15000000000000002,1,1
13,oracle_tile_loss,445,0.20000000000000004,1,1
13,oracle_tile_loss,445,0.25000000000000006,1,1
13,oracle_tile_loss,445,0.30000000000000004,1,1
13,oracle_tile_loss,445,0.3500000000000001,1,1
13,oracle_tile_loss,445,0.40000000000000013,1,1
13,oracle_tile_loss,445,0.45000000000000007,1,1
13,oracle_tile_loss,445,0.5000000000000001,1,1
13,oracle_tile_loss,445,0.5500000000000002,0,0
13,oracle_tile_loss,445,0.6000000000000002,0,0
13,oracle_tile_loss,445,0.6500000000000001,0,0
13,oracle_tile_loss,445,0.7000000000000002,0,0
13,oracle_tile_loss,445,0.7500000000000002,0,0
13,oracle_tile_loss,445,0.8000000000000002,0,0
13,oracle_tile_loss,445,0.8500000000000002,0,0
13,oracle_tile_loss,445,0.9000000000000002,0,0
13,oracle_tile_loss,445,0.9500000000000003,0,0
13,oracle_tile_loss,445,1.0000000000000004,0,0
13,oracle_tile_loss,561,0.1,1,1
13,oracle_tile_loss,561,0.15000000000000002,1,1
13,oracle_tile_loss,561,0.20000000000000004,1,1
13,oracle_tile_loss,561,0.25000000000000006,1,1
13,oracle_tile_loss,561,0.30000000000000004,0,0
13,oracle_tile_loss,561,0.3500000000000001,0,0
13,oracle_tile_loss,561,0.40000000000000013,0,0
13,oracle_tile_loss,561,0.45000000000000007,0,0
13,oracle_tile_loss,561,0.5000000000000001,0,0
13,oracle_tile_loss,561,0.5500000000000002,0,0
13,oracle_tile_loss,561,0.6000000000000002,0,0
13,oracle_tile_loss,561,0.6500000000000001,0,0
13,oracle_tile_loss,561,0.7000000000000002,0,0
13,oracle_tile_loss,561,0.7500000000000002,0,0
13,oracle_tile_loss,561,0.8000000000000002,0,0
13,oracle_tile_loss,561,0.8500000000000002,0,0
13,oracle_tile_loss,561,0.9000000000000002,0,0
13,oracle_tile_loss,561,0.9500000000000003,0,0
13,oracle_tile_loss,561,1.0000000000000004,0,0
13,oracle_tile_loss,562,0.1,1,1
13,oracle_tile_loss,562,0.15000000000000002,0,0
13,oracle_tile_loss,562,0.20000000000000004,0,0
13,oracle_tile_loss,562,0.25000000000000006,0,0
13,oracle_tile_loss,562,0.30000000000000004,0,0
13,oracle_tile_loss,562,0.3500000000000001,0,0
13,oracle_tile_loss,562,0.40000000000000013,0,0
13,oracle_tile_loss,562,0.45000000000000007,0,0
13,oracle_tile_loss,562,0.5000000000000001,0,0
13,oracle_tile_loss,562,0.5500000000000002,0,0
13,oracle_tile_loss,562,0.6000000000000002,0,0
13,oracle_tile_loss,562,0.6500000000000001,0,0
13,oracle_tile_loss,562,0.7000000000000002,0,0
13,oracle_tile_loss,562,0.7500000000000002,0,0
13,oracle_tile_loss,562,0.8000000000000002,0,0
13,oracle_tile_loss,562,0.8500000000000002,0,0
13,oracle_tile_loss,562,0.9000000000000002,0,0
13,oracle_tile_loss,562,0.9500000000000003,0,0
13,oracle_tile_loss,562,1.0000000000000004,0,0
37,georisk_v2,1111002,0.1,1,0
37,georisk_v2,1111002,0.15000000000000002,1,0
37,georisk_v2,1111002,0.20000000000000004,1,0
37,georisk_v2,1111002,0.25000000000000006,1,0
37,georisk_v2,1111002,0.30000000000000004,0,0
37,georisk_v2,1111002,0.3500000000000001,0,0
37,georisk_v2,1111002,0.40000000000000013,0,0
37,georisk_v2,1111002,0.45000000000000007,0,0
37,georisk_v2,1111002,0.5000000000000001,0,0
37,georisk_v2,1111002,0.5500000000000002,0,0
37,georisk_v2,1111002,0.6000000000000002,0,0
37,georisk_v2,1111002,0.6500000000000001,0,0
37,georisk_v2,1111002,0.7000000000000002,0,0
37,georisk_v2,1111002,0.7500000000000002,0,0
37,georisk_v2,1111002,0.8000000000000002,0,0
37,georisk_v2,1111002,0.8500000000000002,0,0
37,georisk_v2,1111002,0.9000000000000002,0,0
37,georisk_v2,1111002,0.9500000000000003,0,0
37,georisk_v2,1111002,1.0000000000000004,0,0
37,georisk_v2,1111007,0.1,0,0
37,georisk_v2,1111007,0.15000000000000002,0,0
37,georisk_v2,1111007,0.20000000000000004,0,0
37,georisk_v2,1111007,0.25000000000000006,0,0
37,georisk_v2,1111007,0.30000000000000004,0,0
37,georisk_v2,1111007,0.3500000000000001,0,0
37,georisk_v2,1111007,0.40000000000000013,0,0
37,georisk_v2,1111007,0.45000000000000007,0,0
37,georisk_v2,1111007,0.5000000000000001,0,0
37,georisk_v2,1111007,0.5500000000000002,0,0
37,georisk_v2,1111007,0.6000000000000002,0,0
37,georisk_v2,1111007,0.6500000000000001,0,0
37,georisk_v2,1111007,0.7000000000000002,0,0
37,georisk_v2,1111007,0.7500000000000002,0,0
37,georisk_v2,1111007,0.8000000000000002,0,0
37,georisk_v2,1111007,0.8500000000000002,0,0
37,georisk_v2,1111007,0.9000000000000002,0,0
37,georisk_v2,1111007,0.9500000000000003,0,0
37,georisk_v2,1111007,1.0000000000000004,0,0
37,georisk_v2,1111013,0.1,0,0
37,georisk_v2,1111013,0.15000000000000002,0,0
37,georisk_v2,1111013,0.20000000000000004,0,0
37,georisk_v2,1111013,0.25000000000000006,0,0
37,georisk_v2,1111013,0.30000000000000004,0,0
37,georisk_v2,1111013,0.3500000000000001,0,0
37,georisk_v2,1111013,0.40000000000000013,0,0
37,georisk_v2,1111013,0.45000000000000007,0,0
37,georisk_v2,1111013,0.5000000000000001,0,0
37,georisk_v2,1111013,0.5500000000000002,0,0
37,georisk_v2,1111013,0.6000000000000002,0,0
37,georisk_v2,1111013,0.6500000000000001,0,0
37,georisk_v2,1111013,0.7000000000000002,0,0
37,georisk_v2,1111013,0.7500000000000002,0,0
37,georisk_v2,1111013,0.8000000000000002,0,0
37,georisk_v2,1111013,0.8500000000000002,0,0
37,georisk_v2,1111013,0.9000000000000002,0,0
37,georisk_v2,1111013,0.9500000000000003,0,0
37,georisk_v2,1111013,1.0000000000000004,0,0
37,georisk_v2,205,0.1,1,1
37,georisk_v2,205,0.15000000000000002,1,1
37,georisk_v2,205,0.20000000000000004,1,0
37,georisk_v2,205,0.25000000000000006,0,0
37,georisk_v2,205,0.30000000000000004,0,0
37,georisk_v2,205,0.3500000000000001,0,0
37,georisk_v2,205,0.40000000000000013,0,0
37,georisk_v2,205,0.45000000000000007,0,0
37,georisk_v2,205,0.5000000000000001,0,0
37,georisk_v2,205,0.5500000000000002,0,0
37,georisk_v2,205,0.6000000000000002,0,0
37,georisk_v2,205,0.6500000000000001,0,0
37,georisk_v2,205,0.7000000000000002,0,0
37,georisk_v2,205,0.7500000000000002,0,0
37,georisk_v2,205,0.8000000000000002,0,0
37,georisk_v2,205,0.8500000000000002,0,0
37,georisk_v2,205,0.9000000000000002,0,0
37,georisk_v2,205,0.9500000000000003,0,0
37,georisk_v2,205,1.0000000000000004,0,0
37,georisk_v2,277,0.1,1,1
37,georisk_v2,277,0.15000000000000002,1,1
37,georisk_v2,277,0.20000000000000004,1,0
37,georisk_v2,277,0.25000000000000006,1,0
37,georisk_v2,277,0.30000000000000004,1,0
37,georisk_v2,277,0.3500000000000001,0,0
37,georisk_v2,277,0.40000000000000013,0,0
37,georisk_v2,277,0.45000000000000007,0,0
37,georisk_v2,277,0.5000000000000001,0,0
37,georisk_v2,277,0.5500000000000002,0,0
37,georisk_v2,277,0.6000000000000002,0,0
37,georisk_v2,277,0.6500000000000001,0,0
37,georisk_v2,277,0.7000000000000002,0,0
37,georisk_v2,277,0.7500000000000002,0,0
37,georisk_v2,277,0.8000000000000002,0,0
37,georisk_v2,277,0.8500000000000002,0,0
37,georisk_v2,277,0.9000000000000002,0,0
37,georisk_v2,277,0.9500000000000003,0,0
37,georisk_v2,277,1.0000000000000004,0,0
37,georisk_v2,321,0.1,1,1
37,georisk_v2,321,0.15000000000000002,1,1
37,georisk_v2,321,0.20000000000000004,0,1
37,georisk_v2,321,0.25000000000000006,0,0
37,georisk_v2,321,0.30000000000000004,0,0
37,georisk_v2,321,0.3500000000000001,0,0
37,georisk_v2,321,0.40000000000000013,0,0
37,georisk_v2,321,0.45000000000000007,0,0
37,georisk_v2,321,0.5000000000000001,0,0
37,georisk_v2,321,0.5500000000000002,0,0
37,georisk_v2,321,0.6000000000000002,0,0
37,georisk_v2,321,0.6500000000000001,0,0
37,georisk_v2,321,0.7000000000000002,0,0
37,georisk_v2,321,0.7500000000000002,0,0
37,georisk_v2,321,0.8000000000000002,0,0
37,georisk_v2,321,0.8500000000000002,0,0
37,georisk_v2,321,0.9000000000000002,0,0
37,georisk_v2,321,0.9500000000000003,0,0
37,georisk_v2,321,1.0000000000000004,0,0
37,georisk_v2,411,0.1,1,1
37,georisk_v2,411,0.15000000000000002,1,1
37,georisk_v2,411,0.20000000000000004,1,1
37,georisk_v2,411,0.25000000000000006,1,1
37,georisk_v2,411,0.30000000000000004,1,1
37,georisk_v2,411,0.3500000000000001,1,1
37,georisk_v2,411,0.40000000000000013,1,1
37,georisk_v2,411,0.45000000000000007,1,1
37,georisk_v2,411,0.5000000000000001,1,1
37,georisk_v2,411,0.5500000000000002,1,1
37,georisk_v2,411,0.6000000000000002,1,1
37,georisk_v2,411,0.6500000000000001,0,1
37,georisk_v2,411,0.7000000000000002,0,1
37,georisk_v2,411,0.7500000000000002,0,0
37,georisk_v2,411,0.8000000000000002,0,0
37,georisk_v2,411,0.8500000000000002,0,0
37,georisk_v2,411,0.9000000000000002,0,0
37,georisk_v2,411,0.9500000000000003,0,0
37,georisk_v2,411,1.0000000000000004,0,0
37,georisk_v2,445,0.1,1,1
37,georisk_v2,445,0.15000000000000002,1,1
37,georisk_v2,445,0.20000000000000004,1,1
37,georisk_v2,445,0.25000000000000006,1,1
37,georisk_v2,445,0.30000000000000004,1,1
37,georisk_v2,445,0.3500000000000001,0,0
37,georisk_v2,445,0.40000000000000013,0,0
37,georisk_v2,445,0.45000000000000007,0,0
37,georisk_v2,445,0.5000000000000001,0,0
37,georisk_v2,445,0.5500000000000002,0,0
37,georisk_v2,445,0.6000000000000002,0,0
37,georisk_v2,445,0.6500000000000001,0,0
37,georisk_v2,445,0.7000000000000002,0,0
37,georisk_v2,445,0.7500000000000002,0,0
37,georisk_v2,445,0.8000000000000002,0,0
37,georisk_v2,445,0.8500000000000002,0,0
37,georisk_v2,445,0.9000000000000002,0,0
37,georisk_v2,445,0.9500000000000003,0,0
37,georisk_v2,445,1.0000000000000004,0,0
37,georisk_v2,561,0.1,1,1
37,georisk_v2,561,0.15000000000000002,0,0
37,georisk_v2,561,0.20000000000000004,0,0
37,georisk_v2,561,0.25000000000000006,0,0
37,georisk_v2,561,0.30000000000000004,0,0
37,georisk_v2,561,0.3500000000000001,0,0
37,georisk_v2,561,0.40000000000000013,0,0
37,georisk_v2,561,0.45000000000000007,0,0
37,georisk_v2,561,0.5000000000000001,0,0
37,georisk_v2,561,0.5500000000000002,0,0
37,georisk_v2,561,0.6000000000000002,0,0
37,georisk_v2,561,0.6500000000000001,0,0
37,georisk_v2,561,0.7000000000000002,0,0
37,georisk_v2,561,0.7500000000000002,0,0
37,georisk_v2,561,0.8000000000000002,0,0
37,georisk_v2,561,0.8500000000000002,0,0
37,georisk_v2,561,0.9000000000000002,0,0
37,georisk_v2,561,0.9500000000000003,0,0
37,georisk_v2,561,1.0000000000000004,0,0
37,georisk_v2,562,0.1,0,0
37,georisk_v2,562,0.15000000000000002,0,0
37,georisk_v2,562,0.20000000000000004,0,0
37,georisk_v2,562,0.25000000000000006,0,0
37,georisk_v2,562,0.30000000000000004,0,0
37,georisk_v2,562,0.3500000000000001,0,0
37,georisk_v2,562,0.40000000000000013,0,0
37,georisk_v2,562,0.45000000000000007,0,0
37,georisk_v2,562,0.5000000000000001,0,0
37,georisk_v2,562,0.5500000000000002,0,0
37,georisk_v2,562,0.6000000000000002,0,0
37,georisk_v2,562,0.6500000000000001,0,0
37,georisk_v2,562,0.7000000000000002,0,0
37,georisk_v2,562,0.7500000000000002,0,0
37,georisk_v2,562,0.8000000000000002,0,0
37,georisk_v2,562,0.8500000000000002,0,0
37,georisk_v2,562,0.9000000000000002,0,0
37,georisk_v2,562,0.9500000000000003,0,0
37,georisk_v2,562,1.0000000000000004,0,0
37,self_dice_risk_multiclass,1111002,0.1,1,0
37,self_dice_risk_multiclass,1111002,0.15000000000000002,1,0
37,self_dice_risk_multiclass,1111002,0.20000000000000004,1,0
37,self_dice_risk_multiclass,1111002,0.25000000000000006,1,0
37,self_dice_risk_multiclass,1111002,0.30000000000000004,0,0
37,self_dice_risk_multiclass,1111002,0.3500000000000001,0,0
37,self_dice_risk_multiclass,1111002,0.40000000000000013,0,0
37,self_dice_risk_multiclass,1111002,0.45000000000000007,0,0
37,self_dice_risk_multiclass,1111002,0.5000000000000001,0,0
37,self_dice_risk_multiclass,1111002,0.5500000000000002,0,0
37,self_dice_risk_multiclass,1111002,0.6000000000000002,0,0
37,self_dice_risk_multiclass,1111002,0.6500000000000001,0,0
37,self_dice_risk_multiclass,1111002,0.7000000000000002,0,0
37,self_dice_risk_multiclass,1111002,0.7500000000000002,0,0
37,self_dice_risk_multiclass,1111002,0.8000000000000002,0,0
37,self_dice_risk_multiclass,1111002,0.8500000000000002,0,0
37,self_dice_risk_multiclass,1111002,0.9000000000000002,0,0
37,self_dice_risk_multiclass,1111002,0.9500000000000003,0,0
37,self_dice_risk_multiclass,1111002,1.0000000000000004,0,0
37,self_dice_risk_multiclass,1111007,0.1,0,0
37,self_dice_risk_multiclass,1111007,0.15000000000000002,0,0
37,self_dice_risk_multiclass,1111007,0.20000000000000004,0,0
37,self_dice_risk_multiclass,1111007,0.25000000000000006,0,0
37,self_dice_risk_multiclass,1111007,0.30000000000000004,0,0
37,self_dice_risk_multiclass,1111007,0.3500000000000001,0,0
37,self_dice_risk_multiclass,1111007,0.40000000000000013,0,0
37,self_dice_risk_multiclass,1111007,0.45000000000000007,0,0
37,self_dice_risk_multiclass,1111007,0.5000000000000001,0,0
37,self_dice_risk_multiclass,1111007,0.5500000000000002,0,0
37,self_dice_risk_multiclass,1111007,0.6000000000000002,0,0
37,self_dice_risk_multiclass,1111007,0.6500000000000001,0,0
37,self_dice_risk_multiclass,1111007,0.7000000000000002,0,0
37,self_dice_risk_multiclass,1111007,0.7500000000000002,0,0
37,self_dice_risk_multiclass,1111007,0.8000000000000002,0,0
37,self_dice_risk_multiclass,1111007,0.8500000000000002,0,0
37,self_dice_risk_multiclass,1111007,0.9000000000000002,0,0
37,self_dice_risk_multiclass,1111007,0.9500000000000003,0,0
37,self_dice_risk_multiclass,1111007,1.0000000000000004,0,0
37,self_dice_risk_multiclass,1111013,0.1,0,0
37,self_dice_risk_multiclass,1111013,0.15000000000000002,0,0
37,self_dice_risk_multiclass,1111013,0.20000000000000004,0,0
37,self_dice_risk_multiclass,1111013,0.25000000000000006,0,0
37,self_dice_risk_multiclass,1111013,0.30000000000000004,0,0
37,self_dice_risk_multiclass,1111013,0.3500000000000001,0,0
37,self_dice_risk_multiclass,1111013,0.40000000000000013,0,0
37,self_dice_risk_multiclass,1111013,0.45000000000000007,0,0
37,self_dice_risk_multiclass,1111013,0.5000000000000001,0,0
37,self_dice_risk_multiclass,1111013,0.5500000000000002,0,0
37,self_dice_risk_multiclass,1111013,0.6000000000000002,0,0
37,self_dice_risk_multiclass,1111013,0.6500000000000001,0,0
37,self_dice_risk_multiclass,1111013,0.7000000000000002,0,0
37,self_dice_risk_multiclass,1111013,0.7500000000000002,0,0
37,self_dice_risk_multiclass,1111013,0.8000000000000002,0,0
37,self_dice_risk_multiclass,1111013,0.8500000000000002,0,0
37,self_dice_risk_multiclass,1111013,0.9000000000000002,0,0
37,self_dice_risk_multiclass,1111013,0.9500000000000003,0,0
37,self_dice_risk_multiclass,1111013,1.0000000000000004,0,0
37,self_dice_risk_multiclass,205,0.1,1,1
37,self_dice_risk_multiclass,205,0.15000000000000002,1,1
37,self_dice_risk_multiclass,205,0.20000000000000004,1,0
37,self_dice_risk_multiclass,205,0.25000000000000006,0,0
37,self_dice_risk_multiclass,205,0.30000000000000004,0,0
37,self_dice_risk_multiclass,205,0.3500000000000001,0,0
37,self_dice_risk_multiclass,205,0.40000000000000013,0,0
37,self_dice_risk_multiclass,205,0.45000000000000007,0,0
37,self_dice_risk_multiclass,205,0.5000000000000001,0,0
37,self_dice_risk_multiclass,205,0.5500000000000002,0,0
37,self_dice_risk_multiclass,205,0.6000000000000002,0,0
37,self_dice_risk_multiclass,205,0.6500000000000001,0,0
37,self_dice_risk_multiclass,205,0.7000000000000002,0,0
37,self_dice_risk_multiclass,205,0.7500000000000002,0,0
37,self_dice_risk_multiclass,205,0.8000000000000002,0,0
37,self_dice_risk_multiclass,205,0.8500000000000002,0,0
37,self_dice_risk_multiclass,205,0.9000000000000002,0,0
37,self_dice_risk_multiclass,205,0.9500000000000003,0,0
37,self_dice_risk_multiclass,205,1.0000000000000004,0,0
37,self_dice_risk_multiclass,277,0.1,1,1
37,self_dice_risk_multiclass,277,0.15000000000000002,1,1
37,self_dice_risk_multiclass,277,0.20000000000000004,1,0
37,self_dice_risk_multiclass,277,0.25000000000000006,1,0
37,self_dice_risk_multiclass,277,0.30000000000000004,1,0
37,self_dice_risk_multiclass,277,0.3500000000000001,0,0
37,self_dice_risk_multiclass,277,0.40000000000000013,0,0
37,self_dice_risk_multiclass,277,0.45000000000000007,0,0
37,self_dice_risk_multiclass,277,0.5000000000000001,0,0
37,self_dice_risk_multiclass,277,0.5500000000000002,0,0
37,self_dice_risk_multiclass,277,0.6000000000000002,0,0
37,self_dice_risk_multiclass,277,0.6500000000000001,0,0
37,self_dice_risk_multiclass,277,0.7000000000000002,0,0
37,self_dice_risk_multiclass,277,0.7500000000000002,0,0
37,self_dice_risk_multiclass,277,0.8000000000000002,0,0
37,self_dice_risk_multiclass,277,0.8500000000000002,0,0
37,self_dice_risk_multiclass,277,0.9000000000000002,0,0
37,self_dice_risk_multiclass,277,0.9500000000000003,0,0
37,self_dice_risk_multiclass,277,1.0000000000000004,0,0
37,self_dice_risk_multiclass,321,0.1,1,1
37,self_dice_risk_multiclass,321,0.15000000000000002,1,1
37,self_dice_risk_multiclass,321,0.20000000000000004,0,1
37,self_dice_risk_multiclass,321,0.25000000000000006,0,0
37,self_dice_risk_multiclass,321,0.30000000000000004,0,0
37,self_dice_risk_multiclass,321,0.3500000000000001,0,0
37,self_dice_risk_multiclass,321,0.40000000000000013,0,0
37,self_dice_risk_multiclass,321,0.45000000000000007,0,0
37,self_dice_risk_multiclass,321,0.5000000000000001,0,0
37,self_dice_risk_multiclass,321,0.5500000000000002,0,0
37,self_dice_risk_multiclass,321,0.6000000000000002,0,0
37,self_dice_risk_multiclass,321,0.6500000000000001,0,0
37,self_dice_risk_multiclass,321,0.7000000000000002,0,0
37,self_dice_risk_multiclass,321,0.7500000000000002,0,0
37,self_dice_risk_multiclass,321,0.8000000000000002,0,0
37,self_dice_risk_multiclass,321,0.8500000000000002,0,0
37,self_dice_risk_multiclass,321,0.9000000000000002,0,0
37,self_dice_risk_multiclass,321,0.9500000000000003,0,0
37,self_dice_risk_multiclass,321,1.0000000000000004,0,0
37,self_dice_risk_multiclass,411,0.1,1,1
37,self_dice_risk_multiclass,411,0.15000000000000002,1,1
37,self_dice_risk_multiclass,411,0.20000000000000004,1,1
37,self_dice_risk_multiclass,411,0.25000000000000006,1,1
37,self_dice_risk_multiclass,411,0.30000000000000004,1,1
37,self_dice_risk_multiclass,411,0.3500000000000001,1,1
37,self_dice_risk_multiclass,411,0.40000000000000013,1,1
37,self_dice_risk_multiclass,411,0.45000000000000007,1,1
37,self_dice_risk_multiclass,411,0.5000000000000001,1,1
37,self_dice_risk_multiclass,411,0.5500000000000002,1,1
37,self_dice_risk_multiclass,411,0.6000000000000002,1,1
37,self_dice_risk_multiclass,411,0.6500000000000001,0,1
37,self_dice_risk_multiclass,411,0.7000000000000002,0,1
37,self_dice_risk_multiclass,411,0.7500000000000002,0,0
37,self_dice_risk_multiclass,411,0.8000000000000002,0,0
37,self_dice_risk_multiclass,411,0.8500000000000002,0,0
37,self_dice_risk_multiclass,411,0.9000000000000002,0,0
37,self_dice_risk_multiclass,411,0.9500000000000003,0,0
37,self_dice_risk_multiclass,411,1.0000000000000004,0,0
37,self_dice_risk_multiclass,445,0.1,1,1
37,self_dice_risk_multiclass,445,0.15000000000000002,1,1
37,self_dice_risk_multiclass,445,0.20000000000000004,1,1
37,self_dice_risk_multiclass,445,0.25000000000000006,1,1
37,self_dice_risk_multiclass,445,0.30000000000000004,1,1
37,self_dice_risk_multiclass,445,0.3500000000000001,0,0
37,self_dice_risk_multiclass,445,0.40000000000000013,0,0
37,self_dice_risk_multiclass,445,0.45000000000000007,0,0
37,self_dice_risk_multiclass,445,0.5000000000000001,0,0
37,self_dice_risk_multiclass,445,0.5500000000000002,0,0
37,self_dice_risk_multiclass,445,0.6000000000000002,0,0
37,self_dice_risk_multiclass,445,0.6500000000000001,0,0
37,self_dice_risk_multiclass,445,0.7000000000000002,0,0
37,self_dice_risk_multiclass,445,0.7500000000000002,0,0
37,self_dice_risk_multiclass,445,0.8000000000000002,0,0
37,self_dice_risk_multiclass,445,0.8500000000000002,0,0
37,self_dice_risk_multiclass,445,0.9000000000000002,0,0
37,self_dice_risk_multiclass,445,0.9500000000000003,0,0
37,self_dice_risk_multiclass,445,1.0000000000000004,0,0
37,self_dice_risk_multiclass,561,0.1,1,1
37,self_dice_risk_multiclass,561,0.15000000000000002,0,0
37,self_dice_risk_multiclass,561,0.20000000000000004,0,0
37,self_dice_risk_multiclass,561,0.25000000000000006,0,0
37,self_dice_risk_multiclass,561,0.30000000000000004,0,0
37,self_dice_risk_multiclass,561,0.3500000000000001,0,0
37,self_dice_risk_multiclass,561,0.40000000000000013,0,0
37,self_dice_risk_multiclass,561,0.45000000000000007,0,0
37,self_dice_risk_multiclass,561,0.5000000000000001,0,0
37,self_dice_risk_multiclass,561,0.5500000000000002,0,0
37,self_dice_risk_multiclass,561,0.6000000000000002,0,0
37,self_dice_risk_multiclass,561,0.6500000000000001,0,0
37,self_dice_risk_multiclass,561,0.7000000000000002,0,0
37,self_dice_risk_multiclass,561,0.7500000000000002,0,0
37,self_dice_risk_multiclass,561,0.8000000000000002,0,0
37,self_dice_risk_multiclass,561,0.8500000000000002,0,0
37,self_dice_risk_multiclass,561,0.9000000000000002,0,0
37,self_dice_risk_multiclass,561,0.9500000000000003,0,0
37,self_dice_risk_multiclass,561,1.0000000000000004,0,0
37,self_dice_risk_multiclass,562,0.1,0,0
37,self_dice_risk_multiclass,562,0.15000000000000002,0,0
37,self_dice_risk_multiclass,562,0.20000000000000004,0,0
37,self_dice_risk_multiclass,562,0.25000000000000006,0,0
37,self_dice_risk_multiclass,562,0.30000000000000004,0,0
37,self_dice_risk_multiclass,562,0.3500000000000001,0,0
37,self_dice_risk_multiclass,562,0.40000000000000013,0,0
37,self_dice_risk_multiclass,562,0.45000000000000007,0,0
37,self_dice_risk_multiclass,562,0.5000000000000001,0,0
37,self_dice_risk_multiclass,562,0.5500000000000002,0,0
37,self_dice_risk_multiclass,562,0.6000000000000002,0,0
37,self_dice_risk_multiclass,562,0.6500000000000001,0,0
37,self_dice_risk_multiclass,562,0.7000000000000002,0,0
37,self_dice_risk_multiclass,562,0.7500000000000002,0,0
37,self_dice_risk_multiclass,562,0.8000000000000002,0,0
37,self_dice_risk_multiclass,562,0.8500000000000002,0,0
37,self_dice_risk_multiclass,562,0.9000000000000002,0,0
37,self_dice_risk_multiclass,562,0.9500000000000003,0,0
37,self_dice_risk_multiclass,562,1.0000000000000004,0,0
37,oracle_tile_loss,1111002,0.1,1,0
37,oracle_tile_loss,1111002,0.15000000000000002,0,0
37,oracle_tile_loss,1111002,0.20000000000000004,0,0
37,oracle_tile_loss,1111002,0.25000000000000006,0,0
37,oracle_tile_loss,1111002,0.30000000000000004,0,0
37,oracle_tile_loss,1111002,0.3500000000000001,0,0
37,oracle_tile_loss,1111002,0.40000000000000013,0,0
37,oracle_tile_loss,1111002,0.45000000000000007,0,0
37,oracle_tile_loss,1111002,0.5000000000000001,0,0
37,oracle_tile_loss,1111002,0.5500000000000002,0,0
37,oracle_tile_loss,1111002,0.6000000000000002,0,0
37,oracle_tile_loss,1111002,0.6500000000000001,0,0
37,oracle_tile_loss,1111002,0.7000000000000002,0,0
37,oracle_tile_loss,1111002,0.7500000000000002,0,0
37,oracle_tile_loss,1111002,0.8000000000000002,0,0
37,oracle_tile_loss,1111002,0.8500000000000002,0,0
37,oracle_tile_loss,1111002,0.9000000000000002,0,0
37,oracle_tile_loss,1111002,0.9500000000000003,0,0
37,oracle_tile_loss,1111002,1.0000000000000004,0,0
37,oracle_tile_loss,1111007,0.1,1,1
37,oracle_tile_loss,1111007,0.15000000000000002,1,1
37,oracle_tile_loss,1111007,0.20000000000000004,0,0
37,oracle_tile_loss,1111007,0.25000000000000006,0,0
37,oracle_tile_loss,1111007,0.30000000000000004,0,0
37,oracle_tile_loss,1111007,0.3500000000000001,0,0
37,oracle_tile_loss,1111007,0.40000000000000013,0,0
37,oracle_tile_loss,1111007,0.45000000000000007,0,0
37,oracle_tile_loss,1111007,0.5000000000000001,0,0
37,oracle_tile_loss,1111007,0.5500000000000002,0,0
37,oracle_tile_loss,1111007,0.6000000000000002,0,0
37,oracle_tile_loss,1111007,0.6500000000000001,0,0
37,oracle_tile_loss,1111007,0.7000000000000002,0,0
37,oracle_tile_loss,1111007,0.7500000000000002,0,0
37,oracle_tile_loss,1111007,0.8000000000000002,0,0
37,oracle_tile_loss,1111007,0.8500000000000002,0,0
37,oracle_tile_loss,1111007,0.9000000000000002,0,0
37,oracle_tile_loss,1111007,0.9500000000000003,0,0
37,oracle_tile_loss,1111007,1.0000000000000004,0,0
37,oracle_tile_loss,1111013,0.1,1,1
37,oracle_tile_loss,1111013,0.15000000000000002,1,1
37,oracle_tile_loss,1111013,0.20000000000000004,0,0
37,oracle_tile_loss,1111013,0.25000000000000006,0,0
37,oracle_tile_loss,1111013,0.30000000000000004,0,0
37,oracle_tile_loss,1111013,0.3500000000000001,0,0
37,oracle_tile_loss,1111013,0.40000000000000013,0,0
37,oracle_tile_loss,1111013,0.45000000000000007,0,0
37,oracle_tile_loss,1111013,0.5000000000000001,0,0
37,oracle_tile_loss,1111013,0.5500000000000002,0,0
37,oracle_tile_loss,1111013,0.6000000000000002,0,0
37,oracle_tile_loss,1111013,0.6500000000000001,0,0
37,oracle_tile_loss,1111013,0.7000000000000002,0,0
37,oracle_tile_loss,1111013,0.7500000000000002,0,0
37,oracle_tile_loss,1111013,0.8000000000000002,0,0
37,oracle_tile_loss,1111013,0.8500000000000002,0,0
37,oracle_tile_loss,1111013,0.9000000000000002,0,0
37,oracle_tile_loss,1111013,0.9500000000000003,0,0
37,oracle_tile_loss,1111013,1.0000000000000004,0,0
37,oracle_tile_loss,205,0.1,1,1
37,oracle_tile_loss,205,0.15000000000000002,1,1
37,oracle_tile_loss,205,0.20000000000000004,1,0
37,oracle_tile_loss,205,0.25000000000000006,0,0
37,oracle_tile_loss,205,0.30000000000000004,0,0
37,oracle_tile_loss,205,0.3500000000000001,0,0
37,oracle_tile_loss,205,0.40000000000000013,0,0
37,oracle_tile_loss,205,0.45000000000000007,0,0
37,oracle_tile_loss,205,0.5000000000000001,0,0
37,oracle_tile_loss,205,0.5500000000000002,0,0
37,oracle_tile_loss,205,0.6000000000000002,0,0
37,oracle_tile_loss,205,0.6500000000000001,0,0
37,oracle_tile_loss,205,0.7000000000000002,0,0
37,oracle_tile_loss,205,0.7500000000000002,0,0
37,oracle_tile_loss,205,0.8000000000000002,0,0
37,oracle_tile_loss,205,0.8500000000000002,0,0
37,oracle_tile_loss,205,0.9000000000000002,0,0
37,oracle_tile_loss,205,0.9500000000000003,0,0
37,oracle_tile_loss,205,1.0000000000000004,0,0
37,oracle_tile_loss,277,0.1,1,1
37,oracle_tile_loss,277,0.15000000000000002,1,1
37,oracle_tile_loss,277,0.20000000000000004,1,1
37,oracle_tile_loss,277,0.25000000000000006,1,1
37,oracle_tile_loss,277,0.30000000000000004,0,0
37,oracle_tile_loss,277,0.3500000000000001,0,0
37,oracle_tile_loss,277,0.40000000000000013,0,0
37,oracle_tile_loss,277,0.45000000000000007,0,0
37,oracle_tile_loss,277,0.5000000000000001,0,0
37,oracle_tile_loss,277,0.5500000000000002,0,0
37,oracle_tile_loss,277,0.6000000000000002,0,0
37,oracle_tile_loss,277,0.6500000000000001,0,0
37,oracle_tile_loss,277,0.7000000000000002,0,0
37,oracle_tile_loss,277,0.7500000000000002,0,0
37,oracle_tile_loss,277,0.8000000000000002,0,0
37,oracle_tile_loss,277,0.8500000000000002,0,0
37,oracle_tile_loss,277,0.9000000000000002,0,0
37,oracle_tile_loss,277,0.9500000000000003,0,0
37,oracle_tile_loss,277,1.0000000000000004,0,0
37,oracle_tile_loss,321,0.1,1,1
37,oracle_tile_loss,321,0.15000000000000002,1,1
37,oracle_tile_loss,321,0.20000000000000004,1,1
37,oracle_tile_loss,321,0.25000000000000006,1,0
37,oracle_tile_loss,321,0.30000000000000004,1,0
37,oracle_tile_loss,321,0.3500000000000001,0,0
37,oracle_tile_loss,321,0.40000000000000013,0,0
37,oracle_tile_loss,321,0.45000000000000007,0,0
37,oracle_tile_loss,321,0.5000000000000001,0,0
37,oracle_tile_loss,321,0.5500000000000002,0,0
37,oracle_tile_loss,321,0.6000000000000002,0,0
37,oracle_tile_loss,321,0.6500000000000001,0,0
37,oracle_tile_loss,321,0.7000000000000002,0,0
37,oracle_tile_loss,321,0.7500000000000002,0,0
37,oracle_tile_loss,321,0.8000000000000002,0,0
37,oracle_tile_loss,321,0.8500000000000002,0,0
37,oracle_tile_loss,321,0.9000000000000002,0,0
37,oracle_tile_loss,321,0.9500000000000003,0,0
37,oracle_tile_loss,321,1.0000000000000004,0,0
37,oracle_tile_loss,411,0.1,1,1
37,oracle_tile_loss,411,0.15000000000000002,1,1
37,oracle_tile_loss,411,0.20000000000000004,1,1
37,oracle_tile_loss,411,0.25000000000000006,1,1
37,oracle_tile_loss,411,0.30000000000000004,1,1
37,oracle_tile_loss,411,0.3500000000000001,1,1
37,oracle_tile_loss,411,0.40000000000000013,1,1
37,oracle_tile_loss,411,0.45000000000000007,1,1
37,oracle_tile_loss,411,0.5000000000000001,1,1
37,oracle_tile_loss,411,0.5500000000000002,1,1
37,oracle_tile_loss,411,0.6000000000000002,1,1
37,oracle_tile_loss,411,0.6500000000000001,0,1
37,oracle_tile_loss,411,0.7000000000000002,0,1
37,oracle_tile_loss,411,0.7500000000000002,0,0
37,oracle_tile_loss,411,0.8000000000000002,0,0
37,oracle_tile_loss,411,0.8500000000000002,0,0
37,oracle_tile_loss,411,0.9000000000000002,0,0
37,oracle_tile_loss,411,0.9500000000000003,0,0
37,oracle_tile_loss,411,1.0000000000000004,0,0
37,oracle_tile_loss,445,0.1,1,1
37,oracle_tile_loss,445,0.15000000000000002,1,1
37,oracle_tile_loss,445,0.20000000000000004,1,1
37,oracle_tile_loss,445,0.25000000000000006,1,1
37,oracle_tile_loss,445,0.30000000000000004,1,1
37,oracle_tile_loss,445,0.3500000000000001,0,1
37,oracle_tile_loss,445,0.40000000000000013,0,0
37,oracle_tile_loss,445,0.45000000000000007,0,0
37,oracle_tile_loss,445,0.5000000000000001,0,0
37,oracle_tile_loss,445,0.5500000000000002,0,0
37,oracle_tile_loss,445,0.6000000000000002,0,0
37,oracle_tile_loss,445,0.6500000000000001,0,0
37,oracle_tile_loss,445,0.7000000000000002,0,0
37,oracle_tile_loss,445,0.7500000000000002,0,0
37,oracle_tile_loss,445,0.8000000000000002,0,0
37,oracle_tile_loss,445,0.8500000000000002,0,0
37,oracle_tile_loss,445,0.9000000000000002,0,0
37,oracle_tile_loss,445,0.9500000000000003,0,0
37,oracle_tile_loss,445,1.0000000000000004,0,0
37,oracle_tile_loss,561,0.1,1,1
37,oracle_tile_loss,561,0.15000000000000002,0,0
37,oracle_tile_loss,561,0.20000000000000004,0,0
37,oracle_tile_loss,561,0.25000000000000006,0,0
37,oracle_tile_loss,561,0.30000000000000004,0,0
37,oracle_tile_loss,561,0.3500000000000001,0,0
37,oracle_tile_loss,561,0.40000000000000013,0,0
37,oracle_tile_loss,561,0.45000000000000007,0,0
37,oracle_tile_loss,561,0.5000000000000001,0,0
37,oracle_tile_loss,561,0.5500000000000002,0,0
37,oracle_tile_loss,561,0.6000000000000002,0,0
37,oracle_tile_loss,561,0.6500000000000001,0,0
37,oracle_tile_loss,561,0.7000000000000002,0,0
37,oracle_tile_loss,561,0.7500000000000002,0,0
37,oracle_tile_loss,561,0.8000000000000002,0,0
37,oracle_tile_loss,561,0.8500000000000002,0,0
37,oracle_tile_loss,561,0.9000000000000002,0,0
37,oracle_tile_loss,561,0.9500000000000003,0,0
37,oracle_tile_loss,561,1.0000000000000004,0,0
37,oracle_tile_loss,562,0.1,0,0
37,oracle_tile_loss,562,0.15000000000000002,0,0
37,oracle_tile_loss,562,0.20000000000000004,0,0
37,oracle_tile_loss,562,0.25000000000000006,0,0
37,oracle_tile_loss,562,0.30000000000000004,0,0
37,oracle_tile_loss,562,0.3500000000000001,0,0
37,oracle_tile_loss,562,0.40000000000000013,0,0
37,oracle_tile_loss,562,0.45000000000000007,0,0
37,oracle_tile_loss,562,0.5000000000000001,0,0
37,oracle_tile_loss,562,0.5500000000000002,0,0
37,oracle_tile_loss,562,0.6000000000000002,0,0
37,oracle_tile_loss,562,0.6500000000000001,0,0
37,oracle_tile_loss,562,0.7000000000000002,0,0
37,oracle_tile_loss,562,0.7500000000000002,0,0
37,oracle_tile_loss,562,0.8000000000000002,0,0
37,oracle_tile_loss,562,0.8500000000000002,0,0
37,oracle_tile_loss,562,0.9000000000000002,0,0
37,oracle_tile_loss,562,0.9500000000000003,0,0
37,oracle_tile_loss,562,1.0000000000000004,0,0
71,georisk_v2,1111002,0.1,1,0
71,georisk_v2,1111002,0.15000000000000002,1,0
71,georisk_v2,1111002,0.20000000000000004,1,0
71,georisk_v2,1111002,0.25000000000000006,1,0
71,georisk_v2,1111002,0.30000000000000004,0,0
71,georisk_v2,1111002,0.3500000000000001,0,0
71,georisk_v2,1111002,0.40000000000000013,0,0
71,georisk_v2,1111002,0.45000000000000007,0,0
71,georisk_v2,1111002,0.5000000000000001,0,0
71,georisk_v2,1111002,0.5500000000000002,0,0
71,georisk_v2,1111002,0.6000000000000002,0,0
71,georisk_v2,1111002,0.6500000000000001,0,0
71,georisk_v2,1111002,0.7000000000000002,0,0
71,georisk_v2,1111002,0.7500000000000002,0,0
71,georisk_v2,1111002,0.8000000000000002,0,0
71,georisk_v2,1111002,0.8500000000000002,0,0
71,georisk_v2,1111002,0.9000000000000002,0,0
71,georisk_v2,1111002,0.9500000000000003,0,0
71,georisk_v2,1111002,1.0000000000000004,0,0
71,georisk_v2,1111007,0.1,0,0
71,georisk_v2,1111007,0.15000000000000002,0,0
71,georisk_v2,1111007,0.20000000000000004,0,0
71,georisk_v2,1111007,0.25000000000000006,0,0
71,georisk_v2,1111007,0.30000000000000004,0,0
71,georisk_v2,1111007,0.3500000000000001,0,0
71,georisk_v2,1111007,0.40000000000000013,0,0
71,georisk_v2,1111007,0.45000000000000007,0,0
71,georisk_v2,1111007,0.5000000000000001,0,0
71,georisk_v2,1111007,0.5500000000000002,0,0
71,georisk_v2,1111007,0.6000000000000002,0,0
71,georisk_v2,1111007,0.6500000000000001,0,0
71,georisk_v2,1111007,0.7000000000000002,0,0
71,georisk_v2,1111007,0.7500000000000002,0,0
71,georisk_v2,1111007,0.8000000000000002,0,0
71,georisk_v2,1111007,0.8500000000000002,0,0
71,georisk_v2,1111007,0.9000000000000002,0,0
71,georisk_v2,1111007,0.9500000000000003,0,0
71,georisk_v2,1111007,1.0000000000000004,0,0
71,georisk_v2,1111013,0.1,0,0
71,georisk_v2,1111013,0.15000000000000002,0,0
71,georisk_v2,1111013,0.20000000000000004,0,0
71,georisk_v2,1111013,0.25000000000000006,0,0
71,georisk_v2,1111013,0.30000000000000004,0,0
71,georisk_v2,1111013,0.3500000000000001,0,0
71,georisk_v2,1111013,0.40000000000000013,0,0
71,georisk_v2,1111013,0.45000000000000007,0,0
71,georisk_v2,1111013,0.5000000000000001,0,0
71,georisk_v2,1111013,0.5500000000000002,0,0
71,georisk_v2,1111013,0.6000000000000002,0,0
71,georisk_v2,1111013,0.6500000000000001,0,0
71,georisk_v2,1111013,0.7000000000000002,0,0
71,georisk_v2,1111013,0.7500000000000002,0,0
71,georisk_v2,1111013,0.8000000000000002,0,0
71,georisk_v2,1111013,0.8500000000000002,0,0
71,georisk_v2,1111013,0.9000000000000002,0,0
71,georisk_v2,1111013,0.9500000000000003,0,0
71,georisk_v2,1111013,1.0000000000000004,0,0
71,georisk_v2,205,0.1,1,1
71,georisk_v2,205,0.15000000000000002,1,1
71,georisk_v2,205,0.20000000000000004,1,1
71,georisk_v2,205,0.25000000000000006,1,1
71,georisk_v2,205,0.30000000000000004,1,1
71,georisk_v2,205,0.3500000000000001,1,1
71,georisk_v2,205,0.40000000000000013,1,0
71,georisk_v2,205,0.45000000000000007,1,0
71,georisk_v2,205,0.5000000000000001,0,0
71,georisk_v2,205,0.5500000000000002,0,0
71,georisk_v2,205,0.6000000000000002,0,0
71,georisk_v2,205,0.6500000000000001,0,0
71,georisk_v2,205,0.7000000000000002,0,0
71,georisk_v2,205,0.7500000000000002,0,0
71,georisk_v2,205,0.8000000000000002,0,0
71,georisk_v2,205,0.8500000000000002,0,0
71,georisk_v2,205,0.9000000000000002,0,0
71,georisk_v2,205,0.9500000000000003,0,0
71,georisk_v2,205,1.0000000000000004,0,0
71,georisk_v2,277,0.1,1,1
71,georisk_v2,277,0.15000000000000002,1,1
71,georisk_v2,277,0.20000000000000004,1,1
71,georisk_v2,277,0.25000000000000006,0,1
71,georisk_v2,277,0.30000000000000004,0,1
71,georisk_v2,277,0.3500000000000001,0,1
71,georisk_v2,277,0.40000000000000013,0,0
71,georisk_v2,277,0.45000000000000007,0,0
71,georisk_v2,277,0.5000000000000001,0,0
71,georisk_v2,277,0.5500000000000002,0,0
71,georisk_v2,277,0.6000000000000002,0,0
71,georisk_v2,277,0.6500000000000001,0,0
71,georisk_v2,277,0.7000000000000002,0,0
71,georisk_v2,277,0.7500000000000002,0,0
71,georisk_v2,277,0.8000000000000002,0,0
71,georisk_v2,277,0.8500000000000002,0,0
71,georisk_v2,277,0.9000000000000002,0,0
71,georisk_v2,277,0.9500000000000003,0,0
71,georisk_v2,277,1.0000000000000004,0,0
71,georisk_v2,321,0.1,1,1
71,georisk_v2,321,0.15000000000000002,0,1
71,georisk_v2,321,0.20000000000000004,0,1
71,georisk_v2,321,0.25000000000000006,0,1
71,georisk_v2,321,0.30000000000000004,0,1
71,georisk_v2,321,0.3500000000000001,0,0
71,georisk_v2,321,0.40000000000000013,0,0
71,georisk_v2,321,0.45000000000000007,0,0
71,georisk_v2,321,0.5000000000000001,0,0
71,georisk_v2,321,0.5500000000000002,0,0
71,georisk_v2,321,0.6000000000000002,0,0
71,georisk_v2,321,0.6500000000000001,0,0
71,georisk_v2,321,0.7000000000000002,0,0
71,georisk_v2,321,0.7500000000000002,0,0
71,georisk_v2,321,0.8000000000000002,0,0
71,georisk_v2,321,0.8500000000000002,0,0
71,georisk_v2,321,0.9000000000000002,0,0
71,georisk_v2,321,0.9500000000000003,0,0
71,georisk_v2,321,1.0000000000000004,0,0
71,georisk_v2,411,0.1,1,1
71,georisk_v2,411,0.15000000000000002,1,1
71,georisk_v2,411,0.20000000000000004,1,1
71,georisk_v2,411,0.25000000000000006,1,1
71,georisk_v2,411,0.30000000000000004,1,1
71,georisk_v2,411,0.3500000000000001,1,1
71,georisk_v2,411,0.40000000000000013,1,1
71,georisk_v2,411,0.45000000000000007,1,1
71,georisk_v2,411,0.5000000000000001,1,1
71,georisk_v2,411,0.5500000000000002,1,1
71,georisk_v2,411,0.6000000000000002,1,1
71,georisk_v2,411,0.6500000000000001,1,1
71,georisk_v2,411,0.7000000000000002,1,1
71,georisk_v2,411,0.7500000000000002,1,0
71,georisk_v2,411,0.8000000000000002,1,0
71,georisk_v2,411,0.8500000000000002,0,0
71,georisk_v2,411,0.9000000000000002,0,0
71,georisk_v2,411,0.9500000000000003,0,0
71,georisk_v2,411,1.0000000000000004,0,0
71,georisk_v2,445,0.1,1,1
71,georisk_v2,445,0.15000000000000002,1,1
71,georisk_v2,445,0.20000000000000004,1,1
71,georisk_v2,445,0.25000000000000006,0,1
71,georisk_v2,445,0.30000000000000004,0,1
71,georisk_v2,445,0.3500000000000001,0,1
71,georisk_v2,445,0.40000000000000013,0,1
71,georisk_v2,445,0.45000000000000007,0,1
71,georisk_v2,445,0.5000000000000001,0,0
71,georisk_v2,445,0.5500000000000002,0,0
71,georisk_v2,445,0.6000000000000002,0,0
71,georisk_v2,445,0.6500000000000001,0,0
71,georisk_v2,445,0.7000000000000002,0,0
71,georisk_v2,445,0.7500000000000002,0,0
71,georisk_v2,445,0.8000000000000002,0,0
71,georisk_v2,445,0.8500000000000002,0,0
71,georisk_v2,445,0.9000000000000002,0,0
71,georisk_v2,445,0.9500000000000003,0,0
71,georisk_v2,445,1.0000000000000004,0,0
71,georisk_v2,561,0.1,1,1
71,georisk_v2,561,0.15000000000000002,1,0
71,georisk_v2,561,0.20000000000000004,1,0
71,georisk_v2,561,0.25000000000000006,1,0
71,georisk_v2,561,0.30000000000000004,0,0
71,georisk_v2,561,0.3500000000000001,0,0
71,georisk_v2,561,0.40000000000000013,0,0
71,georisk_v2,561,0.45000000000000007,0,0
71,georisk_v2,561,0.5000000000000001,0,0
71,georisk_v2,561,0.5500000000000002,0,0
71,georisk_v2,561,0.6000000000000002,0,0
71,georisk_v2,561,0.6500000000000001,0,0
71,georisk_v2,561,0.7000000000000002,0,0
71,georisk_v2,561,0.7500000000000002,0,0
71,georisk_v2,561,0.8000000000000002,0,0
71,georisk_v2,561,0.8500000000000002,0,0
71,georisk_v2,561,0.9000000000000002,0,0
71,georisk_v2,561,0.9500000000000003,0,0
71,georisk_v2,561,1.0000000000000004,0,0
71,georisk_v2,562,0.1,0,0
71,georisk_v2,562,0.15000000000000002,0,0
71,georisk_v2,562,0.20000000000000004,0,0
71,georisk_v2,562,0.25000000000000006,0,0
71,georisk_v2,562,0.30000000000000004,0,0
71,georisk_v2,562,0.3500000000000001,0,0
71,georisk_v2,562,0.40000000000000013,0,0
71,georisk_v2,562,0.45000000000000007,0,0
71,georisk_v2,562,0.5000000000000001,0,0
71,georisk_v2,562,0.5500000000000002,0,0
71,georisk_v2,562,0.6000000000000002,0,0
71,georisk_v2,562,0.6500000000000001,0,0
71,georisk_v2,562,0.7000000000000002,0,0
71,georisk_v2,562,0.7500000000000002,0,0
71,georisk_v2,562,0.8000000000000002,0,0
71,georisk_v2,562,0.8500000000000002,0,0
71,georisk_v2,562,0.9000000000000002,0,0
71,georisk_v2,562,0.9500000000000003,0,0
71,georisk_v2,562,1.0000000000000004,0,0
71,self_dice_risk_multiclass,1111002,0.1,1,0
71,self_dice_risk_multiclass,1111002,0.15000000000000002,1,0
71,self_dice_risk_multiclass,1111002,0.20000000000000004,1,0
71,self_dice_risk_multiclass,1111002,0.25000000000000006,1,0
71,self_dice_risk_multiclass,1111002,0.30000000000000004,0,0
71,self_dice_risk_multiclass,1111002,0.3500000000000001,0,0
71,self_dice_risk_multiclass,1111002,0.40000000000000013,0,0
71,self_dice_risk_multiclass,1111002,0.45000000000000007,0,0
71,self_dice_risk_multiclass,1111002,0.5000000000000001,0,0
71,self_dice_risk_multiclass,1111002,0.5500000000000002,0,0
71,self_dice_risk_multiclass,1111002,0.6000000000000002,0,0
71,self_dice_risk_multiclass,1111002,0.6500000000000001,0,0
71,self_dice_risk_multiclass,1111002,0.7000000000000002,0,0
71,self_dice_risk_multiclass,1111002,0.7500000000000002,0,0
71,self_dice_risk_multiclass,1111002,0.8000000000000002,0,0
71,self_dice_risk_multiclass,1111002,0.8500000000000002,0,0
71,self_dice_risk_multiclass,1111002,0.9000000000000002,0,0
71,self_dice_risk_multiclass,1111002,0.9500000000000003,0,0
71,self_dice_risk_multiclass,1111002,1.0000000000000004,0,0
71,self_dice_risk_multiclass,1111007,0.1,0,0
71,self_dice_risk_multiclass,1111007,0.15000000000000002,0,0
71,self_dice_risk_multiclass,1111007,0.20000000000000004,0,0
71,self_dice_risk_multiclass,1111007,0.25000000000000006,0,0
71,self_dice_risk_multiclass,1111007,0.30000000000000004,0,0
71,self_dice_risk_multiclass,1111007,0.3500000000000001,0,0
71,self_dice_risk_multiclass,1111007,0.40000000000000013,0,0
71,self_dice_risk_multiclass,1111007,0.45000000000000007,0,0
71,self_dice_risk_multiclass,1111007,0.5000000000000001,0,0
71,self_dice_risk_multiclass,1111007,0.5500000000000002,0,0
71,self_dice_risk_multiclass,1111007,0.6000000000000002,0,0
71,self_dice_risk_multiclass,1111007,0.6500000000000001,0,0
71,self_dice_risk_multiclass,1111007,0.7000000000000002,0,0
71,self_dice_risk_multiclass,1111007,0.7500000000000002,0,0
71,self_dice_risk_multiclass,1111007,0.8000000000000002,0,0
71,self_dice_risk_multiclass,1111007,0.8500000000000002,0,0
71,self_dice_risk_multiclass,1111007,0.9000000000000002,0,0
71,self_dice_risk_multiclass,1111007,0.9500000000000003,0,0
71,self_dice_risk_multiclass,1111007,1.0000000000000004,0,0
71,self_dice_risk_multiclass,1111013,0.1,0,0
71,self_dice_risk_multiclass,1111013,0.15000000000000002,0,0
71,self_dice_risk_multiclass,1111013,0.20000000000000004,0,0
71,self_dice_risk_multiclass,1111013,0.25000000000000006,0,0
71,self_dice_risk_multiclass,1111013,0.30000000000000004,0,0
71,self_dice_risk_multiclass,1111013,0.3500000000000001,0,0
71,self_dice_risk_multiclass,1111013,0.40000000000000013,0,0
71,self_dice_risk_multiclass,1111013,0.45000000000000007,0,0
71,self_dice_risk_multiclass,1111013,0.5000000000000001,0,0
71,self_dice_risk_multiclass,1111013,0.5500000000000002,0,0
71,self_dice_risk_multiclass,1111013,0.6000000000000002,0,0
71,self_dice_risk_multiclass,1111013,0.6500000000000001,0,0
71,self_dice_risk_multiclass,1111013,0.7000000000000002,0,0
71,self_dice_risk_multiclass,1111013,0.7500000000000002,0,0
71,self_dice_risk_multiclass,1111013,0.8000000000000002,0,0
71,self_dice_risk_multiclass,1111013,0.8500000000000002,0,0
71,self_dice_risk_multiclass,1111013,0.9000000000000002,0,0
71,self_dice_risk_multiclass,1111013,0.9500000000000003,0,0
71,self_dice_risk_multiclass,1111013,1.0000000000000004,0,0
71,self_dice_risk_multiclass,205,0.1,1,1
71,self_dice_risk_multiclass,205,0.15000000000000002,1,1
71,self_dice_risk_multiclass,205,0.20000000000000004,1,1
71,self_dice_risk_multiclass,205,0.25000000000000006,1,1
71,self_dice_risk_multiclass,205,0.30000000000000004,1,1
71,self_dice_risk_multiclass,205,0.3500000000000001,1,1
71,self_dice_risk_multiclass,205,0.40000000000000013,1,0
71,self_dice_risk_multiclass,205,0.45000000000000007,1,0
71,self_dice_risk_multiclass,205,0.5000000000000001,0,0
71,self_dice_risk_multiclass,205,0.5500000000000002,0,0
71,self_dice_risk_multiclass,205,0.6000000000000002,0,0
71,self_dice_risk_multiclass,205,0.6500000000000001,0,0
71,self_dice_risk_multiclass,205,0.7000000000000002,0,0
71,self_dice_risk_multiclass,205,0.7500000000000002,0,0
71,self_dice_risk_multiclass,205,0.8000000000000002,0,0
71,self_dice_risk_multiclass,205,0.8500000000000002,0,0
71,self_dice_risk_multiclass,205,0.9000000000000002,0,0
71,self_dice_risk_multiclass,205,0.9500000000000003,0,0
71,self_dice_risk_multiclass,205,1.0000000000000004,0,0
71,self_dice_risk_multiclass,277,0.1,1,1
71,self_dice_risk_multiclass,277,0.15000000000000002,1,1
71,self_dice_risk_multiclass,277,0.20000000000000004,1,1
71,self_dice_risk_multiclass,277,0.25000000000000006,0,1
71,self_dice_risk_multiclass,277,0.30000000000000004,0,1
71,self_dice_risk_multiclass,277,0.3500000000000001,0,1
71,self_dice_risk_multiclass,277,0.40000000000000013,0,0
71,self_dice_risk_multiclass,277,0.45000000000000007,0,0
71,self_dice_risk_multiclass,277,0.5000000000000001,0,0
71,self_dice_risk_multiclass,277,0.5500000000000002,0,0
71,self_dice_risk_multiclass,277,0.6000000000000002,0,0
71,self_dice_risk_multiclass,277,0.6500000000000001,0,0
71,self_dice_risk_multiclass,277,0.7000000000000002,0,0
71,self_dice_risk_multiclass,277,0.7500000000000002,0,0
71,self_dice_risk_multiclass,277,0.8000000000000002,0,0
71,self_dice_risk_multiclass,277,0.8500000000000002,0,0
71,self_dice_risk_multiclass,277,0.9000000000000002,0,0
71,self_dice_risk_multiclass,277,0.9500000000000003,0,0
71,self_dice_risk_multiclass,277,1.0000000000000004,0,0
71,self_dice_risk_multiclass,321,0.1,1,1
71,self_dice_risk_multiclass,321,0.15000000000000002,1,1
71,self_dice_risk_multiclass,321,0.20000000000000004,0,1
71,self_dice_risk_multiclass,321,0.25000000000000006,0,1
71,self_dice_risk_multiclass,321,0.30000000000000004,0,1
71,self_dice_risk_multiclass,321,0.3500000000000001,0,0
71,self_dice_risk_multiclass,321,0.40000000000000013,0,0
71,self_dice_risk_multiclass,321,0.45000000000000007,0,0
71,self_dice_risk_multiclass,321,0.5000000000000001,0,0
71,self_dice_risk_multiclass,321,0.5500000000000002,0,0
71,self_dice_risk_multiclass,321,0.6000000000000002,0,0
71,self_dice_risk_multiclass,321,0.6500000000000001,0,0
71,self_dice_risk_multiclass,321,0.7000000000000002,0,0
71,self_dice_risk_multiclass,321,0.7500000000000002,0,0
71,self_dice_risk_multiclass,321,0.8000000000000002,0,0
71,self_dice_risk_multiclass,321,0.8500000000000002,0,0
71,self_dice_risk_multiclass,321,0.9000000000000002,0,0
71,self_dice_risk_multiclass,321,0.9500000000000003,0,0
71,self_dice_risk_multiclass,321,1.0000000000000004,0,0
71,self_dice_risk_multiclass,411,0.1,1,1
71,self_dice_risk_multiclass,411,0.15000000000000002,1,1
71,self_dice_risk_multiclass,411,0.20000000000000004,1,1
71,self_dice_risk_multiclass,411,0.25000000000000006,1,1
71,self_dice_risk_multiclass,411,0.30000000000000004,1,1
71,self_dice_risk_multiclass,411,0.3500000000000001,1,1
71,self_dice_risk_multiclass,411,0.40000000000000013,1,1
71,self_dice_risk_multiclass,411,0.45000000000000007,1,1
71,self_dice_risk_multiclass,411,0.5000000000000001,1,1
71,self_dice_risk_multiclass,411,0.5500000000000002,1,1
71,self_dice_risk_multiclass,411,0.6000000000000002,1,1
71,self_dice_risk_multiclass,411,0.6500000000000001,1,1
71,self_dice_risk_multiclass,411,0.7000000000000002,1,1
71,self_dice_risk_multiclass,411,0.7500000000000002,1,0
71,self_dice_risk_multiclass,411,0.8000000000000002,1,0
71,self_dice_risk_multiclass,411,0.8500000000000002,0,0
71,self_dice_risk_multiclass,411,0.9000000000000002,0,0
71,self_dice_risk_multiclass,411,0.9500000000000003,0,0
71,self_dice_risk_multiclass,411,1.0000000000000004,0,0
71,self_dice_risk_multiclass,445,0.1,1,1
71,self_dice_risk_multiclass,445,0.15000000000000002,1,1
71,self_dice_risk_multiclass,445,0.20000000000000004,1,1
71,self_dice_risk_multiclass,445,0.25000000000000006,0,1
71,self_dice_risk_multiclass,445,0.30000000000000004,0,1
71,self_dice_risk_multiclass,445,0.3500000000000001,0,1
71,self_dice_risk_multiclass,445,0.40000000000000013,0,1
71,self_dice_risk_multiclass,445,0.45000000000000007,0,1
71,self_dice_risk_multiclass,445,0.5000000000000001,0,0
71,self_dice_risk_multiclass,445,0.5500000000000002,0,0
71,self_dice_risk_multiclass,445,0.6000000000000002,0,0
71,self_dice_risk_multiclass,445,0.6500000000000001,0,0
71,self_dice_risk_multiclass,445,0.7000000000000002,0,0
71,self_dice_risk_multiclass,445,0.7500000000000002,0,0
71,self_dice_risk_multiclass,445,0.8000000000000002,0,0
71,self_dice_risk_multiclass,445,0.8500000000000002,0,0
71,self_dice_risk_multiclass,445,0.9000000000000002,0,0
71,self_dice_risk_multiclass,445,0.9500000000000003,0,0
71,self_dice_risk_multiclass,445,1.0000000000000004,0,0
71,self_dice_risk_multiclass,561,0.1,1,1
71,self_dice_risk_multiclass,561,0.15000000000000002,1,0
71,self_dice_risk_multiclass,561,0.20000000000000004,1,0
71,self_dice_risk_multiclass,561,0.25000000000000006,1,0
71,self_dice_risk_multiclass,561,0.30000000000000004,0,0
71,self_dice_risk_multiclass,561,0.3500000000000001,0,0
71,self_dice_risk_multiclass,561,0.40000000000000013,0,0
71,self_dice_risk_multiclass,561,0.45000000000000007,0,0
71,self_dice_risk_multiclass,561,0.5000000000000001,0,0
71,self_dice_risk_multiclass,561,0.5500000000000002,0,0
71,self_dice_risk_multiclass,561,0.6000000000000002,0,0
71,self_dice_risk_multiclass,561,0.6500000000000001,0,0
71,self_dice_risk_multiclass,561,0.7000000000000002,0,0
71,self_dice_risk_multiclass,561,0.7500000000000002,0,0
71,self_dice_risk_multiclass,561,0.8000000000000002,0,0
71,self_dice_risk_multiclass,561,0.8500000000000002,0,0
71,self_dice_risk_multiclass,561,0.9000000000000002,0,0
71,self_dice_risk_multiclass,561,0.9500000000000003,0,0
71,self_dice_risk_multiclass,561,1.0000000000000004,0,0
71,self_dice_risk_multiclass,562,0.1,0,0
71,self_dice_risk_multiclass,562,0.15000000000000002,0,0
71,self_dice_risk_multiclass,562,0.20000000000000004,0,0
71,self_dice_risk_multiclass,562,0.25000000000000006,0,0
71,self_dice_risk_multiclass,562,0.30000000000000004,0,0
71,self_dice_risk_multiclass,562,0.3500000000000001,0,0
71,self_dice_risk_multiclass,562,0.40000000000000013,0,0
71,self_dice_risk_multiclass,562,0.45000000000000007,0,0
71,self_dice_risk_multiclass,562,0.5000000000000001,0,0
71,self_dice_risk_multiclass,562,0.5500000000000002,0,0
71,self_dice_risk_multiclass,562,0.6000000000000002,0,0
71,self_dice_risk_multiclass,562,0.6500000000000001,0,0
71,self_dice_risk_multiclass,562,0.7000000000000002,0,0
71,self_dice_risk_multiclass,562,0.7500000000000002,0,0
71,self_dice_risk_multiclass,562,0.8000000000000002,0,0
71,self_dice_risk_multiclass,562,0.8500000000000002,0,0
71,self_dice_risk_multiclass,562,0.9000000000000002,0,0
71,self_dice_risk_multiclass,562,0.9500000000000003,0,0
71,self_dice_risk_multiclass,562,1.0000000000000004,0,0
71,oracle_tile_loss,1111002,0.1,1,0
71,oracle_tile_loss,1111002,0.15000000000000002,1,0
71,oracle_tile_loss,1111002,0.20000000000000004,1,0
71,oracle_tile_loss,1111002,0.25000000000000006,1,0
71,oracle_tile_loss,1111002,0.30000000000000004,1,0
71,oracle_tile_loss,1111002,0.3500000000000001,1,0
71,oracle_tile_loss,1111002,0.40000000000000013,1,0
71,oracle_tile_loss,1111002,0.45000000000000007,0,0
71,oracle_tile_loss,1111002,0.5000000000000001,0,0
71,oracle_tile_loss,1111002,0.5500000000000002,0,0
71,oracle_tile_loss,1111002,0.6000000000000002,0,0
71,oracle_tile_loss,1111002,0.6500000000000001,0,0
71,oracle_tile_loss,1111002,0.7000000000000002,0,0
71,oracle_tile_loss,1111002,0.7500000000000002,0,0
71,oracle_tile_loss,1111002,0.8000000000000002,0,0
71,oracle_tile_loss,1111002,0.8500000000000002,0,0
71,oracle_tile_loss,1111002,0.9000000000000002,0,0
71,oracle_tile_loss,1111002,0.9500000000000003,0,0
71,oracle_tile_loss,1111002,1.0000000000000004,0,0
71,oracle_tile_loss,1111007,0.1,1,1
71,oracle_tile_loss,1111007,0.15000000000000002,1,1
71,oracle_tile_loss,1111007,0.20000000000000004,0,0
71,oracle_tile_loss,1111007,0.25000000000000006,0,0
71,oracle_tile_loss,1111007,0.30000000000000004,0,0
71,oracle_tile_loss,1111007,0.3500000000000001,0,0
71,oracle_tile_loss,1111007,0.40000000000000013,0,0
71,oracle_tile_loss,1111007,0.45000000000000007,0,0
71,oracle_tile_loss,1111007,0.5000000000000001,0,0
71,oracle_tile_loss,1111007,0.5500000000000002,0,0
71,oracle_tile_loss,1111007,0.6000000000000002,0,0
71,oracle_tile_loss,1111007,0.6500000000000001,0,0
71,oracle_tile_loss,1111007,0.7000000000000002,0,0
71,oracle_tile_loss,1111007,0.7500000000000002,0,0
71,oracle_tile_loss,1111007,0.8000000000000002,0,0
71,oracle_tile_loss,1111007,0.8500000000000002,0,0
71,oracle_tile_loss,1111007,0.9000000000000002,0,0
71,oracle_tile_loss,1111007,0.9500000000000003,0,0
71,oracle_tile_loss,1111007,1.0000000000000004,0,0
71,oracle_tile_loss,1111013,0.1,1,1
71,oracle_tile_loss,1111013,0.15000000000000002,1,1
71,oracle_tile_loss,1111013,0.20000000000000004,1,1
71,oracle_tile_loss,1111013,0.25000000000000006,1,1
71,oracle_tile_loss,1111013,0.30000000000000004,0,0
71,oracle_tile_loss,1111013,0.3500000000000001,0,0
71,oracle_tile_loss,1111013,0.40000000000000013,0,0
71,oracle_tile_loss,1111013,0.45000000000000007,0,0
71,oracle_tile_loss,1111013,0.5000000000000001,0,0
71,oracle_tile_loss,1111013,0.5500000000000002,0,0
71,oracle_tile_loss,1111013,0.6000000000000002,0,0
71,oracle_tile_loss,1111013,0.6500000000000001,0,0
71,oracle_tile_loss,1111013,0.7000000000000002,0,0
71,oracle_tile_loss,1111013,0.7500000000000002,0,0
71,oracle_tile_loss,1111013,0.8000000000000002,0,0
71,oracle_tile_loss,1111013,0.8500000000000002,0,0
71,oracle_tile_loss,1111013,0.9000000000000002,0,0
71,oracle_tile_loss,1111013,0.9500000000000003,0,0
71,oracle_tile_loss,1111013,1.0000000000000004,0,0
71,oracle_tile_loss,205,0.1,1,1
71,oracle_tile_loss,205,0.15000000000000002,1,1
71,oracle_tile_loss,205,0.20000000000000004,1,1
71,oracle_tile_loss,205,0.25000000000000006,1,1
71,oracle_tile_loss,205,0.30000000000000004,1,1
71,oracle_tile_loss,205,0.3500000000000001,1,1
71,oracle_tile_loss,205,0.40000000000000013,1,0
71,oracle_tile_loss,205,0.45000000000000007,1,0
71,oracle_tile_loss,205,0.5000000000000001,0,0
71,oracle_tile_loss,205,0.5500000000000002,0,0
71,oracle_tile_loss,205,0.6000000000000002,0,0
71,oracle_tile_loss,205,0.6500000000000001,0,0
71,oracle_tile_loss,205,0.7000000000000002,0,0
71,oracle_tile_loss,205,0.7500000000000002,0,0
71,oracle_tile_loss,205,0.8000000000000002,0,0
71,oracle_tile_loss,205,0.8500000000000002,0,0
71,oracle_tile_loss,205,0.9000000000000002,0,0
71,oracle_tile_loss,205,0.9500000000000003,0,0
71,oracle_tile_loss,205,1.0000000000000004,0,0
71,oracle_tile_loss,277,0.1,1,1
71,oracle_tile_loss,277,0.15000000000000002,1,1
71,oracle_tile_loss,277,0.20000000000000004,1,1
71,oracle_tile_loss,277,0.25000000000000006,1,1
71,oracle_tile_loss,277,0.30000000000000004,1,1
71,oracle_tile_loss,277,0.3500000000000001,1,1
71,oracle_tile_loss,277,0.40000000000000013,0,0
71,oracle_tile_loss,277,0.45000000000000007,0,0
71,oracle_tile_loss,277,0.5000000000000001,0,0
71,oracle_tile_loss,277,0.5500000000000002,0,0
71,oracle_tile_loss,277,0.6000000000000002,0,0
71,oracle_tile_loss,277,0.6500000000000001,0,0
71,oracle_tile_loss,277,0.7000000000000002,0,0
71,oracle_tile_loss,277,0.7500000000000002,0,0
71,oracle_tile_loss,277,0.8000000000000002,0,0
71,oracle_tile_loss,277,0.8500000000000002,0,0
71,oracle_tile_loss,277,0.9000000000000002,0,0
71,oracle_tile_loss,277,0.9500000000000003,0,0
71,oracle_tile_loss,277,1.0000000000000004,0,0
71,oracle_tile_loss,321,0.1,1,1
71,oracle_tile_loss,321,0.15000000000000002,1,1
71,oracle_tile_loss,321,0.20000000000000004,1,1
71,oracle_tile_loss,321,0.25000000000000006,1,1
71,oracle_tile_loss,321,0.30000000000000004,1,0
71,oracle_tile_loss,321,0.3500000000000001,1,0
71,oracle_tile_loss,321,0.40000000000000013,0,0
71,oracle_tile_loss,321,0.45000000000000007,0,0
71,oracle_tile_loss,321,0.5000000000000001,0,0
71,oracle_tile_loss,321,0.5500000000000002,0,0
71,oracle_tile_loss,321,0.6000000000000002,0,0
71,oracle_tile_loss,321,0.6500000000000001,0,0
71,oracle_tile_loss,321,0.7000000000000002,0,0
71,oracle_tile_loss,321,0.7500000000000002,0,0
71,oracle_tile_loss,321,0.8000000000000002,0,0
71,oracle_tile_loss,321,0.8500000000000002,0,0
71,oracle_tile_loss,321,0.9000000000000002,0,0
71,oracle_tile_loss,321,0.9500000000000003,0,0
71,oracle_tile_loss,321,1.0000000000000004,0,0
71,oracle_tile_loss,411,0.1,1,1
71,oracle_tile_loss,411,0.15000000000000002,1,1
71,oracle_tile_loss,411,0.20000000000000004,1,1
71,oracle_tile_loss,411,0.25000000000000006,1,1
71,oracle_tile_loss,411,0.30000000000000004,1,1
71,oracle_tile_loss,411,0.3500000000000001,1,1
71,oracle_tile_loss,411,0.40000000000000013,1,1
71,oracle_tile_loss,411,0.45000000000000007,1,1
71,oracle_tile_loss,411,0.5000000000000001,1,1
71,oracle_tile_loss,411,0.5500000000000002,1,1
71,oracle_tile_loss,411,0.6000000000000002,1,1
71,oracle_tile_loss,411,0.6500000000000001,1,1
71,oracle_tile_loss,411,0.7000000000000002,1,1
71,oracle_tile_loss,411,0.7500000000000002,1,0
71,oracle_tile_loss,411,0.8000000000000002,1,0
71,oracle_tile_loss,411,0.8500000000000002,0,0
71,oracle_tile_loss,411,0.9000000000000002,0,0
71,oracle_tile_loss,411,0.9500000000000003,0,0
71,oracle_tile_loss,411,1.0000000000000004,0,0
71,oracle_tile_loss,445,0.1,1,1
71,oracle_tile_loss,445,0.15000000000000002,1,1
71,oracle_tile_loss,445,0.20000000000000004,1,1
71,oracle_tile_loss,445,0.25000000000000006,1,1
71,oracle_tile_loss,445,0.30000000000000004,1,1
71,oracle_tile_loss,445,0.3500000000000001,1,1
71,oracle_tile_loss,445,0.40000000000000013,1,1
71,oracle_tile_loss,445,0.45000000000000007,1,1
71,oracle_tile_loss,445,0.5000000000000001,0,0
71,oracle_tile_loss,445,0.5500000000000002,0,0
71,oracle_tile_loss,445,0.6000000000000002,0,0
71,oracle_tile_loss,445,0.6500000000000001,0,0
71,oracle_tile_loss,445,0.7000000000000002,0,0
71,oracle_tile_loss,445,0.7500000000000002,0,0
71,oracle_tile_loss,445,0.8000000000000002,0,0
71,oracle_tile_loss,445,0.8500000000000002,0,0
71,oracle_tile_loss,445,0.9000000000000002,0,0
71,oracle_tile_loss,445,0.9500000000000003,0,0
71,oracle_tile_loss,445,1.0000000000000004,0,0
71,oracle_tile_loss,561,0.1,1,1
71,oracle_tile_loss,561,0.15000000000000002,0,0
71,oracle_tile_loss,561,0.20000000000000004,0,0
71,oracle_tile_loss,561,0.25000000000000006,0,0
71,oracle_tile_loss,561,0.30000000000000004,0,0
71,oracle_tile_loss,561,0.3500000000000001,0,0
71,oracle_tile_loss,561,0.40000000000000013,0,0
71,oracle_tile_loss,561,0.45000000000000007,0,0
71,oracle_tile_loss,561,0.5000000000000001,0,0
71,oracle_tile_loss,561,0.5500000000000002,0,0
71,oracle_tile_loss,561,0.6000000000000002,0,0
71,oracle_tile_loss,561,0.6500000000000001,0,0
71,oracle_tile_loss,561,0.7000000000000002,0,0
71,oracle_tile_loss,561,0.7500000000000002,0,0
71,oracle_tile_loss,561,0.8000000000000002,0,0
71,oracle_tile_loss,561,0.8500000000000002,0,0
71,oracle_tile_loss,561,0.9000000000000002,0,0
71,oracle_tile_loss,561,0.9500000000000003,0,0
71,oracle_tile_loss,561,1.0000000000000004,0,0
71,oracle_tile_loss,562,0.1,0,0
71,oracle_tile_loss,562,0.15000000000000002,0,0
71,oracle_tile_loss,562,0.20000000000000004,0,0
71,oracle_tile_loss,562,0.25000000000000006,0,0
71,oracle_tile_loss,562,0.30000000000000004,0,0
71,oracle_tile_loss,562,0.3500000000000001,0,0
71,oracle_tile_loss,562,0.40000000000000013,0,0
71,oracle_tile_loss,562,0.45000000000000007,0,0
71,oracle_tile_loss,562,0.5000000000000001,0,0
71,oracle_tile_loss,562,0.5500000000000002,0,0
71,oracle_tile_loss,562,0.6000000000000002,0,0
71,oracle_tile_loss,562,0.6500000000000001,0,0
71,oracle_tile_loss,562,0.7000000000000002,0,0
71,oracle_tile_loss,562,0.7500000000000002,0,0
71,oracle_tile_loss,562,0.8000000000000002,0,0
71,oracle_tile_loss,562,0.8500000000000002,0,0
71,oracle_tile_loss,562,0.9000000000000002,0,0
71,oracle_tile_loss,562,0.9500000000000003,0,0
71,oracle_tile_loss,562,1.0000000000000004,0,0
