block,dataset,model,partition,seed,score,threshold,event_macro_aurc,selective_risk_at_calibrated_80pct_threshold,realized_coverage_at_calibrated_80pct_threshold,worst_event_selective_risk,score_loss_spearman,full_coverage_risk,full_coverage_miou,full_coverage_macro_f1
E1,kuro_siwo,unet,official,13,top_tail_msp,0.3019407093524933,0.3884968408199649,0.4564604266397395,0.8111324345163553,0.6767370016985284,0.4751893116528735,0.3893894935729499,0.6106105064270501,0.6990015201318525
E1,kuro_siwo,unet,official,13,uncertainty,0.6229917407035828,0.3960532076434531,0.4641337187730164,0.8221011075617147,0.6767370016985284,0.4716120205827581,0.3893894935729499,0.6106105064270501,0.6990015201318525
E1,kuro_siwo,unet,official,13,self_dice_risk_multiclass,0.4105954058685351,0.3358456240818473,0.3602722956673622,0.8644205864031024,0.5326756528621206,0.5825015118801118,0.3893894935729499,0.6106105064270501,0.6990015201318525
E1,kuro_siwo,unet,official,13,representation_shift,0.0,0.3607383211704045,0.3951911526228692,0.8983307714136883,0.6509624335753728,0.0273457325229943,0.3893894935729499,0.6106105064270501,0.6990015201318525
E1,kuro_siwo,unet,official,13,spatial_inconsistency,0.0026294633280485,0.4027636736449934,0.4519353063809251,0.8228182400278776,0.6735096865736154,0.4221891818811825,0.3893894935729499,0.6106105064270501,0.6990015201318525
E1,kuro_siwo,unet,official,13,uncertainty_plus_shift,0.8408866595994988,0.3987792694971614,0.443833776630519,0.8528357880174081,0.6767370016985284,0.4705156226355784,0.3893894935729499,0.6106105064270501,0.6990015201318525
E1,kuro_siwo,unet,official,13,uncertainty_plus_spatial,0.8152683643230084,0.4105531687733694,0.4460431426973104,0.8326225353561464,0.6735096865736154,0.4556137810937508,0.3893894935729499,0.6106105064270501,0.6990015201318525
E1,kuro_siwo,unet,official,13,shift_plus_spatial,0.833842216374419,0.4071001000011894,0.4524058246229637,0.8213524103390727,0.6767370016985284,0.4236181708626764,0.3893894935729499,0.6106105064270501,0.6990015201318525
E1,kuro_siwo,unet,official,13,georisk_full,0.8356278623560177,0.4118815674338341,0.4443118516667434,0.8326416055115861,0.6735096865736154,0.456452686576267,0.3893894935729499,0.6106105064270501,0.6990015201318525
E1,kuro_siwo,unet,official,13,georisk_v2,0.7988702182685272,0.33783045444709,0.3603766805149248,0.8661518517060405,0.5326756528621206,0.5824654565006261,0.3893894935729499,0.6106105064270501,0.6990015201318525
E1,kuro_siwo,unet,official,13,oracle_tile_loss,0.5318002393742733,0.1807435704785211,0.3046793333886089,0.8303612035961819,0.4808064575761755,1.0,0.3893894935729499,0.6106105064270501,0.6990015201318525
E1,kuro_siwo,unet,official,37,top_tail_msp,0.3098561763763428,0.3859132475669781,0.4089284462063792,0.8029193786868705,0.6129058291447278,0.3705619930274763,0.3482767081941018,0.6517232918058982,0.7455515653882758
E1,kuro_siwo,unet,official,37,uncertainty,0.6497955918312073,0.3947862351067745,0.4089458895320279,0.8427552496958078,0.6129058291447278,0.3520563585239224,0.3482767081941018,0.6517232918058982,0.7455515653882758
E1,kuro_siwo,unet,official,37,self_dice_risk_multiclass,0.3820005450669966,0.2613324866269971,0.2722802789553838,0.7103563365583919,0.4300220815216647,0.6676491164222814,0.3482767081941018,0.6517232918058982,0.7455515653882758
E1,kuro_siwo,unet,official,37,representation_shift,3.0994415283203125e-06,0.3312808255967763,0.3582807630494256,0.8066366618921641,0.612989374283333,-0.0211930733857228,0.3482767081941018,0.6517232918058982,0.7455515653882758
E1,kuro_siwo,unet,official,37,spatial_inconsistency,0.0038878549821674,0.4169131883835834,0.4245588419229978,0.7851957765924207,0.6754928116858312,0.3000449705844393,0.3482767081941018,0.6517232918058982,0.7455515653882758
E1,kuro_siwo,unet,official,37,uncertainty_plus_shift,0.6771158719082081,0.3609714628099389,0.3684877948924686,0.835289238789733,0.6129058291447278,0.1978851169899584,0.3482767081941018,0.6517232918058982,0.7455515653882758
E1,kuro_siwo,unet,official,37,uncertainty_plus_spatial,0.8047229374112052,0.4146783749846259,0.4457508427670401,0.8120053673166456,0.6754928116858312,0.335548624845549,0.3482767081941018,0.6517232918058982,0.7455515653882758
E1,kuro_siwo,unet,official,37,shift_plus_spatial,0.6958543926103657,0.3674548391581496,0.3915076270314468,0.8382567849757161,0.6129058291447278,0.1206353350887176,0.3482767081941018,0.6517232918058982,0.7455515653882758
E1,kuro_siwo,unet,official,37,georisk_full,0.7087699413942251,0.4005147243256681,0.3887012772577052,0.8344053749643242,0.6129058291447278,0.251097452716272,0.3482767081941018,0.6517232918058982,0.7455515653882758
E1,kuro_siwo,unet,official,37,georisk_v2,0.7854504942681336,0.2616033756823257,0.274464406070218,0.7100784179758037,0.434186399414287,0.6696584712075961,0.3482767081941018,0.6517232918058982,0.7455515653882758
E1,kuro_siwo,unet,official,37,oracle_tile_loss,0.5608658287343335,0.2049017497765305,0.2995987702739842,0.7884520598937326,0.5000336316167091,1.0,0.3482767081941018,0.6517232918058982,0.7455515653882758
E1,kuro_siwo,unet,official,71,top_tail_msp,0.2786008417606354,0.3909820146737099,0.455498678062858,0.796719857230012,0.6617069601606218,0.4013381214511829,0.3825029746252537,0.6174970253747463,0.708282404819675
E1,kuro_siwo,unet,official,71,uncertainty,0.6038643717765808,0.4046935190163472,0.4507862661854426,0.8098634597953328,0.6617069601606218,0.3897175290048726,0.3825029746252537,0.6174970253747463,0.708282404819675
E1,kuro_siwo,unet,official,71,self_dice_risk_multiclass,0.3726510322460551,0.2888189280657481,0.3478957306490772,0.7129328400306839,0.4639794798570223,0.5764032634821273,0.3825029746252537,0.6174970253747463,0.708282404819675
E1,kuro_siwo,unet,official,71,representation_shift,1.0132789611816406e-05,0.3713119666188858,0.3900153616556124,0.8130108827053789,0.6271475152254624,-0.1604545351639736,0.3825029746252537,0.6174970253747463,0.708282404819675
E1,kuro_siwo,unet,official,71,spatial_inconsistency,0.0034543564543128,0.4191970520405482,0.4379756216065694,0.8376715647725858,0.6463217808844082,0.3274500163629197,0.3825029746252537,0.6174970253747463,0.708282404819675
E1,kuro_siwo,unet,official,71,uncertainty_plus_shift,0.7190166281141601,0.4018553918636829,0.4122995214752,0.8665028738523187,0.6270634484181417,0.1511225985702497,0.3825029746252537,0.6174970253747463,0.708282404819675
E1,kuro_siwo,unet,official,71,uncertainty_plus_spatial,0.8348684561494731,0.4035046292815307,0.4415032424375346,0.852360037429381,0.6463217808844082,0.3764348200258525,0.3825029746252537,0.6174970253747463,0.708282404819675
E1,kuro_siwo,unet,official,71,shift_plus_spatial,0.7276649853193258,0.4218269396687947,0.4486545894307591,0.8221912805588237,0.6270634484181417,0.0741229212635666,0.3825029746252537,0.6174970253747463,0.708282404819675
E1,kuro_siwo,unet,official,71,georisk_full,0.7525764325151529,0.4229932865771623,0.4434769653502399,0.8548310154862309,0.6463217808844082,0.2728131132678369,0.3825029746252537,0.6174970253747463,0.708282404819675
E1,kuro_siwo,unet,official,71,georisk_v2,0.7783213955570967,0.2918208829165278,0.3682905278167527,0.7556247645746162,0.6270615683527601,0.5762905710647358,0.3825029746252537,0.6174970253747463,0.708282404819675
E1,kuro_siwo,unet,official,71,oracle_tile_loss,0.5077407778334169,0.2015255565539667,0.3005960033674514,0.7619481024881056,0.6270615683527601,1.0,0.3825029746252537,0.6174970253747463,0.708282404819675
E2,burn_scars,unet,official,13,top_tail_msp,0.3005675673484802,0.1021471182304265,0.1415796273841578,0.8416666666666667,0.1415796273841578,0.6629696506701854,0.1810385576573168,0.8189614423426832,0.894559111694366
E2,burn_scars,unet,official,13,uncertainty,0.8480588793754578,0.102079754725888,0.1415796273841578,0.8416666666666667,0.1415796273841578,0.6576220570872977,0.1810385576573168,0.8189614423426832,0.894559111694366
E2,burn_scars,unet,official,13,soft_dice_risk_binary,0.2733692830141211,0.1209551014478205,0.1596282303651814,0.7333333333333333,0.1596282303651814,0.5576081672338357,0.1810385576573168,0.8189614423426832,0.894559111694366
E2,burn_scars,unet,official,13,representation_shift,5.9723854064941406e-05,0.1150625160888404,0.1415993652035383,0.7666666666666667,0.1415993652035383,0.5723314229187901,0.1810385576573168,0.8189614423426832,0.894559111694366
E2,burn_scars,unet,official,13,spatial_inconsistency,0.0007214710931293,0.1994079689284536,0.1860590077029136,0.7916666666666666,0.1860590077029136,-0.1607542190429891,0.1810385576573168,0.8189614423426832,0.894559111694366
E2,burn_scars,unet,official,13,uncertainty_plus_shift,0.753125,0.097484140382807,0.119317212160008,0.8166666666666667,0.119317212160008,0.7363597852632399,0.1810385576573168,0.8189614423426832,0.894559111694366
E2,burn_scars,unet,official,13,uncertainty_plus_spatial,0.703125,0.1385225196663282,0.1949416792902037,0.8333333333333334,0.1949416792902037,0.3214726613286467,0.1810385576573168,0.8189614423426832,0.894559111694366
E2,burn_scars,unet,official,13,shift_plus_spatial,0.65625,0.1352461113768141,0.1665489811713488,0.8166666666666667,0.1665489811713488,0.3826772722984374,0.1810385576573168,0.8189614423426832,0.894559111694366
E2,burn_scars,unet,official,13,georisk_full,0.6729166666666666,0.1089650948878712,0.1501418404321989,0.8083333333333333,0.1501418404321989,0.609669791290336,0.1810385576573168,0.8189614423426832,0.894559111694366
E2,burn_scars,unet,official,13,georisk_v2,0.7047365239838119,0.0907485124232358,0.1167391639210523,0.7833333333333333,0.1167391639210523,0.7928536703937773,0.1810385576573168,0.8189614423426832,0.894559111694366
E2,burn_scars,unet,official,13,oracle_tile_loss,0.3546906498901392,0.0690004253118434,0.1042808946281474,0.8083333333333333,0.1042808946281474,1.0,0.1810385576573168,0.8189614423426832,0.894559111694366
E2,burn_scars,unet,official,37,top_tail_msp,0.2881850004196167,0.0787190959079134,0.1048297179379709,0.8416666666666667,0.1048297179379709,0.653781512605042,0.1445959871619587,0.8554040128380412,0.918282338989452
E2,burn_scars,unet,official,37,uncertainty,0.8284152746200562,0.0794018873621619,0.1048297179379709,0.8416666666666667,0.1048297179379709,0.6509479824987846,0.1445959871619587,0.8554040128380412,0.918282338989452
E2,burn_scars,unet,official,37,soft_dice_risk_binary,0.3118092575831892,0.0963866976895816,0.1281669260435942,0.7666666666666667,0.1281669260435942,0.6650531286894923,0.1445959871619587,0.8554040128380412,0.918282338989452
E2,burn_scars,unet,official,37,representation_shift,0.0001308321952819,0.1177735002561916,0.1444309608481457,0.725,0.1444309608481457,0.1378605074321604,0.1445959871619587,0.8554040128380412,0.918282338989452
E2,burn_scars,unet,official,37,spatial_inconsistency,0.0009059523581527,0.2113140823252343,0.1703215432868715,0.85,0.1703215432868715,-0.4526008750607681,0.1445959871619587,0.8554040128380412,0.918282338989452
E2,burn_scars,unet,official,37,uncertainty_plus_shift,0.6343749999999999,0.077362653591441,0.1002946847269108,0.7916666666666666,0.1002946847269108,0.7070562910121388,0.1445959871619587,0.8554040128380412,0.918282338989452
E2,burn_scars,unet,official,37,uncertainty_plus_spatial,0.69375,0.1293343791992828,0.1379617403460069,0.8666666666666667,0.1379617403460069,0.1651864855401387,0.1445959871619587,0.8554040128380412,0.918282338989452
E2,burn_scars,unet,official,37,shift_plus_spatial,0.615625,0.1317556594745093,0.1568303199462204,0.6833333333333333,0.1568303199462204,-0.3301402429128536,0.1445959871619587,0.8554040128380412,0.918282338989452
E2,burn_scars,unet,official,37,georisk_full,0.5895833333333332,0.0946014884378159,0.1302412220171249,0.7916666666666666,0.1302412220171249,0.2974484530387435,0.1445959871619587,0.8554040128380412,0.918282338989452
E2,burn_scars,unet,official,37,georisk_v2,0.723470521343293,0.0726463118810427,0.1182636594242123,0.825,0.1182636594242123,0.8190846586568512,0.1445959871619587,0.8554040128380412,0.918282338989452
E2,burn_scars,unet,official,37,oracle_tile_loss,0.3443321636243689,0.054919990448607,0.0884514638130147,0.8416666666666667,0.0884514638130147,1.0,0.1445959871619587,0.8554040128380412,0.918282338989452
E2,burn_scars,unet,official,71,top_tail_msp,0.2138196974992752,0.0815340802845893,0.1083787905619799,0.8166666666666667,0.1083787905619799,0.6021807069935412,0.1279378059939675,0.8720621940060325,0.9287535984274824
E2,burn_scars,unet,official,71,uncertainty,0.692904531955719,0.080592006231047,0.1083787905619799,0.8166666666666667,0.1083787905619799,0.6047989443711369,0.1279378059939675,0.8720621940060325,0.9287535984274824
E2,burn_scars,unet,official,71,soft_dice_risk_binary,0.254042981168056,0.0796838834733235,0.1077072949667268,0.7666666666666667,0.1077072949667268,0.5219459684700326,0.1279378059939675,0.8720621940060325,0.9287535984274824
E2,burn_scars,unet,official,71,representation_shift,4.649162292480469e-05,0.0870193023799443,0.1061017709540693,0.7333333333333333,0.1061017709540693,0.3691996236010834,0.1279378059939675,0.8720621940060325,0.9287535984274824
E2,burn_scars,unet,official,71,spatial_inconsistency,0.0008281380869448,0.1893731371187035,0.145142965679947,0.8583333333333333,0.145142965679947,-0.3656573373150913,0.1279378059939675,0.8720621940060325,0.9287535984274824
E2,burn_scars,unet,official,71,uncertainty_plus_shift,0.6937500000000001,0.0638428385451644,0.0870926615859877,0.8166666666666667,0.0870926615859877,0.6925108392818161,0.1279378059939675,0.8720621940060325,0.9287535984274824
E2,burn_scars,unet,official,71,uncertainty_plus_spatial,0.696875,0.1265686674724555,0.1352426161536241,0.8666666666666667,0.1352426161536241,0.2044015385606144,0.1279378059939675,0.8720621940060325,0.9287535984274824
E2,burn_scars,unet,official,71,shift_plus_spatial,0.640625,0.1035718559650474,0.1197242881892,0.8,0.1197242881892,-0.0034275177292269,0.1279378059939675,0.8720621940060325,0.9287535984274824
E2,burn_scars,unet,official,71,georisk_full,0.63125,0.0836713351651643,0.1030638146147064,0.825,0.1030638146147064,0.4443680485247078,0.1279378059939675,0.8720621940060325,0.9287535984274824
E2,burn_scars,unet,official,71,georisk_v2,0.686109945344725,0.0672646400742609,0.0789611163522878,0.8166666666666667,0.0789611163522878,0.7672421127209854,0.1279378059939675,0.8720621940060325,0.9287535984274824
E2,burn_scars,unet,official,71,oracle_tile_loss,0.321814356919089,0.0471320489153675,0.0786158991386634,0.8416666666666667,0.0786158991386634,1.0,0.1279378059939675,0.8720621940060325,0.9287535984274824
E3,burn_scars,dofa_upernet,official,13,top_tail_msp,0.4177751839160919,0.2267672442241879,0.2600556787615098,0.7333333333333333,0.2600556787615098,0.5749010347940829,0.3404906994173584,0.6595093005826416,0.7754881201686153
E3,burn_scars,dofa_upernet,official,13,uncertainty,0.9744544625282288,0.2276030502662644,0.2671061234352662,0.7416666666666667,0.2671061234352662,0.5714007917216474,0.3404906994173584,0.6595093005826416,0.7754881201686153
E3,burn_scars,dofa_upernet,official,13,soft_dice_risk_binary,0.4319474032785533,0.309092395265805,0.3491803285351234,0.8083333333333333,0.3491803285351234,0.0672755052434196,0.3404906994173584,0.6595093005826416,0.7754881201686153
E3,burn_scars,dofa_upernet,official,13,representation_shift,0.007344901561737,0.3065690876947969,0.34149951171799,0.8666666666666667,0.34149951171799,0.1549135356621987,0.3404906994173584,0.6595093005826416,0.7754881201686153
E3,burn_scars,dofa_upernet,official,13,spatial_inconsistency,1.347493707726244e-05,0.2413027936893274,0.287734226059142,0.7583333333333333,0.287734226059142,0.4134523230779915,0.3404906994173584,0.6595093005826416,0.7754881201686153
E3,burn_scars,dofa_upernet,official,13,uncertainty_plus_shift,0.6875,0.2386919312890806,0.3225075437121806,0.8416666666666667,0.3225075437121806,0.5187934940120891,0.3404906994173584,0.6595093005826416,0.7754881201686153
E3,burn_scars,dofa_upernet,official,13,uncertainty_plus_spatial,0.715625,0.2076513751990075,0.2446691154279066,0.6916666666666667,0.2446691154279066,0.5932194564155067,0.3404906994173584,0.6595093005826416,0.7754881201686153
E3,burn_scars,dofa_upernet,official,13,shift_plus_spatial,0.6875,0.2507783980128942,0.32002186108918,0.8166666666666667,0.32002186108918,0.3946667504117124,0.3404906994173584,0.6595093005826416,0.7754881201686153
E3,burn_scars,dofa_upernet,official,13,georisk_full,0.6375000000000001,0.2085762309161317,0.2927968105927655,0.7333333333333333,0.2927968105927655,0.60481679637003,0.3404906994173584,0.6595093005826416,0.7754881201686153
E3,burn_scars,dofa_upernet,official,13,georisk_v2,0.6554781041121835,0.2010464625839907,0.2680828136161997,0.6916666666666667,0.2680828136161997,0.6776095562191818,0.3404906994173584,0.6595093005826416,0.7754881201686153
E3,burn_scars,dofa_upernet,official,13,oracle_tile_loss,0.4896211773825584,0.1795644780946492,0.2409541727675856,0.7666666666666667,0.2409541727675856,1.0,0.3404906994173584,0.6595093005826416,0.7754881201686153
E3,burn_scars,dofa_upernet,official,37,top_tail_msp,0.3259437680244446,0.1355886585772655,0.162053895181587,0.7833333333333333,0.162053895181587,0.5536495589971526,0.2101020924522563,0.7898979075477437,0.8745561749709629
E3,burn_scars,dofa_upernet,official,37,uncertainty,0.882113516330719,0.1347282824860409,0.162053895181587,0.7833333333333333,0.162053895181587,0.5488922841864018,0.2101020924522563,0.7898979075477437,0.8745561749709629
E3,burn_scars,dofa_upernet,official,37,soft_dice_risk_binary,0.3361630808021678,0.1594137443718855,0.196016046424302,0.6833333333333333,0.196016046424302,0.525987915827488,0.2101020924522563,0.7898979075477437,0.8745561749709629
E3,burn_scars,dofa_upernet,official,37,representation_shift,0.007148265838623,0.1480409877510999,0.193867351818781,0.8416666666666667,0.193867351818781,0.4543509965969859,0.2101020924522563,0.7898979075477437,0.8745561749709629
E3,burn_scars,dofa_upernet,official,37,spatial_inconsistency,2.2798998543294147e-05,0.218218164549424,0.2112953226098586,0.825,0.2112953226098586,-0.2159524967011598,0.2101020924522563,0.7898979075477437,0.8745561749709629
E3,burn_scars,dofa_upernet,official,37,uncertainty_plus_shift,0.721875,0.1276866216515633,0.1844450070380378,0.8333333333333334,0.1844450070380378,0.6344207561201463,0.2101020924522563,0.7898979075477437,0.8745561749709629
E3,burn_scars,dofa_upernet,official,37,uncertainty_plus_spatial,0.70625,0.1750174626329571,0.1926643859804014,0.8416666666666667,0.1926643859804014,0.2589250525501865,0.2101020924522563,0.7898979075477437,0.8745561749709629
E3,burn_scars,dofa_upernet,official,37,shift_plus_spatial,0.6656249999999999,0.1639689374743247,0.2007509516236583,0.8583333333333333,0.2007509516236583,0.2220528360326859,0.2101020924522563,0.7898979075477437,0.8745561749709629
E3,burn_scars,dofa_upernet,official,37,georisk_full,0.6520833333333332,0.1428928565357892,0.1758970643083409,0.8083333333333333,0.1758970643083409,0.4576015452977344,0.2101020924522563,0.7898979075477437,0.8745561749709629
E3,burn_scars,dofa_upernet,official,37,georisk_v2,0.6728771037122987,0.1136541575906903,0.151832176687894,0.775,0.151832176687894,0.7618029029793736,0.2101020924522563,0.7898979075477437,0.8745561749709629
E3,burn_scars,dofa_upernet,official,37,oracle_tile_loss,0.3895993774660229,0.0933647869843443,0.1226733242372514,0.75,0.1226733242372514,1.0,0.2101020924522563,0.7898979075477437,0.8745561749709629
E3,burn_scars,dofa_upernet,official,71,top_tail_msp,0.2965792119503021,0.1235565745901692,0.1367689115376027,0.7583333333333333,0.1367689115376027,0.4901520938954094,0.1798314713850385,0.8201685286149615,0.8953446859909795
E3,burn_scars,dofa_upernet,official,71,uncertainty,0.8452984094619751,0.125224524894329,0.1406564791377895,0.7666666666666667,0.1406564791377895,0.4839433293978749,0.1798314713850385,0.8201685286149615,0.8953446859909795
E3,burn_scars,dofa_upernet,official,71,soft_dice_risk_binary,0.3206473334122995,0.1227194526441753,0.1603250483345886,0.7,0.1603250483345886,0.5969025626779637,0.1798314713850385,0.8201685286149615,0.8953446859909795
E3,burn_scars,dofa_upernet,official,71,representation_shift,0.0071483850479125,0.1273397335048251,0.1712523528984423,0.85,0.1712523528984423,0.4898187374123203,0.1798314713850385,0.8201685286149615,0.8953446859909795
E3,burn_scars,dofa_upernet,official,71,spatial_inconsistency,2.7628106181509796e-05,0.1816822764004847,0.1856058297495018,0.8416666666666667,0.1856058297495018,-0.3806097645669838,0.1798314713850385,0.8201685286149615,0.8953446859909795
E3,burn_scars,dofa_upernet,official,71,uncertainty_plus_shift,0.6875,0.1137225381580133,0.144341328744634,0.8083333333333333,0.144341328744634,0.600359416124654,0.1798314713850385,0.8201685286149615,0.8953446859909795
E3,burn_scars,dofa_upernet,official,71,uncertainty_plus_spatial,0.69375,0.1566632167837779,0.1579249144549203,0.8083333333333333,0.1579249144549203,0.1155020159262492,0.1798314713850385,0.8201685286149615,0.8953446859909795
E3,burn_scars,dofa_upernet,official,71,shift_plus_spatial,0.6625000000000001,0.1480937856420884,0.1657288271402568,0.8833333333333333,0.1657288271402568,0.0975323476840738,0.1798314713850385,0.8201685286149615,0.8953446859909795
E3,burn_scars,dofa_upernet,official,71,georisk_full,0.6291666666666667,0.1336702311965577,0.1682645267149858,0.7916666666666666,0.1682645267149858,0.3507321971242948,0.1798314713850385,0.8201685286149615,0.8953446859909795
E3,burn_scars,dofa_upernet,official,71,georisk_v2,0.6785239069676499,0.1004801425483765,0.120213456183404,0.75,0.120213456183404,0.7549621501493159,0.1798314713850385,0.8201685286149615,0.8953446859909795
E3,burn_scars,dofa_upernet,official,71,oracle_tile_loss,0.3862632164985152,0.0795547888793018,0.1116695994807472,0.825,0.1116695994807472,1.0,0.1798314713850385,0.8201685286149615,0.8953446859909795
P1,sen1floods11,unet,F1,13,top_tail_msp,0.401781678199768,0.175854828976095,0.1729360466866094,0.8416666666666668,0.2398336419207498,0.0251111575303631,0.1814512621564342,0.8185487378435657,0.8949013660252063
P1,sen1floods11,unet,F1,13,uncertainty,0.9629455804824828,0.1741651023772915,0.1729360466866094,0.8416666666666668,0.2398336419207498,0.0218584942257766,0.1814512621564342,0.8185487378435657,0.8949013660252063
P1,sen1floods11,unet,F1,13,soft_dice_risk_binary,0.8142072455016423,0.1678381440134078,0.189642109458278,0.8722222222222222,0.2752508463562737,0.7065291993673719,0.1814512621564342,0.8185487378435657,0.8949013660252063
P1,sen1floods11,unet,F1,13,representation_shift,0.0,0.1926022288672536,0.2071062480441648,0.7138888888888889,0.2792231012727096,-0.1705319706040162,0.1814512621564342,0.8185487378435657,0.8949013660252063
P1,sen1floods11,unet,F1,13,spatial_inconsistency,0.0022112552542239,0.2111671565155831,0.202367604884642,0.625,0.2734272853486852,-0.2801169765151741,0.1814512621564342,0.8185487378435657,0.8949013660252063
P1,sen1floods11,unet,F1,13,uncertainty_plus_shift,0.8466399240855762,0.1780895301246709,0.1731397700108287,0.7944444444444444,0.2398336419207498,-0.0202442296504628,0.1814512621564342,0.8185487378435657,0.8949013660252063
P1,sen1floods11,unet,F1,13,uncertainty_plus_spatial,0.7755779848171154,0.197782119290918,0.1806980802127328,0.7305555555555556,0.27023532499072,-0.1382402530704006,0.1814512621564342,0.8185487378435657,0.8949013660252063
P1,sen1floods11,unet,F1,13,shift_plus_spatial,0.8419384057971013,0.217945437875536,0.2351918322367844,0.5861111111111111,0.3183362809112036,-0.3059641664508461,0.1814512621564342,0.8185487378435657,0.8949013660252063
P1,sen1floods11,unet,F1,13,georisk_full,0.8136645962732919,0.1990550569324709,0.1894329933125068,0.7305555555555556,0.27023532499072,-0.1538111473740402,0.1814512621564342,0.8185487378435657,0.8949013660252063
P1,sen1floods11,unet,F1,13,georisk_v2,0.6389126779380967,0.1360854408869197,0.1616940358473241,0.8916666666666667,0.2256825737495891,0.3671928620452985,0.1814512621564342,0.8185487378435657,0.8949013660252063
P1,sen1floods11,unet,F1,13,oracle_tile_loss,0.5041313171386719,0.1161269287529523,0.1449038121740835,0.9277777777777778,0.1830796084877483,1.0,0.1814512621564342,0.8185487378435657,0.8949013660252063
P1,sen1floods11,unet,F1,37,top_tail_msp,0.3768518269062042,0.1735585995223947,0.1708534457838574,0.7611111111111111,0.2521162596516886,0.0613679090447912,0.188187526302875,0.8118124736971251,0.8907341531417866
P1,sen1floods11,unet,F1,37,uncertainty,0.9428563714027404,0.1737076759455056,0.1708534457838574,0.7611111111111111,0.2521162596516886,0.063382173017815,0.188187526302875,0.8118124736971251,0.8907341531417866
P1,sen1floods11,unet,F1,37,soft_dice_risk_binary,0.8913336466618944,0.1741525129097332,0.1963156583296419,0.8722222222222222,0.2432636974927151,0.6932052161976664,0.188187526302875,0.8118124736971251,0.8907341531417866
P1,sen1floods11,unet,F1,37,representation_shift,1.0132789611816406e-06,0.2763562792235236,0.3013705940461134,0.5944444444444444,0.3907445890232999,-0.6041932060977369,0.188187526302875,0.8118124736971251,0.8907341531417866
P1,sen1floods11,unet,F1,37,spatial_inconsistency,0.0024057733826339,0.2243061349194657,0.2101385712888006,0.5527777777777778,0.2929358081855717,-0.425651278684611,0.188187526302875,0.8118124736971251,0.8907341531417866
P1,sen1floods11,unet,F1,37,uncertainty_plus_shift,0.8015873015873016,0.2335617319526949,0.2052582642548081,0.7416666666666667,0.2790870909199713,-0.2016555319624265,0.188187526302875,0.8118124736971251,0.8907341531417866
P1,sen1floods11,unet,F1,37,uncertainty_plus_spatial,0.7919685990338163,0.2035906889293565,0.1722405901170412,0.7305555555555555,0.2790870909199713,-0.1237018800908906,0.188187526302875,0.8118124736971251,0.8907341531417866
P1,sen1floods11,unet,F1,37,shift_plus_spatial,0.7848084886128365,0.2650827996595127,0.3404392971015026,0.5555555555555556,0.4135902457033431,-0.5532410192878779,0.188187526302875,0.8118124736971251,0.8907341531417866
P1,sen1floods11,unet,F1,37,georisk_full,0.7948297676558546,0.239104029746795,0.2552193194414976,0.7027777777777777,0.412743437826476,-0.3072779699359063,0.188187526302875,0.8118124736971251,0.8907341531417866
P1,sen1floods11,unet,F1,37,georisk_v2,0.6038866023153775,0.1317682411508819,0.1624292426694585,0.8333333333333334,0.2279517423458872,0.5116827310435379,0.188187526302875,0.8118124736971251,0.8907341531417866
P1,sen1floods11,unet,F1,37,oracle_tile_loss,0.5031712473572938,0.1231821497737419,0.1671867718966779,0.9194444444444444,0.2146042916281894,1.0,0.188187526302875,0.8118124736971251,0.8907341531417866
P1,sen1floods11,unet,F1,71,top_tail_msp,0.3612532019615173,0.2124024635227889,0.1935112299559452,0.7472222222222222,0.2969667202235093,-0.0768255199785145,0.2170278306128878,0.7829721693871121,0.8683584998111122
P1,sen1floods11,unet,F1,71,uncertainty,0.924491047859192,0.2170401496595715,0.1904609421093333,0.7388888888888889,0.2969667202235093,-0.0874190564292321,0.2170278306128878,0.7829721693871121,0.8683584998111122
P1,sen1floods11,unet,F1,71,soft_dice_risk_binary,0.9811326344447832,0.2101815401444074,0.2240610572850617,0.9111111111111112,0.3547096694606372,0.6919220554444809,0.2170278306128878,0.7829721693871121,0.8683584998111122
P1,sen1floods11,unet,F1,71,representation_shift,9.5367431640625e-07,0.2267747931597131,0.2372734344758204,0.6944444444444444,0.3392600512917952,-0.21281958562975,0.2170278306128878,0.7829721693871121,0.8683584998111122
P1,sen1floods11,unet,F1,71,spatial_inconsistency,0.0017248661024495,0.2244306324097601,0.2298100465229243,0.5527777777777778,0.3568569517994324,-0.3169407060368237,0.2170278306128878,0.7829721693871121,0.8683584998111122
P1,sen1floods11,unet,F1,71,uncertainty_plus_shift,0.7511645962732919,0.2301915965483481,0.2290409741905578,0.7222222222222223,0.3451559595654581,-0.2011422007333193,0.2170278306128878,0.7829721693871121,0.8683584998111122
P1,sen1floods11,unet,F1,71,uncertainty_plus_spatial,0.7971445824706693,0.2186657310239555,0.1802033188169521,0.7305555555555556,0.2849075004870349,-0.204932128331425,0.2170278306128878,0.7829721693871121,0.8683584998111122
P1,sen1floods11,unet,F1,71,shift_plus_spatial,0.7379227053140097,0.2520386097655767,0.2706042600661102,0.6222222222222222,0.3728825063601675,-0.3341676396118546,0.2170278306128878,0.7829721693871121,0.8683584998111122
P1,sen1floods11,unet,F1,71,georisk_full,0.7555498044628478,0.2549699694680835,0.2256763601820134,0.6666666666666666,0.3469361108441083,-0.273731013696995,0.2170278306128878,0.7829721693871121,0.8683584998111122
P1,sen1floods11,unet,F1,71,georisk_v2,0.6098831232700738,0.1444102000825294,0.2024200315073642,0.8,0.284132402376863,0.3910954611918474,0.2170278306128878,0.7829721693871121,0.8683584998111122
P1,sen1floods11,unet,F1,71,oracle_tile_loss,0.5028249234161546,0.1420079224990909,0.1708385363095534,0.8833333333333333,0.2411298188412241,1.0,0.2170278306128878,0.7829721693871121,0.8683584998111122
P1,sen1floods11,unet,F2,13,top_tail_msp,0.4375306963920593,0.3247343600124003,0.3131697060193849,0.7952898550724639,0.3553338830383117,0.357615682157045,0.3348307073745353,0.6651692926254646,0.763087155152507
P1,sen1floods11,unet,F2,13,uncertainty,0.985212504863739,0.3246499168371184,0.3131697060193849,0.7952898550724639,0.3553338830383117,0.3534924372973583,0.3348307073745353,0.6651692926254646,0.763087155152507
P1,sen1floods11,unet,F2,13,soft_dice_risk_binary,0.9531758715247064,0.3060695731453099,0.3414795718896286,0.7927881297446514,0.4259684786237946,-0.1100516500515221,0.3348307073745353,0.6651692926254646,0.763087155152507
P1,sen1floods11,unet,F2,13,representation_shift,1.7881393432617188e-05,0.295052460739858,0.3294430423899153,0.7271394064872325,0.4056640591377419,-0.0793826834948239,0.3348307073745353,0.6651692926254646,0.763087155152507
P1,sen1floods11,unet,F2,13,spatial_inconsistency,0.001011315616779,0.3283661930421461,0.326040807327559,0.8326863354037267,0.4397897427311745,0.2370590123698837,0.3348307073745353,0.6651692926254646,0.763087155152507
P1,sen1floods11,unet,F2,13,uncertainty_plus_shift,0.6673057334822041,0.2945629815331245,0.3185374137114294,0.8024068322981366,0.3977520075750117,0.1918720525415131,0.3348307073745353,0.6651692926254646,0.763087155152507
P1,sen1floods11,unet,F2,13,uncertainty_plus_spatial,0.7739852059705001,0.3318876726885522,0.3279778427403655,0.8259575569358178,0.4322833553849587,0.3125849433418767,0.3348307073745353,0.6651692926254646,0.763087155152507
P1,sen1floods11,unet,F2,13,shift_plus_spatial,0.7052402254608137,0.2812018247492477,0.328408638797127,0.7993443754313319,0.409883675395597,0.0906553574646846,0.3348307073745353,0.6651692926254646,0.763087155152507
P1,sen1floods11,unet,F2,13,georisk_full,0.6888042513042514,0.3204384870901606,0.3185244940183954,0.7873102139406488,0.3816426107252394,0.2275180791697502,0.3348307073745353,0.6651692926254646,0.763087155152507
P1,sen1floods11,unet,F2,13,georisk_v2,0.6103118331067008,0.2620296226764655,0.3345844862101374,0.8902691511387163,0.42016821269244,0.421378666167426,0.3348307073745353,0.6651692926254646,0.763087155152507
P1,sen1floods11,unet,F2,13,oracle_tile_loss,0.5425107240754758,0.2122492411454974,0.307046371715436,0.9357746721877156,0.3414998168236813,1.0,0.3348307073745353,0.6651692926254646,0.763087155152507
P1,sen1floods11,unet,F2,37,top_tail_msp,0.4301840364933014,0.3332685806604917,0.3060509075721818,0.7445220841959972,0.3390256746608655,0.3528406731862999,0.3342501703937257,0.6657498296062743,0.7621935362026324
P1,sen1floods11,unet,F2,37,uncertainty,0.9811667203903198,0.3301472171027482,0.3074838019193639,0.7493530020703933,0.3390256746608655,0.3513855261226378,0.3342501703937257,0.6657498296062743,0.7621935362026324
P1,sen1floods11,unet,F2,37,soft_dice_risk_binary,0.9730866558267158,0.3090743510542556,0.3410532110187654,0.7878278122843341,0.4152229509846625,-0.1301165331079725,0.3342501703937257,0.6657498296062743,0.7621935362026324
P1,sen1floods11,unet,F2,37,representation_shift,2.3245811462402344e-06,0.3292617136577725,0.3406600237701085,0.8696083505866116,0.401534451156869,0.3656661806253322,0.3342501703937257,0.6657498296062743,0.7621935362026324
P1,sen1floods11,unet,F2,37,spatial_inconsistency,0.0009874402312561,0.3531741514244984,0.3063258402038387,0.8206953071083506,0.401534451156869,0.2812687036734582,0.3342501703937257,0.6657498296062743,0.7621935362026324
P1,sen1floods11,unet,F2,37,uncertainty_plus_shift,0.7941109135962077,0.3344461099300573,0.3190757851959597,0.8114648033126294,0.3573210195792421,0.3610838474664452,0.3342501703937257,0.6657498296062743,0.7621935362026324
P1,sen1floods11,unet,F2,37,uncertainty_plus_spatial,0.7787439276409864,0.3451547979717656,0.3352695164594216,0.8133626639061422,0.4488533308423864,0.3114416892029645,0.3342501703937257,0.6657498296062743,0.7621935362026324
P1,sen1floods11,unet,F2,37,shift_plus_spatial,0.7919690603514132,0.3467848596940407,0.3220130007767517,0.8593426501035196,0.401534451156869,0.3223083529865349,0.3342501703937257,0.6657498296062743,0.7621935362026324
P1,sen1floods11,unet,F2,37,georisk_full,0.7637636056753703,0.3344345357374859,0.347853233577871,0.8020617667356799,0.4462029667255806,0.3335299472337255,0.3342501703937257,0.6657498296062743,0.7621935362026324
P1,sen1floods11,unet,F2,37,georisk_v2,0.596825457107237,0.2740204938255017,0.2969644098444072,0.7991718426501034,0.3563094694297363,0.4567939465137968,0.3342501703937257,0.6657498296062743,0.7621935362026324
P1,sen1floods11,unet,F2,37,oracle_tile_loss,0.5491475850074989,0.2017660586524269,0.2986177544529257,0.9450914423740512,0.3299149738267919,1.0,0.3342501703937257,0.6657498296062743,0.7621935362026324
P1,sen1floods11,unet,F2,71,top_tail_msp,0.413353681564331,0.3386854270363081,0.3408577982499934,0.8066338854382332,0.4556311971283241,0.3384981260761083,0.3305114833349828,0.6694885166650171,0.7659225181132362
P1,sen1floods11,unet,F2,71,uncertainty,0.9709246158599854,0.3298854364664439,0.3408577982499934,0.8066338854382332,0.4556311971283241,0.3397940652330132,0.3305114833349828,0.6694885166650171,0.7659225181132362
P1,sen1floods11,unet,F2,71,soft_dice_risk_binary,0.9916314988987616,0.2998326561058484,0.3366502960600754,0.8184523809523809,0.405560805570297,-0.1180663596337004,0.3305114833349828,0.6694885166650171,0.7659225181132362
P1,sen1floods11,unet,F2,71,representation_shift,0.0001447796821594,0.3013633729835779,0.3330380289033927,0.7499137336093858,0.3996965319903789,-0.0420167581055738,0.3305114833349828,0.6694885166650171,0.7659225181132362
P1,sen1floods11,unet,F2,71,spatial_inconsistency,0.0009172667050734,0.359801291158847,0.332711380832779,0.8330745341614906,0.3977636816503634,0.2716449972889075,0.3305114833349828,0.6694885166650171,0.7659225181132362
P1,sen1floods11,unet,F2,71,uncertainty_plus_shift,0.6561447131300073,0.3020335069115273,0.3410757137641946,0.7922705314009661,0.4091723068723455,0.2489746610794182,0.3305114833349828,0.6694885166650171,0.7659225181132362
P1,sen1floods11,unet,F2,71,uncertainty_plus_spatial,0.7798059783353901,0.3409988133252435,0.3576832715556366,0.8064182194616977,0.4383213904516211,0.3091977670081946,0.3305114833349828,0.6694885166650171,0.7659225181132362
P1,sen1floods11,unet,F2,71,shift_plus_spatial,0.673752717870365,0.3102905810138061,0.3372345284474647,0.7760524499654934,0.3965274052710227,0.1744261431859267,0.3305114833349828,0.6694885166650171,0.7659225181132362
P1,sen1floods11,unet,F2,71,georisk_full,0.6544799155093272,0.3354764920591724,0.3383479481941958,0.7779071773636991,0.4080226572978268,0.3014858750055744,0.3305114833349828,0.6694885166650171,0.7659225181132362
P1,sen1floods11,unet,F2,71,georisk_v2,0.5881210451345897,0.2613320710479413,0.3261185323748321,0.8065907522429261,0.4236512827978216,0.3307027875868132,0.3305114833349828,0.6694885166650171,0.7659225181132362
P1,sen1floods11,unet,F2,71,oracle_tile_loss,0.5410905089144271,0.1956479830613008,0.2915793079850216,0.9499223602484472,0.30448263601019,1.0,0.3305114833349828,0.6694885166650171,0.7659225181132362
P1,sen1floods11,unet,F3,13,top_tail_msp,0.3539725542068481,0.4092880278003195,0.3531725247766644,0.8577953908836262,0.4309911022251752,0.014319710038793,0.3899895200017816,0.6100104799982183,0.7082902971372395
P1,sen1floods11,unet,F3,13,uncertainty,0.9199517369270324,0.4010071510998164,0.3531725247766644,0.8577953908836262,0.4309911022251752,0.0301208195961129,0.3899895200017816,0.6100104799982183,0.7082902971372395
P1,sen1floods11,unet,F3,13,soft_dice_risk_binary,0.7349894728746207,0.3141243493951178,0.3601764698325872,0.785807329924977,0.533374266833258,0.3804051973464386,0.3899895200017816,0.6100104799982183,0.7082902971372395
P1,sen1floods11,unet,F3,13,representation_shift,6.973743438720703e-05,0.4035423130713116,0.414904466768577,0.9490387063916476,0.5294289862388586,-0.173804495769458,0.3899895200017816,0.6100104799982183,0.7082902971372395
P1,sen1floods11,unet,F3,13,spatial_inconsistency,0.0041987420991063,0.3985664463789198,0.3621665473011867,0.7451470098528922,0.4615707207170494,-0.0642243108216416,0.3899895200017816,0.6100104799982183,0.7082902971372395
P1,sen1floods11,unet,F3,13,uncertainty_plus_shift,0.7652777777777777,0.4109736929846973,0.386792951763818,0.8926918669565729,0.461702000805851,-0.0698809995326051,0.3899895200017816,0.6100104799982183,0.7082902971372395
P1,sen1floods11,unet,F3,13,uncertainty_plus_spatial,0.7652777777777777,0.4081459178137609,0.3441646941707883,0.7638635873929991,0.4261132335178599,-0.0262335753630688,0.3899895200017816,0.6100104799982183,0.7082902971372395
P1,sen1floods11,unet,F3,13,shift_plus_spatial,0.7041666666666666,0.4143057235160421,0.3773372953273675,0.7793750367279778,0.4400617579579675,-0.1313886362060145,0.3899895200017816,0.6100104799982183,0.7082902971372395
P1,sen1floods11,unet,F3,13,georisk_full,0.7185185185185187,0.4156744637874741,0.3632974112151595,0.8153941646588706,0.4400617579579675,-0.0810498767967563,0.3899895200017816,0.6100104799982183,0.7082902971372395
P1,sen1floods11,unet,F3,13,georisk_v2,0.657124951675925,0.2982257874151329,0.3563620346161851,0.7678657127186539,0.5388538031313356,0.5419332530198487,0.3899895200017816,0.6100104799982183,0.7082902971372395
P1,sen1floods11,unet,F3,13,oracle_tile_loss,0.4776817647820138,0.2246832819596908,0.2465686891263239,0.4776057276057276,0.3989816572034116,1.0,0.3899895200017816,0.6100104799982183,0.7082902971372395
P1,sen1floods11,unet,F3,37,top_tail_msp,0.3840147256851196,0.3500283422889319,0.3720163924106101,0.8695483438130498,0.4728579436136145,0.1113000572904875,0.3838356210652047,0.6161643789347953,0.7119415797009705
P1,sen1floods11,unet,F3,37,uncertainty,0.9481943249702454,0.3456853202734523,0.3720163924106101,0.8695483438130498,0.4728579436136145,0.1406310397968699,0.3838356210652047,0.6161643789347953,0.7119415797009705
P1,sen1floods11,unet,F3,37,soft_dice_risk_binary,0.5998082954651287,0.2859302057745033,0.3165610691091559,0.697201083230495,0.5027788676107533,0.5768191185709263,0.3838356210652047,0.6161643789347953,0.7119415797009705
P1,sen1floods11,unet,F3,37,representation_shift,1.33514404296875e-05,0.3427739642940395,0.3646104085449382,0.9273385927797692,0.4755519786884244,0.0750180358852779,0.3838356210652047,0.6161643789347953,0.7119415797009705
P1,sen1floods11,unet,F3,37,spatial_inconsistency,0.0028290243353694,0.4019428234191129,0.3877517664671036,0.7644353195823784,0.4559761819881568,-0.3105603038798108,0.3838356210652047,0.6161643789347953,0.7119415797009705
P1,sen1floods11,unet,F3,37,uncertainty_plus_shift,0.7902777777777779,0.3460723217165939,0.3531928068669006,0.8983810307339719,0.4467890665307878,0.1037823963453914,0.3838356210652047,0.6161643789347953,0.7119415797009705
P1,sen1floods11,unet,F3,37,uncertainty_plus_spatial,0.7333333333333334,0.3879676720194615,0.3668604593994742,0.7803617950676773,0.447348235141464,-0.1133531974083556,0.3838356210652047,0.6161643789347953,0.7119415797009705
P1,sen1floods11,unet,F3,37,shift_plus_spatial,0.7277777777777779,0.3955339954393576,0.378700842695058,0.8602512683395036,0.4530774170942239,-0.1703025853803355,0.3838356210652047,0.6161643789347953,0.7119415797009705
P1,sen1floods11,unet,F3,37,georisk_full,0.7527777777777778,0.3858302101946128,0.3601745423775109,0.8755141916906624,0.4530774170942239,-0.0641069179047273,0.3838356210652047,0.6161643789347953,0.7119415797009705
P1,sen1floods11,unet,F3,37,georisk_v2,0.7027250618756575,0.2721685806652184,0.3194518004222424,0.7204694814988932,0.5027788676107533,0.6514423278166247,0.3838356210652047,0.6161643789347953,0.7119415797009705
P1,sen1floods11,unet,F3,37,oracle_tile_loss,0.4725947056319203,0.221823679137851,0.2374997044109316,0.4410454741337094,0.3823322911604471,1.0,0.3838356210652047,0.6161643789347953,0.7119415797009705
P1,sen1floods11,unet,F3,71,top_tail_msp,0.351741075515747,0.3156319804931672,0.2973650904901669,0.8599745842392901,0.4038688301004133,0.0952194109198435,0.3443929760274292,0.6556070239725708,0.7539223224001433
P1,sen1floods11,unet,F3,71,uncertainty,0.9161234498023988,0.3171961185558351,0.2973650904901669,0.8599745842392901,0.4038688301004133,0.10563070129526,0.3443929760274292,0.6556070239725708,0.7539223224001433
P1,sen1floods11,unet,F3,71,soft_dice_risk_binary,0.4998426607866084,0.2665731592780342,0.3057992014822975,0.6593516777340307,0.4665476007817515,0.5961668514472945,0.3443929760274292,0.6556070239725708,0.7539223224001433
P1,sen1floods11,unet,F3,71,representation_shift,2.7358531951904297e-05,0.3285984325491934,0.3714657207085623,0.934139390021743,0.4511860397422981,-0.0325122995303877,0.3443929760274292,0.6556070239725708,0.7539223224001433
P1,sen1floods11,unet,F3,71,spatial_inconsistency,0.0024661978241056,0.3540147825782743,0.3622991633314076,0.8141625531331413,0.4452168265829814,-0.2882162857856258,0.3443929760274292,0.6556070239725708,0.7539223224001433
P1,sen1floods11,unet,F3,71,uncertainty_plus_shift,0.8319444444444445,0.3212869869234799,0.3396557134635892,0.977079293255764,0.4511860397422981,0.0610865402377401,0.3443929760274292,0.6556070239725708,0.7539223224001433
P1,sen1floods11,unet,F3,71,uncertainty_plus_spatial,0.7555555555555555,0.3437819813512341,0.3459950287932449,0.8190461499285029,0.4319759609191717,-0.1126379556355627,0.3443929760274292,0.6556070239725708,0.7539223224001433
P1,sen1floods11,unet,F3,71,shift_plus_spatial,0.7291666666666667,0.361704744605577,0.3557708658383027,0.865513163307281,0.4340456167963294,-0.2236351300761488,0.3443929760274292,0.6556070239725708,0.7539223224001433
P1,sen1floods11,unet,F3,71,georisk_full,0.7351851851851853,0.3511604399263707,0.3519273558312223,0.8991449726743844,0.4347727449774659,-0.1041047366112829,0.3443929760274292,0.6556070239725708,0.7539223224001433
P1,sen1floods11,unet,F3,71,georisk_v2,0.6476073830882109,0.2447155605970228,0.2641261263851822,0.5391985465514877,0.4599783448471293,0.69660726011269,0.3443929760274292,0.6556070239725708,0.7539223224001433
P1,sen1floods11,unet,F3,71,oracle_tile_loss,0.4638607189148118,0.21053160361663,0.2390459486389438,0.5096141603494544,0.3379426271792023,1.0,0.3443929760274292,0.6556070239725708,0.7539223224001433
P2,sen1floods11,dofa_upernet,F1,13,top_tail_msp,0.4124917984008789,0.223742168199263,0.2012855539697517,0.6944444444444444,0.3298183918352886,0.1951001163796962,0.2451631893072633,0.7548368106927367,0.8492832230970632
P2,sen1floods11,dofa_upernet,F1,13,uncertainty,0.9708400368690492,0.2252272094561865,0.2012855539697517,0.6944444444444444,0.3298183918352886,0.1910119065381516,0.2451631893072633,0.7548368106927367,0.8492832230970632
P2,sen1floods11,dofa_upernet,F1,13,soft_dice_risk_binary,0.968758205570488,0.2190526870574228,0.2502615765212055,0.925,0.2991407150229093,0.6017874727701352,0.2451631893072633,0.7548368106927367,0.8492832230970632
P2,sen1floods11,dofa_upernet,F1,13,representation_shift,0.0164336562156677,0.2782269997774813,0.2632364622447751,0.8777777777777778,0.325244701545476,-0.3370833457670615,0.2451631893072633,0.7548368106927367,0.8492832230970632
P2,sen1floods11,dofa_upernet,F1,13,spatial_inconsistency,0.0001038580958265,0.2256460660495527,0.2212019246254543,0.7666666666666666,0.2646858172651019,0.0210378681626928,0.2451631893072633,0.7548368106927367,0.8492832230970632
P2,sen1floods11,dofa_upernet,F1,13,uncertainty_plus_shift,0.6378536922015183,0.2790801866268755,0.2469754587224061,0.763888888888889,0.3542683583318933,-0.1046078325327043,0.2451631893072633,0.7548368106927367,0.8492832230970632
P2,sen1floods11,dofa_upernet,F1,13,uncertainty_plus_spatial,0.7968642167011731,0.2262606847776641,0.2075499892269462,0.8388888888888889,0.2460057417051429,0.2069559768191698,0.2451631893072633,0.7548368106927367,0.8492832230970632
P2,sen1floods11,dofa_upernet,F1,13,shift_plus_spatial,0.631426846100759,0.2742768407846189,0.236981602937609,0.7444444444444445,0.2792410496265931,-0.2985993248596982,0.2451631893072633,0.7548368106927367,0.8492832230970632
P2,sen1floods11,dofa_upernet,F1,13,georisk_full,0.6487232574189096,0.2597277330418456,0.2201182019777825,0.7611111111111111,0.2805093026791962,-0.051221986810301,0.2451631893072633,0.7548368106927367,0.8492832230970632
P2,sen1floods11,dofa_upernet,F1,13,georisk_v2,0.635119496960839,0.1632615413219484,0.1835324786787931,0.7194444444444444,0.2364777560733779,0.5230787596150485,0.2451631893072633,0.7548368106927367,0.8492832230970632
P2,sen1floods11,dofa_upernet,F1,13,oracle_tile_loss,0.5047366003416688,0.1523879980644975,0.1912004041669571,0.8527777777777777,0.2644010768514483,1.0,0.2451631893072633,0.7548368106927367,0.8492832230970632
P2,sen1floods11,dofa_upernet,F1,37,top_tail_msp,0.4414396286010742,0.2086396344815926,0.2113171041423857,0.7694444444444444,0.2940238721458057,0.1586493987049028,0.2231931164013686,0.7768068835986314,0.8660434925077005
P2,sen1floods11,dofa_upernet,F1,37,uncertainty,0.9871851205825806,0.2090192446891109,0.2113171041423857,0.7694444444444444,0.2940238721458057,0.1624690400167109,0.2231931164013686,0.7768068835986314,0.8660434925077005
P2,sen1floods11,dofa_upernet,F1,37,soft_dice_risk_binary,0.7870885385990032,0.1966585371948052,0.2307698950762241,0.8194444444444444,0.2720246890581375,0.6469965086091134,0.2231931164013686,0.7768068835986314,0.8660434925077005
P2,sen1floods11,dofa_upernet,F1,37,representation_shift,0.0164336562156677,0.2591547291468527,0.2390347291910063,0.8777777777777778,0.2993260030050318,-0.3021246754796932,0.2231931164013686,0.7768068835986314,0.8660434925077005
P2,sen1floods11,dofa_upernet,F1,37,spatial_inconsistency,9.168680844595656e-05,0.2164770880077026,0.2128489491343686,0.7722222222222223,0.2607905349426687,-0.1753901703918116,0.2231931164013686,0.7768068835986314,0.8660434925077005
P2,sen1floods11,dofa_upernet,F1,37,uncertainty_plus_shift,0.6272429261559697,0.2595340146470782,0.2233863939300048,0.788888888888889,0.2632922173321244,-0.0800483423353525,0.2231931164013686,0.7768068835986314,0.8660434925077005
P2,sen1floods11,dofa_upernet,F1,37,uncertainty_plus_spatial,0.7648162525879918,0.2158305489463575,0.2086602850487451,0.8722222222222222,0.2529964911484434,0.0857330428814419,0.2231931164013686,0.7768068835986314,0.8660434925077005
P2,sen1floods11,dofa_upernet,F1,37,shift_plus_spatial,0.6555814354727398,0.2624262798886753,0.2179566892299775,0.8111111111111111,0.2732174967043661,-0.3963071414165369,0.2231931164013686,0.7768068835986314,0.8660434925077005
P2,sen1floods11,dofa_upernet,F1,37,georisk_full,0.6706349206349206,0.251072287840497,0.2164337376292016,0.8277777777777777,0.2693862615199738,-0.1280475067888156,0.2231931164013686,0.7768068835986314,0.8660434925077005
P2,sen1floods11,dofa_upernet,F1,37,georisk_v2,0.6069150833721484,0.1547731760703724,0.2038789564062002,0.825,0.2474304192556826,0.6326280922682105,0.2231931164013686,0.7768068835986314,0.8660434925077005
P2,sen1floods11,dofa_upernet,F1,37,oracle_tile_loss,0.5101499798713479,0.1486078632914791,0.1965087528055411,0.9000000000000001,0.2589750369458169,1.0,0.2231931164013686,0.7768068835986314,0.8660434925077005
P2,sen1floods11,dofa_upernet,F1,71,top_tail_msp,0.3717404007911682,0.213952118264323,0.2067722276656784,0.6916666666666667,0.3051918494567537,0.0867476351048909,0.2458156341304134,0.7541843658695866,0.8459366866654044
P2,sen1floods11,dofa_upernet,F1,71,uncertainty,0.9357244968414308,0.2075806049615863,0.2041090701255364,0.6833333333333333,0.3051918494567537,0.1026379397809674,0.2458156341304134,0.7541843658695866,0.8459366866654044
P2,sen1floods11,dofa_upernet,F1,71,soft_dice_risk_binary,0.9153940195810852,0.2166424699539257,0.2469026746930026,0.9027777777777778,0.3651840526665022,0.6604696965175614,0.2458156341304134,0.7541843658695866,0.8459366866654044
P2,sen1floods11,dofa_upernet,F1,71,representation_shift,0.0179494023323059,0.2685148091012896,0.2663837886441811,0.8694444444444445,0.4055750325984133,-0.201948613887977,0.2458156341304134,0.7541843658695866,0.8459366866654044
P2,sen1floods11,dofa_upernet,F1,71,spatial_inconsistency,6.828094046795741e-05,0.2530711625818617,0.234199978812846,0.7138888888888889,0.3571782981059153,-0.3383217450986243,0.2458156341304134,0.7541843658695866,0.8459366866654044
P2,sen1floods11,dofa_upernet,F1,71,uncertainty_plus_shift,0.6260567632850241,0.2631342186363256,0.2551352081202093,0.7472222222222222,0.3494337170081053,-0.0662638018796991,0.2458156341304134,0.7541843658695866,0.8459366866654044
P2,sen1floods11,dofa_upernet,F1,71,uncertainty_plus_spatial,0.7587991718426501,0.2423253693407037,0.2092934160888033,0.7222222222222223,0.3152828933381949,-0.0643079620309955,0.2458156341304134,0.7541843658695866,0.8459366866654044
P2,sen1floods11,dofa_upernet,F1,71,shift_plus_spatial,0.6441295721187026,0.2955120799038455,0.2707766170617527,0.675,0.3677962796698536,-0.3681112496352471,0.2458156341304134,0.7541843658695866,0.8459366866654044
P2,sen1floods11,dofa_upernet,F1,71,georisk_full,0.6586151368760064,0.2772924901471167,0.2220358094680594,0.725,0.302844483902853,-0.193496887205873,0.2458156341304134,0.7541843658695866,0.8459366866654044
P2,sen1floods11,dofa_upernet,F1,71,georisk_v2,0.6289698592055004,0.1508005216632214,0.1799141500188269,0.6944444444444444,0.2936074367036397,0.4897065461921633,0.2458156341304134,0.7541843658695866,0.8459366866654044
P2,sen1floods11,dofa_upernet,F1,71,oracle_tile_loss,0.5028372834028557,0.1555038937718394,0.1862784258916701,0.8472222222222223,0.2783387186105469,1.0,0.2458156341304134,0.7541843658695866,0.8459366866654044
P2,sen1floods11,dofa_upernet,F2,13,top_tail_msp,0.417778879404068,0.3520757666957528,0.2894702301958405,0.8980762594893029,0.3914263516071963,0.2805511323459344,0.3152028254134567,0.6847971745865433,0.779994885633451
P2,sen1floods11,dofa_upernet,F2,13,uncertainty,0.9738419651985168,0.3518809836329145,0.2894702301958405,0.8980762594893029,0.3914263516071963,0.2820420532300939,0.3152028254134567,0.6847971745865433,0.779994885633451
P2,sen1floods11,dofa_upernet,F2,13,soft_dice_risk_binary,0.952107558331826,0.2930932844739369,0.3206924589864018,0.7713509316770186,0.4393729287468044,-0.0726828854808761,0.3152028254134567,0.6847971745865433,0.779994885633451
P2,sen1floods11,dofa_upernet,F2,13,representation_shift,0.0165619850158691,0.2808128268157849,0.3057157316274837,0.7161404416839199,0.4113731184144649,-0.0044865492392541,0.3152028254134567,0.6847971745865433,0.779994885633451
P2,sen1floods11,dofa_upernet,F2,13,spatial_inconsistency,2.1072446543257684e-05,0.3585417536975702,0.300433207829581,0.8806504485852312,0.404092365240676,0.1675759622572173,0.3152028254134567,0.6847971745865433,0.779994885633451
P2,sen1floods11,dofa_upernet,F2,13,uncertainty_plus_shift,0.6888326134649664,0.2859696660501054,0.2965653496619687,0.797791580400276,0.3811597223645631,0.2493530680251382,0.3152028254134567,0.6847971745865433,0.779994885633451
P2,sen1floods11,dofa_upernet,F2,13,uncertainty_plus_spatial,0.7875831276566572,0.358986959046852,0.301350553306479,0.8787525879917184,0.3914263516071963,0.228353872473015,0.3152028254134567,0.6847971745865433,0.779994885633451
P2,sen1floods11,dofa_upernet,F2,13,shift_plus_spatial,0.6829861315155433,0.2889063062776997,0.2926059359037858,0.7665631469979296,0.3754636513189757,0.1609802236615307,0.3152028254134567,0.6847971745865433,0.779994885633451
P2,sen1floods11,dofa_upernet,F2,13,georisk_full,0.701981841687724,0.316865538171951,0.3072796034404117,0.7976621808143548,0.406421652549133,0.224752876640355,0.3152028254134567,0.6847971745865433,0.779994885633451
P2,sen1floods11,dofa_upernet,F2,13,georisk_v2,0.5703999371492448,0.2439315126793162,0.3078877686468714,0.9333160800552104,0.4193184901884113,0.4849077386080119,0.3152028254134567,0.6847971745865433,0.779994885633451
P2,sen1floods11,dofa_upernet,F2,13,oracle_tile_loss,0.5324603881829879,0.2014162314277886,0.2555587417756191,0.8574016563146998,0.3118366110473669,1.0,0.3152028254134567,0.6847971745865433,0.779994885633451
P2,sen1floods11,dofa_upernet,F2,37,top_tail_msp,0.4103611409664154,0.3707047949022415,0.3032952046788427,0.869435817805383,0.4367989737023567,0.2550478624801742,0.3149377039632807,0.6850622960367192,0.7807823744045378
P2,sen1floods11,dofa_upernet,F2,37,uncertainty,0.968895137310028,0.370480582934102,0.3012503520265603,0.8646048999309869,0.4367989737023567,0.2581656287239917,0.3149377039632807,0.6850622960367192,0.7807823744045378
P2,sen1floods11,dofa_upernet,F2,37,soft_dice_risk_binary,0.9971482461394252,0.2922017232349865,0.3184825430740092,0.7595755693581782,0.4269635598304552,-0.0337002545949926,0.3149377039632807,0.6850622960367192,0.7807823744045378
P2,sen1floods11,dofa_upernet,F2,37,representation_shift,0.0170750021934509,0.2845004308364829,0.3095647678018415,0.7161404416839199,0.4059836174177154,-0.0463861340586165,0.3149377039632807,0.6850622960367192,0.7807823744045378
P2,sen1floods11,dofa_upernet,F2,37,spatial_inconsistency,1.6749609130783938e-05,0.3693539189678055,0.2952911258346595,0.830443409247757,0.375353423293074,0.1600919755271954,0.3149377039632807,0.6850622960367192,0.7807823744045378
P2,sen1floods11,dofa_upernet,F2,37,uncertainty_plus_shift,0.6871614904703138,0.3130380285541747,0.3058050898618092,0.7501725327812284,0.4015407102917088,0.2243239198336022,0.3149377039632807,0.6850622960367192,0.7807823744045378
P2,sen1floods11,dofa_upernet,F2,37,uncertainty_plus_spatial,0.7999610683434213,0.3733940055369814,0.3157178718187659,0.8285455486542443,0.4395807518651792,0.205168173991201,0.3149377039632807,0.6850622960367192,0.7807823744045378
P2,sen1floods11,dofa_upernet,F2,37,shift_plus_spatial,0.6782274098450569,0.304966735237472,0.3007738549956538,0.7784679089026915,0.3874436103143145,0.127649326699251,0.3149377039632807,0.6850622960367192,0.7807823744045378
P2,sen1floods11,dofa_upernet,F2,37,georisk_full,0.6939996278231573,0.3612196262321226,0.3338771347094478,0.7503019323671497,0.4842533581432289,0.1974578718500645,0.3149377039632807,0.6850622960367192,0.7807823744045378
P2,sen1floods11,dofa_upernet,F2,37,georisk_v2,0.5581503901632544,0.2578557373458033,0.3049561316681242,0.9048050379572118,0.4070261147017819,0.5372096490958987,0.3149377039632807,0.6850622960367192,0.7807823744045378
P2,sen1floods11,dofa_upernet,F2,37,oracle_tile_loss,0.5289884374320495,0.2023115503822729,0.2624720172447448,0.8671928916494135,0.3263014919988763,1.0,0.3149377039632807,0.6850622960367192,0.7807823744045378
P2,sen1floods11,dofa_upernet,F2,71,top_tail_msp,0.4258667528629303,0.3645662120173897,0.3267407833306696,0.8358350586611456,0.4540381345724316,0.2737122490007052,0.3237828300406182,0.6762171699593817,0.7725330417939514
P2,sen1floods11,dofa_upernet,F2,71,uncertainty,0.978996992111206,0.3635383661459173,0.3280817256731702,0.8406659765355418,0.4540381345724316,0.2765250896954071,0.3237828300406182,0.6762171699593817,0.7725330417939514
P2,sen1floods11,dofa_upernet,F2,71,soft_dice_risk_binary,0.9737018147033404,0.3025272048008178,0.3298934060625644,0.7686335403726708,0.4519801068023834,-0.0792992581843921,0.3237828300406182,0.6762171699593817,0.7725330417939514
P2,sen1floods11,dofa_upernet,F2,71,representation_shift,0.0165619850158691,0.2900057289051331,0.3169708947780094,0.7161404416839199,0.428741715905417,-0.0278880942266039,0.3237828300406182,0.6762171699593817,0.7725330417939514
P2,sen1floods11,dofa_upernet,F2,71,spatial_inconsistency,2.202954783570021e-05,0.3684312385386634,0.31937482858603,0.8233695652173912,0.4467999132045709,0.1457792115780836,0.3237828300406182,0.6762171699593817,0.7725330417939514
P2,sen1floods11,dofa_upernet,F2,71,uncertainty_plus_shift,0.687425319778261,0.2986693061224583,0.3064033946648387,0.7501725327812284,0.3969403768571032,0.2470136315448662,0.3237828300406182,0.6762171699593817,0.7725330417939514
P2,sen1floods11,dofa_upernet,F2,71,uncertainty_plus_spatial,0.7944029010205481,0.3716247921619628,0.3232703728594375,0.8452812284334024,0.4514024043141589,0.2149593850841797,0.3237828300406182,0.6762171699593817,0.7725330417939514
P2,sen1floods11,dofa_upernet,F2,71,shift_plus_spatial,0.6714633405809878,0.2945147551702404,0.2956938052501816,0.7044513457556936,0.3808661344433357,0.1384538856625712,0.3237828300406182,0.6762171699593817,0.7725330417939514
P2,sen1floods11,dofa_upernet,F2,71,georisk_full,0.7093213159389631,0.3429414591641622,0.3054622379136661,0.7881297446514838,0.3940544769097818,0.2112151834814445,0.3237828300406182,0.6762171699593817,0.7725330417939514
P2,sen1floods11,dofa_upernet,F2,71,georisk_v2,0.5602993040025211,0.2664498943423634,0.3194433928167369,0.8927708764665286,0.4421735156191357,0.4846762550411816,0.3237828300406182,0.6762171699593817,0.7725330417939514
P2,sen1floods11,dofa_upernet,F2,71,oracle_tile_loss,0.5332048988138787,0.2064708522517815,0.2649799193760167,0.8574016563146998,0.3276476483845101,1.0,0.3237828300406182,0.6762171699593817,0.7725330417939514
P2,sen1floods11,dofa_upernet,F3,13,top_tail_msp,0.3835139572620392,0.3969837994975751,0.3658300783861666,0.9429198252727664,0.4067755547995659,-0.2238470506670221,0.3572760893199194,0.6427239106800806,0.742781718042044
P2,sen1floods11,dofa_upernet,F3,13,uncertainty,0.9489307403564452,0.3968077284951369,0.3638370280747571,0.9467077040606452,0.4067755547995659,-0.2213777773589601,0.3572760893199194,0.6427239106800806,0.742781718042044
P2,sen1floods11,dofa_upernet,F3,13,soft_dice_risk_binary,0.6670113735331171,0.3122238788455447,0.3577134046653359,0.7783564474740945,0.4229802613852738,0.4595046821565675,0.3572760893199194,0.6427239106800806,0.742781718042044
P2,sen1floods11,dofa_upernet,F3,13,representation_shift,0.0129020810127258,0.3351254077494857,0.3617747822231465,0.7679636539930659,0.4198774716057755,0.0773904614917677,0.3572760893199194,0.6427239106800806,0.742781718042044
P2,sen1floods11,dofa_upernet,F3,13,spatial_inconsistency,6.959903839742765e-05,0.3516338808451716,0.3414821113755791,0.6417565277859395,0.4474805147444567,-0.2038431705867636,0.3572760893199194,0.6427239106800806,0.742781718042044
P2,sen1floods11,dofa_upernet,F3,13,uncertainty_plus_shift,0.75,0.3537903666368733,0.3758757379611556,0.9472084288260758,0.4190043904132544,-0.0745561320354732,0.3572760893199194,0.6427239106800806,0.742781718042044
P2,sen1floods11,dofa_upernet,F3,13,uncertainty_plus_spatial,0.7347222222222223,0.3756457571524833,0.3529216016794858,0.7978308456249634,0.424564737529133,-0.2355910809242298,0.3572760893199194,0.6427239106800806,0.742781718042044
P2,sen1floods11,dofa_upernet,F3,13,shift_plus_spatial,0.6875,0.3390191174705821,0.3634467655844658,0.8275119488354782,0.4095050859417778,-0.1809967186178213,0.3572760893199194,0.6427239106800806,0.742781718042044
P2,sen1floods11,dofa_upernet,F3,13,georisk_full,0.6648148148148149,0.3679234543876142,0.3879413589869795,0.84601917690153,0.4517858511386136,-0.2299801589688656,0.3572760893199194,0.6427239106800806,0.742781718042044
P2,sen1floods11,dofa_upernet,F3,13,georisk_v2,0.631493903450986,0.2903382984569165,0.3541791453182863,0.7131863234804411,0.4283375408296146,0.5356998562365872,0.3572760893199194,0.6427239106800806,0.742781718042044
P2,sen1floods11,dofa_upernet,F3,13,oracle_tile_loss,0.4834416514717374,0.2169667428271829,0.2508249224481512,0.5365186284303931,0.3619220399605463,1.0,0.3572760893199194,0.6427239106800806,0.742781718042044
P2,sen1floods11,dofa_upernet,F3,37,top_tail_msp,0.3920941352844238,0.3907385668838833,0.3611244378961686,0.8547310532604651,0.387353310756436,-0.0194798907786342,0.3802328696632487,0.6197671303367512,0.7239948772083374
P2,sen1floods11,dofa_upernet,F3,37,uncertainty,0.955451488494873,0.3904741090733705,0.3630592294963878,0.8509431744725862,0.387353310756436,-0.0166597145061118,0.3802328696632487,0.6197671303367512,0.7239948772083374
P2,sen1floods11,dofa_upernet,F3,37,soft_dice_risk_binary,0.69929090276055,0.3436922172174258,0.3865795805028114,0.7464569743981508,0.4837102729089992,0.2771729516989093,0.3802328696632487,0.6197671303367512,0.7239948772083374
P2,sen1floods11,dofa_upernet,F3,37,representation_shift,0.0129020810127258,0.3517110820780553,0.3831381705007624,0.7716401245813012,0.4737568303129711,0.0933155464826489,0.3802328696632487,0.6197671303367512,0.7239948772083374
P2,sen1floods11,dofa_upernet,F3,37,spatial_inconsistency,2.1945001208223403e-05,0.3658545534623397,0.3279926505319942,0.6903598852128264,0.3709069877989512,0.0144015351572824,0.3802328696632487,0.6197671303367512,0.7239948772083374
P2,sen1floods11,dofa_upernet,F3,37,uncertainty_plus_shift,0.7402777777777778,0.3619817684575514,0.3767348888984977,0.914449521067168,0.4607594223559773,0.07077790614663,0.3802328696632487,0.6197671303367512,0.7239948772083374
P2,sen1floods11,dofa_upernet,F3,37,uncertainty_plus_spatial,0.7597222222222222,0.3754168259241983,0.3434111481174938,0.7676820728291316,0.3814072872245901,0.0013962906570576,0.3802328696632487,0.6197671303367512,0.7239948772083374
P2,sen1floods11,dofa_upernet,F3,37,shift_plus_spatial,0.6847222222222222,0.3524062892364019,0.3805307735934448,0.810320806644336,0.4456705717934889,0.0529466256809847,0.3802328696632487,0.6197671303367512,0.7239948772083374
P2,sen1floods11,dofa_upernet,F3,37,georisk_full,0.6935185185185184,0.3737708791793913,0.376969141114029,0.8053931362754893,0.4000321960657041,0.0146135727728333,0.3802328696632487,0.6197671303367512,0.7239948772083374
P2,sen1floods11,dofa_upernet,F3,37,georisk_v2,0.6292048442833953,0.3214804674411681,0.3779850046417725,0.7407408767702885,0.4869282008720248,0.430765658137879,0.3802328696632487,0.6197671303367512,0.7239948772083374
P2,sen1floods11,dofa_upernet,F3,37,oracle_tile_loss,0.4944756151577043,0.2480179312369394,0.2745824980399597,0.5398878082701613,0.3211936324388763,1.0,0.3802328696632487,0.6197671303367512,0.7239948772083374
P2,sen1floods11,dofa_upernet,F3,71,top_tail_msp,0.4281097948551178,0.3900646100156773,0.3627209614351283,0.8755851991146109,0.4501026910674816,-0.0932452161151637,0.3665600731553093,0.6334399268446906,0.7385731007994993
P2,sen1floods11,dofa_upernet,F3,71,uncertainty,0.9806514978408812,0.3897818821360086,0.3591312599241827,0.8792616697028461,0.4501026910674816,-0.0934075513549048,0.3665600731553093,0.6334399268446906,0.7385731007994993
P2,sen1floods11,dofa_upernet,F3,71,soft_dice_risk_binary,0.5211349149416096,0.3289268444538614,0.3686809164121664,0.8030254059665825,0.5228158958379108,0.3728607509424608,0.3665600731553093,0.6334399268446906,0.7385731007994993
P2,sen1floods11,dofa_upernet,F3,71,representation_shift,0.0130908489227294,0.3484993203986195,0.3876387713995711,0.7641892421304186,0.5203273564196225,0.0964926488707027,0.3665600731553093,0.6334399268446906,0.7385731007994993
P2,sen1floods11,dofa_upernet,F3,71,spatial_inconsistency,4.9776379455579445e-05,0.2981448883928491,0.3212974080993925,0.6616422792893382,0.5074725297327951,-0.0338967627950947,0.3665600731553093,0.6334399268446906,0.7385731007994993
P2,sen1floods11,dofa_upernet,F3,71,uncertainty_plus_shift,0.7388888888888889,0.363530609654894,0.3865597122333967,0.8952052849111672,0.5022905409712168,0.0514218595210272,0.3665600731553093,0.6334399268446906,0.7385731007994993
P2,sen1floods11,dofa_upernet,F3,71,uncertainty_plus_spatial,0.6708333333333333,0.3503181307218105,0.3099104280327539,0.6676864801864802,0.3595983237244641,-0.0232647189922683,0.3665600731553093,0.6334399268446906,0.7385731007994993
P2,sen1floods11,dofa_upernet,F3,71,shift_plus_spatial,0.6694444444444445,0.3266445769948099,0.353786407814062,0.7291948247830601,0.5020306188753063,-0.0055595472878008,0.3665600731553093,0.6334399268446906,0.7385731007994993
P2,sen1floods11,dofa_upernet,F3,71,georisk_full,0.6351851851851853,0.362193214231195,0.3730094421941774,0.7487157450392744,0.4412912523563967,-0.0406429285390263,0.3665600731553093,0.6334399268446906,0.7385731007994993
P2,sen1floods11,dofa_upernet,F3,71,georisk_v2,0.6291015259786397,0.2963159314170284,0.3624747082574745,0.9029903919609802,0.5204293252425193,0.4669868974027968,0.3665600731553093,0.6334399268446906,0.7385731007994993
P2,sen1floods11,dofa_upernet,F3,71,oracle_tile_loss,0.4900784108893298,0.2537986194011951,0.2838801052857875,0.5287739221562751,0.3452944695495789,1.0,0.3665600731553093,0.6334399268446906,0.7385731007994993
