block,partition,seed,split,source_order,sample_id,event_id,temperature,legacy_risk,entropy,sdc_native,sdc_float64,numerator_float64,denominator_float64,input_valid_pixels,predicted_foreground_input,hard_mask_disagreement,confusion_0_0,raw_confusion_0_0,confusion_0_1,raw_confusion_0_1,confusion_1_0,raw_confusion_1_0,confusion_1_1,raw_confusion_1_1
P1,F1,13,calibration,0,Ghana_103272,GHA,1.2861149456146719,0.4301845321578339,0.3289933502674103,0.43018453215256636,0.4301845389699447,6163.9644829034805,10817.474962439388,262144,3427,0,255825,255825,1886,1886,17,17,1541,1541
P1,F1,13,calibration,1,Ghana_1033830,GHA,1.2861149456146719,0.27748819600416563,0.9726637601852417,0.27748819600342656,0.2774882380119088,70627.74420666695,97753.07188401325,262144,45224,0,135967,135967,451,451,61301,61301,35510,35510
P1,F1,13,calibration,2,Ghana_1078550,GHA,1.2861149456146719,0.9663238100101674,0.24015136063098907,0.9663238100093478,0.966323812446661,138.36858534812927,4108.796018818044,262144,93,0,260721,260721,16,16,1330,1330,77,77
P1,F1,13,calibration,3,Ghana_1089161,GHA,1.2861149456146719,0.48375227963460643,0.2660621702671051,0.4837522796285024,0.4837523039810885,4366.264028668404,8457.6920388008,262144,2379,0,233073,233073,184,184,720,720,2187,2187
P1,F1,13,calibration,4,Ghana_11745,GHA,1.2861149456146719,0.9992063749747622,0.27318617701530457,0.9992063749747422,0.9992063749797929,3.157637119293213,3978.751978446264,262144,3,0,262141,262141,3,3,0,0,0,0
P1,F1,13,calibration,5,Ghana_124834,GHA,1.2861149456146719,0.9997609261604113,0.2928190231323242,0.9997609261881731,0.9997609261960828,1.0263800621032715,4293.151509225834,262144,1,0,262143,262143,1,1,0,0,0,0
P1,F1,13,calibration,6,Ghana_128663,GHA,1.2861149456146719,0.5602958547688481,0.3345394432544708,0.5602958547635022,0.560295834974903,3616.614475131035,8225.108522509923,261406,2233,0,166988,166988,1860,1860,0,0,0,0
P1,F1,13,calibration,7,Ghana_132163,GHA,1.2861149456146719,0.5951828018517626,0.30110475420951843,0.5951828018462153,0.5951828102443212,2954.088902115822,7297.340569699416,262144,1733,0,55413,55413,348,348,0,0,0,0
P1,F1,13,calibration,8,Ghana_134751,GHA,1.2861149456146719,0.796909816311513,0.536495566368103,0.7969098163036379,0.7969098093584962,523.7420889139175,2578.8645293973386,37663,427,0,37236,37236,427,427,0,0,0,0
P1,F1,13,calibration,9,Ghana_135389,GHA,1.2861149456146719,0.7467308338809775,0.6075239777565002,0.746730833867463,0.7467308259300844,474.6348292827606,1874.0331547483802,24624,398,0,23975,23975,397,397,251,251,1,1
P1,F1,13,calibration,10,Ghana_141271,GHA,1.2861149456146719,0.9859181884644905,0.32516515254974365,0.9859181884642005,0.9859181890268138,68.3861974477768,4856.349625626579,262144,52,0,260462,260462,46,46,1630,1630,6,6
P1,F1,13,calibration,11,Ghana_141910,GHA,1.2861149456146719,0.16024304277212442,0.9747107625007629,0.16024304277172385,0.16024304728698036,176054.4668135643,209649.31132130744,262144,103812,0,136342,136342,55152,55152,21990,21990,48660,48660
P1,F1,13,calibration,12,Ghana_142312,GHA,1.2861149456146719,0.9647376434182819,0.32152312994003296,0.9647376434175791,0.9647376459979313,176.92154121398926,5017.292413422256,262144,140,0,262004,262004,140,140,0,0,0,0
P1,F1,13,calibration,13,Ghana_144050,GHA,1.2861149456146719,0.9999999999783612,0.2923876941204071,1.0,1.0,0.0,4621.330215450143,262144,0,0,23551,23551,0,0,0,0,0,0
P1,F1,13,calibration,14,Ghana_146222,GHA,1.2861149456146719,0.9999999999685683,0.20145365595817566,1.0,1.0,0.0,3181.4927537881304,262144,0,0,181656,181656,0,0,0,0,0,0
P1,F1,13,calibration,15,Ghana_147015,GHA,1.2861149456146719,0.8342396768869018,0.4291835427284241,0.8342396768846202,0.8342396777665685,1204.2429647445679,7264.965152810793,262144,871,0,258439,258439,175,175,2834,2834,696,696
P1,F1,13,calibration,16,Ghana_154838,GHA,1.2861149456146719,0.9999999999712476,0.21913354098796844,1.0,1.0,0.0,3477.968850068748,262144,0,0,42107,42107,0,0,0,0,0,0
P1,F1,13,calibration,17,Ghana_156478,GHA,1.2861149456146719,0.9999999999737718,0.25809717178344727,1.0,1.0,0.0,3812.6820507771336,262144,0,0,262144,262144,0,0,0,0,0,0
P1,F1,13,calibration,18,Ghana_161233,GHA,1.2861149456146719,0.8836702103765028,0.4258583188056946,0.8836702103749139,0.8836702100516904,851.678276181221,7321.239697584417,162668,592,0,1892,1892,0,0,0,0,0,0
P1,F1,13,calibration,19,Ghana_167233,GHA,1.2861149456146719,0.9999999999758079,0.27976569533348083,1.0,1.0,0.0,4133.578826468205,262144,0,0,262144,262144,0,0,0,0,0,0
P1,F1,13,calibration,20,Ghana_168875,GHA,1.2861149456146719,0.999999999965768,0.17317283153533936,1.0,1.0,0.0,2921.246036094846,262144,0,0,41796,41796,0,0,0,0,0,0
P1,F1,13,calibration,21,Ghana_187318,GHA,1.2861149456146719,0.9950528179182853,0.29611584544181824,0.995052817918168,0.9950528178908944,20.877124428749084,4220.003219675971,262144,19,0,262125,262125,19,19,0,0,0,0
P1,F1,13,calibration,22,Ghana_194723,GHA,1.2861149456146719,0.9222068392089653,0.2730601131916046,0.9222068392071125,0.9222068411422254,326.6306048631668,4198.706025813008,262144,198,0,47220,47220,188,188,0,0,0,0
P1,F1,13,calibration,23,Ghana_247288,GHA,1.2861149456146719,0.193601846424306,0.8662827014923096,0.19360184642321376,0.1936018309693598,59535.207203388214,73828.54957986157,261625,34801,0,11214,11214,2310,2310,10752,10752,15898,15898
P1,F1,13,calibration,24,Ghana_24858,GHA,1.2861149456146719,0.9721034380805947,0.24070051312446594,0.9721034380798443,0.9721034398682565,103.71462261676788,3717.8283676183783,262144,68,0,261617,261617,43,43,459,459,25,25
P1,F1,13,calibration,25,Ghana_264787,GHA,1.2861149456146719,0.999999999970345,0.21810807287693024,1.0,1.0,0.0,3372.119561083149,262144,0,0,181975,181975,0,0,0,0,0,0
P1,F1,13,calibration,26,Ghana_308249,GHA,1.2861149456146719,0.40544091428073215,0.4200206696987152,0.40544091427665685,0.4054408756845982,8674.262156367302,14589.402132807532,262144,5066,0,253723,253723,391,391,3355,3355,4675,4675
P1,F1,13,calibration,27,Ghana_313799,GHA,1.2861149456146719,0.7295825267270537,0.3777156472206116,0.7295825267230993,0.7295825310200441,1849.2318181991577,6838.433275685413,262144,1348,0,229507,229507,24,24,13629,13629,1304,1304
P1,F1,13,calibration,28,Ghana_319168,GHA,1.2861149456146719,0.23119834048402899,0.9327556490898132,0.2311983404830914,0.2311983536480997,63037.79279637337,81994.87227362068,262144,38487,0,130685,130685,1418,1418,14515,14515,25006,25006
P1,F1,13,calibration,29,Ghana_359826,GHA,1.2861149456146719,0.6212138260755495,0.47917675971984863,0.6212138260721345,0.6212138234171544,4201.383749842644,11091.702943715383,262144,2532,0,258082,258082,566,566,1530,1530,1966,1966
P1,F1,13,calibration,30,Ghana_362274,GHA,1.2861149456146719,0.27870812892398933,0.618728518486023,0.2787081289217622,0.2787081569846729,23360.48799240589,32387.012578360038,262144,13847,0,240204,240204,839,839,6300,6300,12064,12064
P1,F1,13,calibration,31,Ghana_406026,GHA,1.2861149456146719,0.41674325268820656,0.4041794538497925,0.4167432526843351,0.41674322511153794,8787.069539546967,15065.525027510128,262144,4688,0,257192,257192,647,647,264,264,4041,4041
P1,F1,13,calibration,32,Ghana_45911,GHA,1.2861149456146719,0.9999999999671376,0.19345402717590332,1.0,1.0,0.0,3042.9961356227286,262144,0,0,29269,29269,0,0,0,0,0,0
P1,F1,13,calibration,33,Ghana_495107,GHA,1.2861149456146719,0.8953742701482605,0.4027039706707001,0.8953742701467321,0.8953742686985696,716.1899223327637,6845.256070606527,262144,527,0,258072,258072,113,113,3545,3545,414,414
P1,F1,13,calibration,34,Ghana_49890,GHA,1.2861149456146719,0.9999999999758781,0.2615131437778473,1.0,1.0,0.0,4145.61200596788,262144,0,0,262144,262144,0,0,0,0,0,0
P1,F1,13,calibration,35,Ghana_53713,GHA,1.2861149456146719,0.999999999979654,0.31375521421432495,1.0,1.0,0.0,4914.98174416367,262144,0,0,262144,262144,0,0,0,0,0,0
P1,F1,13,calibration,36,Ghana_597288,GHA,1.2861149456146719,0.39355179150663455,0.42334097623825073,0.39355179150272457,0.39355178806287017,9406.25088918209,15510.394299187465,262144,5504,0,255654,255654,800,800,986,986,4704,4704
P1,F1,13,calibration,37,Ghana_61925,GHA,1.2861149456146719,0.7577948437348895,0.22977043688297272,0.757794843729701,0.7577948507135857,1130.6256952285767,4668.049785727635,262144,632,0,261447,261447,46,46,65,65,586,586
P1,F1,13,calibration,38,Ghana_7496,GHA,1.2861149456146719,0.9999999999707888,0.22243891656398773,1.0,1.0,0.0,3423.3458538709674,262144,0,0,262144,262144,0,0,0,0,0,0
P1,F1,13,calibration,39,Ghana_8090,GHA,1.2861149456146719,0.9926635255549286,0.2092684954404831,0.9926635255547097,0.992663525068166,24.591137290000916,3351.900949500501,262144,18,0,194646,194646,16,16,2,2,2,2
P1,F1,13,calibration,40,Ghana_83200,GHA,1.2861149456146719,0.712155750527498,0.44734159111976624,0.712155750524232,0.7121557565036424,2536.871525287628,8813.348130478524,262144,1800,0,97442,97442,240,240,364,364,169,169
P1,F1,13,calibration,41,Ghana_866994,GHA,1.2861149456146719,0.06592959492784711,0.9005041122436523,0.06592959492759665,0.0659294802739736,348315.03514003754,372900.14809824247,262144,191846,0,1035,1035,10505,10505,35694,35694,70277,70277
P1,F1,13,calibration,42,Ghana_868803,GHA,1.2861149456146719,0.19505465005451217,0.9816758632659912,0.19505465005402411,0.19505454889529839,132764.88673830032,164936.50166740455,262144,79616,0,117184,117184,909,909,65344,65344,78707,78707
P1,F1,13,calibration,43,Ghana_887131,GHA,1.2861149456146719,0.4893956307012046,0.5086118578910828,0.48939563069756453,0.48939563925219365,7162.438794493675,14027.374901389237,262144,4684,0,251509,251509,560,560,5951,5951,4124,4124
P1,F1,13,calibration,44,Ghana_895194,GHA,1.2861149456146719,0.25567826017160233,0.3592172861099243,0.25567826016781003,0.2556782292702373,14609.258036971092,19627.610814940417,262144,8144,0,243428,243428,581,581,1134,1134,7563,7563
P1,F1,13,calibration,45,Ghana_953791,GHA,1.2861149456146719,0.7891743847358035,0.3393966555595398,0.7891743847325206,0.7891743734716417,1353.866829276085,6421.737487847451,262144,928,0,259038,259038,334,334,2178,2178,594,594
P1,F1,13,calibration,46,Ghana_97059,GHA,1.2861149456146719,0.7984130891556485,0.19675900042057037,0.7984130891504936,0.7984130931927366,788.3211773633957,3910.577278300654,262144,449,0,26967,26967,427,427,0,0,0,0
P1,F1,13,calibration,47,Ghana_97516,GHA,1.2861149456146719,0.7161833743026389,0.3672506511211395,0.7161833742990042,0.716183373639808,2216.2437192201614,7808.717014370835,262144,1294,0,186518,186518,266,266,121,121,650,650
P1,F1,13,calibration,48,Pakistan_1027214,PAK,1.2861149456146719,0.13804402422445672,0.9629455804824829,0.13804402422403517,0.13804395422472282,176272.1384459734,204502.46774175973,262144,100529,0,119859,119859,15229,15229,4476,4476,19394,19394
P1,F1,13,calibration,49,Pakistan_1036366,PAK,1.2861149456146719,0.28698749988844663,0.9284346103668213,0.286987499887432,0.28698747614085485,50103.38364315033,70269.99101217499,262144,31001,0,85547,85547,2160,2160,9150,9150,13523,13523
P1,F1,13,calibration,50,Pakistan_132143,PAK,1.2861149456146719,0.732909092326185,0.6876404881477356,0.7329090923242496,0.7329090908509025,3686.2431540489197,13801.454964501085,262144,2803,0,259341,259341,2803,2803,0,0,0,0
P1,F1,13,calibration,51,Pakistan_167553,PAK,1.2861149456146719,0.39582150659365656,0.9882767200469971,0.3958215065930375,0.39582148823582963,58968.18080341816,97600.59263152885,262144,42934,0,204891,204891,40756,40756,1064,1064,394,394
P1,F1,13,calibration,52,Pakistan_210595,PAK,1.2861149456146719,0.8519761407726656,0.8010119199752808,0.8519761407717936,0.8519761395881736,2512.688936114311,16974.891271742294,262144,2166,0,259978,259978,2166,2166,0,0,0,0
P1,F1,13,calibration,53,Pakistan_211386,PAK,1.2861149456146719,0.5472267152072003,0.9804539084434509,0.5472267152064287,0.5472267495589654,26568.92359006405,58680.417988880654,262144,20073,0,232749,232749,15797,15797,3599,3599,3260,3260
P1,F1,13,calibration,54,Pakistan_246510,PAK,1.2861149456146719,0.34294660719318104,0.9910919070243835,0.3429466071926415,0.3429465916430179,80020.13830065727,121786.35295531672,262144,53723,0,203761,203761,44315,44315,1815,1815,8926,8926
P1,F1,13,calibration,55,Pakistan_246718,PAK,1.2861149456146719,0.3390128624127001,0.8811355829238892,0.3390128624113411,0.3390128589342841,32150.676973700523,48640.39703081618,262144,19627,0,214909,214909,7243,7243,1361,1361,11765,11765
P1,F1,13,calibration,56,Pakistan_336228,PAK,1.2861149456146719,0.255719618543669,0.7605781555175781,0.2557196185420144,0.25571963271942477,33480.60452091694,44983.86091150995,262144,20053,0,116268,116268,16203,16203,0,0,0,0
P1,F1,13,calibration,57,Pakistan_35915,PAK,1.2861149456146719,0.2616550386762654,0.9822342991828918,0.2616550386757662,0.26165502191948975,109226.77779817581,147934.61192373082,262144,67592,0,69591,69591,7341,7341,4576,4576,47725,47725
P1,F1,13,calibration,58,Pakistan_366265,PAK,1.2861149456146719,0.4265499272995229,0.9889510273933411,0.4265499272988922,0.42654997762466584,52139.431284070015,90922.36332662264,262144,37511,0,119876,119876,7413,7413,2,2,0,0
P1,F1,13,calibration,59,Pakistan_401863,PAK,1.2861149456146719,0.6050173133865102,0.9853618741035461,0.605017313385819,0.6050173505316219,22569.537492990494,57140.57952512009,262144,17619,0,241052,241052,14469,14469,324,324,3000,3000
P1,F1,13,calibration,60,Pakistan_43105,PAK,1.2861149456146719,0.3506589444189935,0.9487762451171875,0.35065894441805123,0.3506589505725709,44747.00800180435,68911.41110093228,261411,30224,0,230502,230502,30169,30169,265,265,6,6
P1,F1,13,calibration,61,Pakistan_474121,PAK,1.2861149456146719,0.33607883976941544,0.9890720248222351,0.33607883976884545,0.33607886025992506,77339.27366578579,116488.64456411812,262144,50377,0,148575,148575,23321,23321,724,724,8169,8169
P1,F1,13,calibration,62,Pakistan_528249,PAK,1.2861149456146719,0.24822579008516021,0.9203161597251892,0.24822579008429957,0.24822581267839594,65661.81033062935,87342.46458310448,262144,40958,0,72414,72414,4568,4568,0,0,0,0
P1,F1,13,calibration,63,Pakistan_548910,PAK,1.2861149456146719,0.8115803152234777,0.8298880457878113,0.8115803152224512,0.8115803084238774,3458.577765583992,18355.712912239367,262144,2933,0,229898,229898,2359,2359,2888,2888,551,551
P1,F1,13,calibration,64,Pakistan_65724,PAK,1.2861149456146719,0.29817545653667576,0.9410271048545837,0.2981754565356496,0.29817548984306774,48002.263474226,68396.39080643165,262144,31158,0,230985,230985,31158,31158,0,0,0,0
P1,F1,13,calibration,65,Pakistan_664885,PAK,1.2861149456146719,0.29898718613047204,0.9672474265098572,0.29898718612977815,0.2989872200237703,70820.36534273624,101025.78350303066,262144,42113,0,64250,64250,6377,6377,103,103,2280,2280
P1,F1,13,calibration,66,Pakistan_667363,PAK,1.2861149456146719,0.2574718735642766,0.9360557198524475,0.25747187356336787,0.25747183826235787,60669.70122587681,81706.93631861638,262144,37785,0,130189,130189,31076,31076,74,74,1145,1145
P1,F1,13,calibration,67,Pakistan_694942,PAK,1.2861149456146719,0.2358222170569001,0.9904999136924744,0.23582221705650086,0.2358222044274585,146288.75867533684,191432.88318883115,262144,90726,0,128132,128132,44831,44831,650,650,17831,17831
P1,F1,13,calibration,68,Pakistan_70625,PAK,1.2861149456146719,0.25139287115306164,0.9687644243240356,0.2513928711524219,0.2513929091851955,87615.31679439545,117037.78640278778,262144,54576,0,206346,206346,51131,51131,1222,1222,3445,3445
P1,F1,13,calibration,69,Pakistan_712873,PAK,1.2861149456146719,0.6942187192396763,0.6957030296325684,0.694218719237734,0.6942187264745971,4814.149439930916,15743.768035327317,262144,3329,0,116472,116472,1769,1769,613,613,703,703
P1,F1,13,calibration,70,Pakistan_740461,PAK,1.2861149456146719,0.20735735378520037,0.9757508635520935,0.20735735378468667,0.20735733976565596,122320.17834758759,154319.44870520057,262144,76633,0,146697,146697,64759,64759,0,0,0,0
P1,F1,13,calibration,71,Pakistan_760290,PAK,1.2861149456146719,0.5832600894159027,0.990911066532135,0.5832600894153133,0.5832600991936813,29465.594065070152,70704.99850880462,262144,23503,0,213352,213352,20146,20146,0,0,0,0
P1,F1,13,calibration,72,Pakistan_849790,PAK,1.2861149456146719,0.2719753807724937,0.9804430603981018,0.2719753807718813,0.2719754407743846,86548.96111834049,118881.92509659403,262144,55222,0,81392,81392,3939,3939,121247,121247,50661,50661
P1,F1,13,calibration,73,Pakistan_909806,PAK,1.2861149456146719,0.6355892423792713,0.6220477819442749,0.6355892423764282,0.6355892552748965,4670.890901088715,12817.654168271692,262144,3222,0,114365,114365,508,508,880,880,534,534
P1,F1,13,calibration,74,Pakistan_94095,PAK,1.2861149456146719,0.13470121790154577,0.9802750945091248,0.1347012179012248,0.13470117739088505,233253.9693492651,269564.64432245493,262144,135637,0,94892,94892,32112,32112,6701,6701,46865,46865
P1,F1,13,calibration,75,Pakistan_9684,PAK,1.2861149456146719,0.5474822307739629,0.8370050191879272,0.5474822307722272,0.5474822089327502,11798.092699408531,26072.10795311071,262144,8447,0,109778,109778,2576,2576,169,169,1027,1027
P1,F1,13,calibration,76,USA_1010394,USA,1.2861149456146719,0.8142072455016423,0.5827862024307251,0.8142072455000026,0.8142072407675123,2105.289501309395,11331.386163843912,262144,1574,0,259701,259701,949,949,856,856,625,625
P1,F1,13,calibration,77,USA_1039203,USA,1.2861149456146719,0.6460109947768251,0.6380751729011536,0.6460109947745682,0.6460110073309622,5552.320138454437,15685.00787719572,262144,3737,0,258003,258003,2498,2498,372,372,1239,1239
P1,F1,13,calibration,78,USA_1049586,USA,1.2861149456146719,0.6603192486712424,0.4581776559352875,0.6603192486678893,0.660319238517276,3441.1171538829803,10130.444652980426,262144,2157,0,259232,259232,707,707,672,672,1450,1450
P1,F1,13,calibration,79,USA_1068362,USA,1.2861149456146719,0.27652563730728197,0.8524038195610046,0.2765256373060132,0.27652561477431203,41256.63366782665,57025.70057812985,262144,25139,0,225999,225999,4943,4943,10986,10986,20196,20196
P1,F1,13,calibration,80,USA_1082482,USA,1.2861149456146719,0.744149310458126,0.5200849175453186,0.7441493104555762,0.7441493508977877,2567.2265907526016,10034.082773528527,262144,1663,0,259398,259398,526,526,1069,1069,1137,1137
P1,F1,13,calibration,81,USA_11422,USA,1.2861149456146719,0.1676901075837678,0.8908778429031372,0.16769010758304415,0.1676900918098304,95735.44340467453,115023.7939769912,262144,55078,0,205198,205198,20924,20924,1866,1866,34154,34154
P1,F1,13,calibration,82,USA_114964,USA,1.2861149456146719,0.720235325263083,0.6288880705833435,0.7202353252609729,0.720235331742445,3709.258182168007,13258.494023817242,262144,2527,0,259450,259450,2321,2321,148,148,206,206
P1,F1,13,calibration,83,USA_115033,USA,1.2861149456146719,0.7084588890746806,0.38651350140571594,0.7084588890711094,0.7084588978024919,2380.1122282743454,8163.899396462832,262144,1488,0,259465,259465,285,285,1156,1156,1203,1203
P1,F1,13,calibration,84,USA_170264,USA,1.2861149456146719,0.2060700603378336,0.8591349720954895,0.2060700603369059,0.2060700718013535,67944.01435542107,85579.35901166964,262144,38928,0,214837,214837,3610,3610,8226,8226,35309,35309
P1,F1,13,calibration,85,USA_179917,USA,1.2861149456146719,0.73469269356088,0.6274353265762329,0.7346926935587601,0.7346926940474425,3320.360743880272,12515.150051970384,262144,2366,0,259684,259684,1899,1899,44,44,467,467
P1,F1,13,calibration,86,USA_181263,USA,1.2861149456146719,0.8722333841038116,0.7760388851165771,0.8722333841029499,0.8722333907488978,1894.492135167122,14827.756221062737,207502,1462,0,205385,205385,1049,1049,652,652,413,413
P1,F1,13,calibration,87,USA_181503,USA,1.2861149456146719,0.7820092836371562,0.5784080624580383,0.7820092836353096,0.7820092879397604,2573.390607237816,11805.04702662141,262144,1897,0,259466,259466,1455,1455,752,752,442,442
P1,F1,13,calibration,88,USA_19225,USA,1.2861149456146719,0.6656021593429654,0.6347851157188416,0.6656021593406338,0.6656021678575956,4796.21720290184,14342.84777557815,262144,3203,0,258616,258616,2115,2115,303,303,1088,1088
P1,F1,13,calibration,89,USA_198411,USA,1.2861149456146719,0.40871252616208875,0.9502652883529663,0.40871252615970943,0.4087125552934946,14694.697714924812,24852.037442159373,87651,9956,0,72743,72743,2742,2742,2255,2255,6482,6482
P1,F1,13,calibration,90,USA_211406,USA,1.2861149456146719,0.7195001173178279,0.6839258074760437,0.7195001173159663,0.7195000905827342,4226.240487217903,15066.815871697967,262144,2996,0,258836,258836,2135,2135,269,269,861,861
P1,F1,13,calibration,91,USA_217598,USA,1.2861149456146719,0.1783010180357234,0.7292836904525757,0.17830101803463883,0.17830101365712192,62254.961862802505,75763.70775371115,257309,34817,0,210352,210352,1694,1694,12128,12128,33123,33123
P1,F1,13,calibration,92,USA_224165,USA,1.2861149456146719,0.8321141159354591,0.669593095779419,0.8321141159342674,0.8321141253217312,2365.223346352577,14088.28080912237,262144,1694,0,260426,260426,1539,1539,6,6,155,155
P1,F1,13,calibration,93,USA_225017,USA,1.2861149456146719,0.2916412107554849,0.7443853616714478,0.2916412107537695,0.2916412151340315,29251.2932895422,41294.45969259343,262144,16939,0,242845,242845,2513,2513,2354,2354,14426,14426
P1,F1,13,calibration,94,USA_231124,USA,1.2861149456146719,0.8500466894823471,0.6890622973442078,0.8500466894808374,0.8500466807609509,1489.4956405162811,9933.062156108674,133432,1121,0,125360,125360,210,210,3530,3530,309,309
P1,F1,13,calibration,95,USA_232060,USA,1.2861149456146719,0.8330700439730792,0.6451249122619629,0.8330700439717489,0.8330700286806384,2094.712582707405,12548.451102887397,262144,1472,0,259763,259763,651,651,892,892,821,821
P1,F1,13,calibration,96,USA_251323,USA,1.2861149456146719,0.665782318707807,0.7217010259628296,0.6657823187059392,0.6657823003663585,5980.1920647621155,17893.104019677616,261626,4133,0,256756,256756,3587,3587,252,252,443,443
P1,F1,13,calibration,97,USA_260929,USA,1.2861149456146719,0.5602744727511293,0.6743431687355042,0.560274472748797,0.5602744922940177,8290.66753411293,18854.188326178235,262144,5609,0,254502,254502,2612,2612,2023,2023,2997,2997
P1,F1,13,calibration,98,USA_275372,USA,1.2861149456146719,0.7702463679670536,0.4230659008026123,0.7702463679642224,0.7702463752380376,1864.5066581964493,8115.243709987961,262144,1231,0,259100,259100,316,316,1807,1807,915,915
P1,F1,13,calibration,99,USA_308150,USA,1.2861149456146719,0.6798554405922307,0.5350754857063293,0.6798554405894802,0.6798554551164195,3726.3621554374695,11639.624085403513,262144,2478,0,258602,258602,518,518,947,947,1960,1960
P1,F1,13,calibration,100,USA_347609,USA,1.2861149456146719,0.7797010408729627,0.6550045609474182,0.7797010408711621,0.7797010320387301,2695.378525018692,12235.093745389488,209488,1942,0,202217,202217,557,557,886,886,756,756
P1,F1,13,calibration,101,USA_348639,USA,1.2861149456146719,0.276105514558061,0.8637351393699646,0.27610551455690613,0.27610548968096305,45372.87829840183,62678.8539650687,262144,26103,0,230326,230326,4638,4638,5689,5689,21465,21465
P1,F1,13,calibration,102,USA_350244,USA,1.2861149456146719,0.7545623960978852,0.6538165211677551,0.7545623960960794,0.754562399188786,3335.915542602539,13591.705311560887,262144,2429,0,258931,258931,1904,1904,760,760,525,525
P1,F1,13,calibration,103,USA_354981,USA,1.2861149456146719,0.7249568906605364,0.5959939956665039,0.7249568906583117,0.7249569046751443,3400.5020917654037,12363.524660559255,262144,2316,0,258893,258893,1394,1394,802,802,922,922
P1,F1,13,calibration,104,USA_366607,USA,1.2861149456146719,0.13091970020033106,0.6755348443984985,0.13091970019944377,0.13091969584323904,85121.4478571415,97944.2836870316,262144,46335,0,212008,212008,806,806,3796,3796,45529,45529
P1,F1,13,calibration,105,USA_375183,USA,1.2861149456146719,0.5671895702909326,0.5708373188972473,0.5671895702880664,0.5671895751487473,6535.61662709713,15100.414065449731,262144,4087,0,254623,254623,924,924,3368,3368,3150,3150
P1,F1,13,calibration,106,USA_387945,USA,1.2861149456146719,0.4114216999644029,0.8126815557479858,0.4114216999627325,0.4114216647670811,20737.981353521347,35234.02088069497,262144,13223,0,243932,243932,4754,4754,4984,4984,8469,8469
P1,F1,13,calibration,107,USA_430764,USA,1.2861149456146719,0.4120710418296727,0.8822996020317078,0.41207104182838505,0.4120710381528463,26844.736868858337,45659.83071240038,262144,17350,0,240655,240655,6043,6043,4132,4132,11307,11307
P1,F1,13,calibration,108,USA_438959,USA,1.2861149456146719,0.4718267247802673,0.5168161392211914,0.47182672477706733,0.4718266767574192,8717.877432703972,16505.713274541893,253924,5294,0,246974,246974,623,623,1632,1632,4671,4671
P1,F1,13,calibration,109,USA_486103,USA,1.2861149456146719,0.7517331381633892,0.6059927344322205,0.7517331381614127,0.7517331281449326,3118.4903581142426,12561.041007254273,262144,2145,0,253995,253995,823,823,5920,5920,1322,1322
P1,F1,13,calibration,110,USA_504150,USA,1.2861149456146719,0.6700276290639308,0.7405810356140137,0.6700276290621823,0.6700276065884203,6227.476219654083,18872.718881929177,262144,4107,0,257295,257295,1569,1569,724,724,2538,2538
P1,F1,13,calibration,111,USA_519181,USA,1.2861149456146719,0.7310687098590827,0.6977763772010803,0.7310687098573145,0.7310686998940548,4090.5339102745056,15210.330328463227,262144,2822,0,258615,258615,1360,1360,690,690,1462,1462
P1,F1,13,calibration,112,USA_527077,USA,1.2861149456146719,0.7463527979197034,0.7919464111328125,0.7463527979182922,0.7463528212484323,4559.028842449188,17973.89927571197,262144,3683,0,257638,257638,2843,2843,806,806,840,840
P1,F1,13,calibration,113,USA_58086,USA,1.2861149456146719,0.27596425904212596,0.7276008129119873,0.2759642590404753,0.2759643211525764,31760.224723815918,43865.55200480495,262144,19003,0,240977,240977,5241,5241,2132,2132,13762,13762
P1,F1,13,calibration,114,USA_595451,USA,1.2861149456146719,0.14153077101115996,0.7601060271263123,0.1415307710102639,0.1415307180400771,82249.65135884285,95809.66155371722,262144,45382,0,213031,213031,28574,28574,3723,3723,16808,16808
P1,F1,13,calibration,115,USA_604222,USA,1.2861149456146719,0.5345379341619839,0.8998386263847351,0.5345379341606395,0.5345379232983473,16116.676629662514,34625.11219790054,262144,10762,0,248136,248136,7346,7346,3225,3225,3416,3416
P1,F1,13,calibration,116,USA_605492,USA,1.2861149456146719,0.312753759452441,0.7872335910797119,0.31275375945082196,0.31275376218232565,29172.297357797623,42448.10048059805,262144,17542,0,242736,242736,16358,16358,1847,1847,1184,1184
P1,F1,13,calibration,117,USA_638521,USA,1.2861149456146719,0.6956739804319148,0.6123348474502563,0.6956739804296275,0.6956739600689381,4049.042325258255,13304.948620812967,262144,2933,0,255448,255448,1529,1529,3760,3760,1404,1404
P1,F1,13,calibration,118,USA_646878,USA,1.2861149456146719,0.6381543797081003,0.8455962538719177,0.6381543797066191,0.6381543525870339,8839.998781323433,24430.302933102706,254040,6252,0,245570,245570,4303,4303,844,844,1580,1580
P1,F1,13,calibration,119,USA_652955,USA,1.2861149456146719,0.3960768943223264,0.8339208364486694,0.396076894320852,0.39607690193879497,24737.445590257645,40961.25097661128,262144,15089,0,245541,245541,8073,8073,1511,1511,7016,7016
P1,F1,13,calibration,120,USA_655230,USA,1.2861149456146719,0.8350258216199588,0.5580856204032898,0.8350258216182382,0.8350258158227549,1581.9312586784363,9588.962458385853,262144,1103,0,260491,260491,493,493,535,535,610,610
P1,F1,13,calibration,121,USA_66026,USA,1.2861149456146719,0.7294823912243062,0.6931703686714172,0.7294823912225591,0.729482404613398,4188.4616304636,15483.13936650881,262144,2978,0,258951,258951,2203,2203,212,212,775,775
P1,F1,13,calibration,122,USA_664261,USA,1.2861149456146719,0.5141215901544669,0.8750815391540527,0.5141215901529241,0.5141215776433495,15302.31353855133,31494.120410473668,262095,10334,0,251003,251003,6269,6269,750,750,4065,4065
P1,F1,13,calibration,123,USA_66511,USA,1.2861149456146719,0.7800297498238469,0.6656076908111572,0.7800297498222297,0.7800297593162554,2992.2601467370987,13603.022560852347,262144,2155,0,258106,258106,1303,1303,1875,1875,852,852
P1,F1,13,calibration,124,USA_670826,USA,1.2861149456146719,0.7226218379915912,0.6196117997169495,0.7226218379894879,0.722621829307073,3658.135300040245,13188.259519131389,262144,2606,0,257035,257035,2087,2087,2491,2491,519,519
P1,F1,13,calibration,125,USA_67102,USA,1.2861149456146719,0.3693320767180669,0.74172443151474,0.3693320767161462,0.3693320913533953,20707.67574608326,32834.51633129921,262144,12011,0,249571,249571,3029,3029,510,510,8981,8981
P1,F1,13,calibration,126,USA_693819,USA,1.2861149456146719,0.7675018613228208,0.4214118421077728,0.7675018613199593,0.7675018549837441,1889.055714726448,8125.03564101283,262144,1263,0,259410,259410,240,240,1431,1431,1023,1023
P1,F1,13,calibration,127,USA_741073,USA,1.2861149456146719,0.6998485992331178,0.5816830992698669,0.6998485992307923,0.6998486130146764,3874.191675901413,12907.458848727052,262144,2752,0,257765,257765,975,975,1598,1598,1777,1777
P1,F1,13,calibration,128,USA_741178,USA,1.2861149456146719,0.7557425089127588,0.682788074016571,0.755742508911023,0.7557425123519064,3437.0464383363724,14071.40665955015,262144,2611,0,258714,258714,1957,1957,792,792,654,654
P1,F1,13,calibration,129,USA_758178,USA,1.2861149456146719,0.7650852065555316,0.6552566289901733,0.765085206553748,0.7650852102149637,3093.9830288887024,13170.660866946331,262144,2234,0,258989,258989,1527,1527,910,910,707,707
P1,F1,13,calibration,130,USA_761032,USA,1.2861149456146719,0.4137254012320134,0.7261106371879578,0.4137254012298853,0.41372543186358957,16151.612942934036,27549.57117494475,262144,9953,0,246396,246396,3612,3612,5776,5776,6341,6341
P1,F1,13,calibration,131,USA_770353,USA,1.2861149456146719,0.254175509198585,0.9424511790275574,0.2541755091977389,0.25417549869648526,65746.37376630306,88152.6064796676,262144,39560,0,217430,217430,10284,10284,5151,5151,29276,29276
P1,F1,13,calibration,132,USA_778194,USA,1.2861149456146719,0.5813934512282393,0.776383101940155,0.5813934512264912,0.5813934482714395,10024.842903375626,23948.12709447532,262144,6566,0,255066,255066,3166,3166,438,438,3400,3400
P1,F1,13,calibration,133,USA_788696,USA,1.2861149456146719,0.08766674131142249,0.756679117679596,0.08766674131098795,0.08766674562145738,191548.03519773483,209954.02094403794,262144,104772,0,149884,149884,794,794,7470,7470,103978,103978
P1,F1,13,calibration,134,USA_806273,USA,1.2861149456146719,0.5546735272040932,0.6588098406791687,0.5546735272015688,0.554673543069379,7856.130712985992,17641.284479556372,262144,5172,0,253045,253045,3299,3299,3914,3914,1873,1873
P1,F1,13,calibration,135,USA_826217,USA,1.2861149456146719,0.5257457675221597,0.553405225276947,0.5257457675191989,0.5257457963846954,7596.168811202049,16017.082723348401,262144,4367,0,257029,257029,599,599,730,730,3768,3768
P1,F1,13,calibration,136,USA_831672,USA,1.2861149456146719,0.41382247701057695,0.7961306571960449,0.4138224770087665,0.4138224651363228,18978.858043074608,32377.320716476068,262144,12332,0,238994,238994,2165,2165,10790,10790,10167,10167
P1,F1,13,calibration,137,USA_84195,USA,1.2861149456146719,0.6270070084564456,0.5561915636062622,0.6270070084536323,0.6270069943757689,4945.1353586912155,13257.984155534417,262144,3230,0,257696,257696,630,630,1211,1211,2600,2600
P1,F1,13,calibration,138,USA_86502,USA,1.2861149456146719,0.39710073538914026,0.9881691932678223,0.3971007353885264,0.3971007345756361,59208.93618500233,98207.01331146393,262144,43195,0,187457,187457,8313,8313,31480,31480,34882,34882
P1,F1,13,calibration,139,USA_905409,USA,1.2861149456146719,0.13004196055531092,0.6381217241287231,0.13004196055436734,0.1300420127895615,80209.85729932785,92199.69065003307,262144,43516,0,216712,216712,920,920,1871,1871,42596,42596
P1,F1,13,calibration,140,USA_908474,USA,1.2861149456146719,0.6320159345625432,0.9628167152404785,0.6320159345616151,0.6320159282737892,14589.651173949242,39647.507310599845,262144,11846,0,248945,248945,11280,11280,1280,1280,566,566
P1,F1,13,calibration,141,USA_933610,USA,1.2861149456146719,0.5465904181810052,0.5225425362586975,0.5465904181778756,0.5465904290311961,6568.917013287544,14487.821682395646,262144,4082,0,257341,257341,863,863,604,604,3219,3219
P1,F1,13,calibration,142,USA_955053,USA,1.2861149456146719,0.20581421527593058,0.9529505968093872,0.2058142152752339,0.20581420917910398,90531.81252324581,113993.24134176364,262144,54410,0,200596,200596,25706,25706,7134,7134,28704,28704
P1,F1,13,calibration,143,USA_986268,USA,1.2861149456146719,0.5863845468047733,0.5340513586997986,0.5863845468015515,0.5863845370577405,5310.082213759422,12838.210099753225,262144,3564,0,252390,252390,641,641,6169,6169,2923,2923
P1,F1,13,calibration,144,USA_994009,USA,1.2861149456146719,0.771189869053982,0.48045483231544495,0.7711898690515271,0.7711898620104263,2132.578194499016,9320.295915368013,262144,1498,0,259424,259424,697,697,1096,1096,801,801
P1,F1,13,test,0,Bolivia_103757,BOL,1.2861149456146719,0.20324138545774628,0.9844720363616943,0.20324138545663106,0.20324136989797348,56923.76462960243,71444.17704306915,101623,35987,0,50879,50879,1836,1836,9130,9130,26232,26232
P1,F1,13,test,1,Bolivia_129334,BOL,1.2861149456146719,0.1305508695928589,0.9747178554534912,0.13055086959259232,0.13055082680211227,283517.28081309795,326088.38969885255,261395,174787,0,72429,72429,8569,8569,11212,11212,144855,144855
P1,F1,13,test,2,Bolivia_195474,BOL,1.2861149456146719,0.7821299723861266,0.4063932001590729,0.78212997238286,0.7821299640887666,1453.098553776741,6669.5658615890425,262144,1101,0,258714,258714,1070,1070,1520,1520,31,31
P1,F1,13,test,3,Bolivia_23014,BOL,1.2861149456146719,0.3038649604049445,0.4830472767353058,0.30386496040173794,0.3038649682694675,15113.33897125721,21710.35543734487,193558,9166,0,173304,173304,1911,1911,525,525,7255,7255
P1,F1,13,test,4,Bolivia_233925,BOL,1.2861149456146719,0.6524701429919395,0.3397895395755768,0.6524701429875537,0.6524701384225565,2753.7406672239304,7923.75266610086,197636,1611,0,145289,145289,1004,1004,1,1,0,0
P1,F1,13,test,5,Bolivia_242570,BOL,1.2861149456146719,0.32778996769277846,0.9818019270896912,0.32778996769209134,0.32778996568427543,65769.23454463482,97840.30464761588,262144,44550,0,129691,129691,18470,18470,9627,9627,17719,17719
P1,F1,13,test,6,Bolivia_290290,BOL,1.2861149456146719,0.2958845990072697,0.9229080677032471,0.29588459900598185,0.29588457002970936,38494.53923368454,54670.77924326807,262144,25550,0,179342,179342,5592,5592,4952,4952,14747,14747
P1,F1,13,test,7,Bolivia_294583,BOL,1.2861149456146719,0.12474135943610276,0.6721680760383606,0.12474135943502673,0.1247413267140659,71196.0798844099,81342.90131295985,262144,38134,0,111325,111325,4139,4139,740,740,14268,14268
P1,F1,13,test,8,Bolivia_312675,BOL,1.2861149456146719,0.42348376597085013,0.8587959408760071,0.42348376596893156,0.4234837888958439,17324.463991880417,30050.263389298692,253960,11813,0,146450,146450,1983,1983,4351,4351,5224,5224
P1,F1,13,test,9,Bolivia_314919,BOL,1.2861149456146719,0.14602113430727726,0.9776352047920227,0.14602113430690922,0.14602109507168348,198143.8174022436,232024.25289284624,262144,116521,0,98495,98495,6672,6672,17679,17679,65999,65999
P1,F1,13,test,10,Bolivia_360519,BOL,1.2861149456146719,0.6611470552091879,0.36878880858421326,0.6611470552048204,0.6611470540838291,2629.0298507213593,7758.615890480578,250723,1630,0,241789,241789,1475,1475,259,259,155,155
P1,F1,13,test,11,Bolivia_379434,BOL,1.2861149456146719,0.35499681330637356,0.6720228791236877,0.35499681330387456,0.354996755525265,16648.008967995644,25810.73678405001,262144,10375,0,245427,245427,5927,5927,6342,6342,4448,4448
P1,F1,13,test,12,Bolivia_432776,BOL,1.2861149456146719,0.21821429981267348,0.9816630482673645,0.2182142998121439,0.21821428044758828,115426.46926307678,147644.63762418274,210723,71253,0,79301,79301,3951,3951,22814,22814,49331,49331
P1,F1,13,test,13,Bolivia_60373,BOL,1.2861149456146719,0.2796394198310973,0.6407197117805481,0.2796394198287421,0.27963944682167874,22032.413058400154,30585.2575646881,221330,13204,0,185836,185836,703,703,3578,3578,8902,8902
P1,F1,13,test,14,Bolivia_76104,BOL,1.2861149456146719,0.9999999999766753,0.3179783523082733,1.0,1.0,0.0,4287.299769404577,262144,0,0,190960,190960,0,0,5,5,0,0
P1,F1,13,test,15,Mekong_1111068,KHM,1.2861149456146719,0.34368705574659963,0.9909107685089111,0.34368705574600544,0.3436870651914671,72482.93540847301,110439.59605888091,262144,51933,0,208067,208067,46582,46582,2098,2098,5351,5351
P1,F1,13,test,16,Mekong_1149855,KHM,1.2861149456146719,0.23601893479395253,0.7092243432998657,0.23601893479218305,0.23601893306175759,32985.75343942642,43176.1399161648,262144,19171,0,204567,204567,2948,2948,4333,4333,12927,12927
P1,F1,13,test,17,Mekong_1191208,KHM,1.2861149456146719,0.195063900474858,0.5925942063331604,0.19506390047306288,0.19506387277318893,36093.283349871635,44839.93465943844,262144,18908,0,185945,185945,1102,1102,1242,1242,14023,14023
P1,F1,13,test,18,Mekong_119477,KHM,1.2861149456146719,0.6407204254731045,0.5339717864990234,0.640720425469754,0.6407204123261421,3852.581650018692,10723.07412442239,262144,2958,0,256595,256595,1361,1361,1399,1399,1597,1597
P1,F1,13,test,19,Mekong_1248200,KHM,1.2861149456146719,0.0931703057388028,0.9479587078094482,0.09317030573854657,0.09317025073344898,320952.2685843706,353927.8115257672,262144,184672,0,54039,54039,2361,2361,23303,23303,181285,181285
P1,F1,13,test,20,Mekong_1282475,KHM,1.2861149456146719,0.12259060925956033,0.5254752039909363,0.12259060925813292,0.12259062369537488,53934.967304348946,61470.69858257752,262144,28984,0,232442,232442,3151,3151,718,718,25833,25833
P1,F1,13,test,21,Mekong_1395593,KHM,1.2861149456146719,0.15089514945295612,0.48271802067756653,0.15089514945108917,0.15089512664391047,38619.539162158966,45482.64928631857,262144,21014,0,239827,239827,3026,3026,887,887,17988,17988
P1,F1,13,test,22,Mekong_1396181,KHM,1.2861149456146719,0.12365454934181452,0.9737715721130371,0.12365454934148912,0.1236545057720515,235963.07734310627,269258.0482210242,262144,136830,0,89638,89638,8417,8417,27227,27227,117780,117780
P1,F1,13,test,23,Mekong_1413877,KHM,1.2861149456146719,0.6257113329039483,0.41270768642425537,0.625711332899581,0.6257113172281787,3207.8183557987213,8570.439084727317,262144,2200,0,253841,253841,615,615,1012,1012,1500,1500
P1,F1,13,test,24,Mekong_1439641,KHM,1.2861149456146719,0.06445979002546853,0.8649330735206604,0.0644597900252134,0.06445975575143725,343092.10916650295,366731.5342934057,262144,187784,0,62252,62252,2029,2029,12047,12047,185755,185755
P1,F1,13,test,25,Mekong_1443339,KHM,1.2861149456146719,0.08403447968520172,0.9452405571937561,0.08403447968492561,0.08403452335186146,303781.620972991,331651.8239144143,262144,169701,0,67346,67346,2006,2006,25088,25088,167695,167695
P1,F1,13,test,26,Mekong_16233,KHM,1.2861149456146719,0.06121002400833364,0.475504606962204,0.061210024007610886,0.061210066669352914,121930.67963850498,129880.68502813857,262144,63292,0,197671,197671,2250,2250,1169,1169,61042,61042
P1,F1,13,test,27,Mekong_213094,KHM,1.2861149456146719,0.6855504072005317,0.3782135844230652,0.6855504071963265,0.685550396078276,2351.382959961891,7477.773642059416,261386,1584,0,228382,228382,1350,1350,100,100,11,11
P1,F1,13,test,28,Mekong_221789,KHM,1.2861149456146719,0.974627458323916,0.2679593563079834,0.9746274583232627,0.9746274560674939,98.54442369937897,3883.9000126088504,262144,80,0,215250,215250,77,77,0,0,0,0
P1,F1,13,test,29,Mekong_254910,KHM,1.2861149456146719,0.30508143241329677,0.7744019627571106,0.3050814324114225,0.305081404708483,25765.313623309135,37076.73646652186,262144,15506,0,195218,195218,10142,10142,64,64,71,71
P1,F1,13,test,30,Mekong_269835,KHM,1.2861149456146719,0.7726870775686098,0.2543119490146637,0.77268707756399,0.7726871002961455,1118.469377040863,4920.395536276279,262144,636,0,211531,211531,222,222,69,69,414,414
P1,F1,13,test,31,Mekong_293769,KHM,1.2861149456146719,0.12244664408880346,0.6085355877876282,0.12244664408765316,0.12244677882867339,66947.49262750149,76288.81190606579,261430,35231,0,197190,197190,2930,2930,1109,1109,29311,29311
P1,F1,13,test,32,Mekong_333434,KHM,1.2861149456146719,0.6006652721104154,0.6883507370948792,0.6006652721079032,0.6006653072351434,6347.842488765717,15896.045607296051,262144,4355,0,198211,198211,1638,1638,2128,2128,1156,1156
P1,F1,13,test,33,Mekong_342411,KHM,1.2861149456146719,0.15776827890957013,0.7026293873786926,0.15776827890829748,0.157768207216621,55740.61103987694,66182.0314995083,262144,30780,0,229451,229451,3776,3776,1910,1910,27004,27004
P1,F1,13,test,34,Mekong_382276,KHM,1.2861149456146719,0.17486070415723898,0.27871444821357727,0.17486070415388588,0.17486064187783346,20304.974947094917,24607.934098919388,262144,10599,0,251450,251450,853,853,62,62,9746,9746
P1,F1,13,test,35,Mekong_424793,KHM,1.2861149456146719,0.4850675813766119,0.5311158895492554,0.4850675813729598,0.4850675477153621,7260.421536684036,14099.755229003727,262144,4439,0,252710,252710,1774,1774,1343,1343,2660,2660
P1,F1,13,test,36,Mekong_45934,KHM,1.2861149456146719,0.9064593734606938,0.2814744710922241,0.9064593734584993,0.9064593837994471,398.7040172815323,4262.362527382793,262144,287,0,261402,261402,161,161,170,170,126,126
P1,F1,13,test,37,Mekong_474783,KHM,1.2861149456146719,0.6278007275740372,0.8735308647155762,0.6278007275723494,0.6278007408944419,8208.590879678726,22054.29129387578,262144,6210,0,252701,252701,3638,3638,3208,3208,2572,2572
P1,F1,13,test,38,Mekong_52610,KHM,1.2861149456146719,0.09472251611153581,0.9577531814575195,0.09472251611128635,0.09472245819030656,328449.0165383816,362815.8231803654,262144,189580,0,49345,49345,2126,2126,23219,23219,187454,187454
P1,F1,13,test,39,Mekong_596495,KHM,1.2861149456146719,0.047976273524133806,0.7920981645584106,0.047976273523888446,0.047976261189340286,369410.3804206848,388026.43816653173,262143,196424,0,50389,50389,1951,1951,9829,9829,167314,167314
P1,F1,13,test,40,Mekong_774566,KHM,1.2861149456146719,0.07899512938730824,0.7929973602294922,0.07899512938685427,0.07899516118144267,186833.9660807848,202858.832229862,262144,97029,0,148667,148667,2018,2018,8392,8392,68651,68651
P1,F1,13,test,41,Mekong_846007,KHM,1.2861149456146719,0.14272223839994203,0.648639976978302,0.14272223839864817,0.14272218189870678,56802.25353419781,66258.86303696036,262144,30827,0,152098,152098,4397,4397,427,427,7108,7108
P1,F1,13,test,42,Mekong_922373,KHM,1.2861149456146719,0.12995654429176418,0.9354538321495056,0.12995654429125947,0.12995651479558157,150005.53124141693,172411.53320764517,262144,85485,0,140062,140062,2311,2311,36591,36591,83174,83174
P1,F1,13,test,43,Mekong_977338,KHM,1.2861149456146719,0.04489574549561326,0.48848867416381836,0.04489574549515685,0.04489574882412972,199877.5615916252,209273.03102833778,262144,103104,0,108039,108039,3352,3352,1382,1382,64185,64185
P1,F1,13,test,44,Mekong_98310,KHM,1.2861149456146719,0.06148804554099441,0.6742029786109924,0.06148804554053666,0.0614880921478288,192445.22702610493,205053.5804777639,262144,98866,0,95842,95842,1262,1262,4068,4068,81599,81599
P1,F1,13,test,45,Nigeria_1095404,NGA,1.2861149456146719,0.19987482213083707,0.9074385166168213,0.19987482212996366,0.1998748833967231,73307.16739308834,91619.6303201865,262144,43067,0,200335,200335,5857,5857,11862,11862,34229,34229
P1,F1,13,test,46,Nigeria_143329,NGA,1.2861149456146719,0.791999651481877,0.38671645522117615,0.7919996514789218,0.7919996502831662,1464.0458537340164,7038.670154772,262144,990,0,246642,246642,81,81,2141,2141,636,636
P1,F1,13,test,47,Nigeria_22088,NGA,1.2861149456146719,0.8825829920089092,0.42150425910949707,0.8825829920073621,0.8825829980673136,891.1368238925934,7589.504153780639,209501,630,0,208758,208758,573,573,113,113,57,57
P1,F1,13,test,48,Nigeria_225131,NGA,1.2861149456146719,0.9152013493066351,0.33890804648399353,0.9152013493050052,0.9152013474814313,441.1813495159149,5202.692925094627,262144,329,0,240031,240031,93,93,895,895,236,236
P1,F1,13,test,49,Nigeria_31096,NGA,1.2861149456146719,0.7473730895464958,0.3151693642139435,0.7473730895422177,0.7473730975675894,1491.8260464668274,5905.254080633633,262144,1032,0,216117,216117,554,554,561,561,255,255
P1,F1,13,test,50,Nigeria_35845,NGA,1.2861149456146719,0.7452578083783349,0.2215556502342224,0.7452578083726904,0.7452578155014921,1149.6896461248398,4513.149827886373,262144,687,0,212602,212602,154,154,163,163,123,123
P1,F1,13,test,51,Nigeria_417184,NGA,1.2861149456146719,0.3100899349389007,0.9553956389427185,0.3100899349377879,0.31008997102850866,42776.60009467602,62003.157365963794,156380,26440,0,46827,46827,1924,1924,323,323,1061,1061
P1,F1,13,test,52,Nigeria_439488,NGA,1.2861149456146719,0.9711581705217598,0.4046410024166107,0.9711581705212956,0.9711581714895923,179.193692445755,6212.979609843111,262144,152,0,227583,227583,149,149,1468,1468,0,0
P1,F1,13,test,53,Nigeria_529525,NGA,1.2861149456146719,0.17595286971801205,0.9893041849136353,0.1759528697176881,0.1759528622155747,209649.49911653996,254414.44973671553,262144,128929,0,38280,38280,213,213,94935,94935,128716,128716
P1,F1,13,test,54,Nigeria_598959,NGA,1.2861149456146719,0.5619387366377837,0.9089227318763733,0.5619387366364443,0.5619387289296185,14328.573459863663,32709.062421456445,262144,10706,0,161836,161836,2844,2844,41195,41195,5333,5333
P1,F1,13,test,55,Nigeria_600295,NGA,1.2861149456146719,0.10031126139343594,0.8765558004379272,0.10031126139302704,0.10031131448657549,197946.85103547573,220017.05058957543,262144,109920,0,95910,95910,2120,2120,7324,7324,76337,76337
P1,F1,13,test,56,Nigeria_707067,NGA,1.2861149456146719,0.9273927725369103,0.34741470217704773,0.9273927725356,0.9273927724606361,402.3410062789917,5541.335482901661,262144,315,0,257496,257496,107,107,3548,3548,208,208
P1,F1,13,test,57,Nigeria_78061,NGA,1.2861149456146719,0.2108167044789928,0.4220629036426544,0.2108167044763256,0.21081664712473425,23351.145437836647,29588.998998471536,262144,12814,0,220404,220404,2988,2988,412,412,5082,5082
P1,F1,13,test,58,Nigeria_812045,NGA,1.2861149456146719,0.11796700697125573,0.9523146748542786,0.11796700697090656,0.11796705687381825,222851.02228486538,252656.1213178914,261565,128971,0,113882,113882,3119,3119,13945,13945,105638,105638
P1,F1,13,test,59,Nigeria_81933,NGA,1.2861149456146719,0.1733414284878393,0.9740767478942871,0.17334142848738088,0.17334143216389908,149070.57869040966,180329.0796109736,262144,87922,0,67566,67566,752,752,94919,94919,83031,83031
P1,F1,13,test,60,Nigeria_820924,NGA,1.2861149456146719,0.9079762005360881,0.36594629287719727,0.9079762005344715,0.9079762018836923,523.8456984758377,5692.502474346431,262144,359,0,260905,260905,62,62,879,879,297,297
P1,F1,13,test,61,Nigeria_952958,NGA,1.2861149456146719,0.2224541322074658,0.4155306816101074,0.2224541322046537,0.22245411587837494,21499.55904340744,27650.53417740739,262144,11623,0,216321,216321,1618,1618,1506,1506,8229,8229
P1,F1,13,test,62,Nigeria_984831,NGA,1.2861149456146719,0.13964968913755682,0.9822270274162292,0.1396496891372664,0.13964967900987824,254893.60415387154,296267.22735516727,262144,151398,0,18217,18217,261,261,77973,77973,143707,143707
P1,F1,13,test,63,Spain_1167260,ESP,1.2861149456146719,0.2376161786802956,0.9454680681228638,0.23761617867955165,0.23761617252576372,78118.61832475662,102466.25847712718,262144,46558,0,204835,204835,14765,14765,10726,10726,31793,31793
P1,F1,13,test,64,Spain_1199913,ESP,1.2861149456146719,0.438961744548069,0.845020592212677,0.43896174454657066,0.43896177664935565,21007.920634269714,37444.72258735914,262144,12494,0,247471,247471,4582,4582,2178,2178,7912,7912
P1,F1,13,test,65,Spain_2472849,ESP,1.2861149456146719,0.8147408669471458,0.6728377342224121,0.8147408669457044,0.8147408718882104,2381.127023458481,12852.953847551602,262144,1916,0,259840,259840,1899,1899,3,3,17,17
P1,F1,13,test,66,Spain_2523247,ESP,1.2861149456146719,0.5275677213678064,0.9142496585845947,0.5275677213665342,0.5275677054145381,17544.529670238495,37136.60109885805,262144,12068,0,248520,248520,11090,11090,1459,1459,970,970
P1,F1,13,test,67,Spain_2594119,ESP,1.2861149456146719,0.4701238165227605,0.9232842326164246,0.47012381652143664,0.47012378325995674,21208.15146255493,40024.72802616772,262144,14996,0,246669,246669,12463,12463,348,348,2529,2529
P1,F1,13,test,68,Spain_2938657,ESP,1.2861149456146719,0.35185836513917346,0.6707723140716553,0.3518583651371018,0.3518583376586357,20277.898792266846,31286.214064706815,262144,11292,0,250316,250316,1986,1986,466,466,9306,9306
P1,F1,13,test,69,Spain_3285448,ESP,1.2861149456146719,0.11067017305003313,0.768589973449707,0.1106701730493449,0.11067015702472793,114911.0164476633,129210.79547181958,262144,61192,0,199834,199834,5913,5913,1110,1110,55279,55279
P1,F1,13,test,70,Spain_337094,ESP,1.2861149456146719,0.3380790856949728,0.8819701075553894,0.33807908569366385,0.33807904763013363,33473.63518726826,50570.44208590628,262144,20994,0,229392,229392,6589,6589,11670,11670,14405,14405
P1,F1,13,test,71,Spain_4282030,ESP,1.2861149456146719,0.17502084597961876,0.975175678730011,0.17502084597918965,0.1750208167526467,158601.36612522602,192248.9310589945,262144,92912,0,152478,152478,11514,11514,16734,16734,81397,81397
P1,F1,13,test,72,Spain_4915752,ESP,1.2861149456146719,0.41531381257233824,0.8345679640769958,0.4153138125707868,0.41531379595789764,22034.9343957901,37686.76983218745,262144,13460,0,248369,248369,6095,6095,299,299,7365,7365
P1,F1,13,test,73,Spain_5650136,ESP,1.2861149456146719,0.09645777401508848,0.8683481216430664,0.09645777401466271,0.09645775978468929,191717.0679705143,212183.846462816,262144,103185,0,62251,62251,5138,5138,6399,6399,97808,97808
P1,F1,13,test,74,Spain_5678382,ESP,1.2861149456146719,0.5232644185368995,0.8639622330665588,0.52326441853533,0.5232644142905267,14481.614174127579,30376.616741492413,262144,9858,0,249423,249423,9124,9124,2836,2836,734,734
P1,F1,13,test,75,Spain_5816638,ESP,1.2861149456146719,0.8276982794487009,0.6464326977729797,0.8276982794473283,0.8276983031687943,2162.9178153276443,12553.084822179866,262144,1604,0,260274,260274,1399,1399,174,174,205,205
P1,F1,13,test,76,Spain_5923267,ESP,1.2861149456146719,0.04434093083387858,0.788809061050415,0.04434093083364199,0.04434095279733119,386149.8666950464,404066.56309627835,262144,203870,0,14043,14043,2987,2987,1589,1589,200124,200124
P1,F1,13,test,77,Spain_6095801,ESP,1.2861149456146719,0.2938265262897465,0.9328057169914246,0.2938265262887346,0.2938265462755826,49283.86268723011,69790.0245715878,262144,30822,0,222457,222457,16869,16869,8786,8786,13950,13950
P1,F1,13,test,78,Spain_6199994,ESP,1.2861149456146719,0.8303602801412272,0.5634793043136597,0.8303602801396406,0.8303602911058376,1813.7528734207153,10691.794304789277,262144,1299,0,260214,260214,905,905,389,389,394,394
P1,F1,13,test,79,Spain_6537196,ESP,1.2861149456146719,0.5302046373560599,0.8819820284843445,0.5302046373545583,0.5302046411034345,14697.078083753586,31284.000161843724,262144,10473,0,250504,250504,8556,8556,1129,1129,1917,1917
P1,F1,13,test,80,Spain_6860600,ESP,1.2861149456146719,0.7932812599219855,0.6738015413284302,0.7932812599204442,0.79328125736571,2772.58782351017,13412.367878103862,262144,2113,0,259743,259743,1980,1980,113,113,133,133
P1,F1,13,test,81,Spain_716716,ESP,1.2861149456146719,0.5130709963716384,0.7707085609436035,0.5130709963697211,0.51307100241144,12365.363533854485,25394.592630736763,262144,8279,0,252202,252202,7221,7221,1586,1586,1058,1058
P1,F1,13,test,82,Spain_7370579,ESP,1.2861149456146719,0.18291341747338552,0.9565718770027161,0.18291341747280165,0.18291338251585765,114358.28955471516,139958.58836463513,262144,67291,0,178431,178431,13579,13579,16324,16324,53711,53711
P1,F1,13,test,83,Spain_7387658,ESP,1.2861149456146719,0.12615085875210597,0.9761339426040649,0.12615085875178655,0.12615085897433076,239071.81315624714,273584.76644565864,262144,137256,0,98175,98175,10876,10876,26628,26628,126378,126378
P1,F1,13,test,84,Spain_7558720,ESP,1.2861149456146719,0.4815862932547583,0.848537802696228,0.48158629325304736,0.4815862978938077,15708.216023802757,30300.54174876935,262144,10601,0,250361,250361,9486,9486,1027,1027,1110,1110
P1,F1,13,test,85,Spain_7604243,ESP,1.2861149456146719,0.2254063883064379,0.7247467041015625,0.22540638830505344,0.2254064089712966,43340.51573097706,55952.587567137554,262144,22989,0,238614,238614,2547,2547,477,477,20442,20442
P1,F1,13,test,86,Spain_7786924,ESP,1.2861149456146719,0.5093167915849393,0.831627607345581,0.5093167915832083,0.509316769158599,13909.934523582458,28348.094349444844,262144,9466,0,250860,250860,7483,7483,1793,1793,1975,1975
P1,F1,13,test,87,Spain_7856615,ESP,1.2861149456146719,0.38883930140092837,0.9311610460281372,0.3888393013997662,0.3888392811555461,32138.88062250614,52586.62677678699,262144,21173,0,236378,236378,15915,15915,4382,4382,5255,5255
P1,F1,13,test,88,Spain_8104659,ESP,1.2861149456146719,0.37962729903603254,0.9006329774856567,0.3796272990346877,0.37962732535092447,28618.311618447304,46130.83842649218,262144,18541,0,242070,242070,16574,16574,1517,1517,1967,1967
P1,F1,13,test,89,Spain_8154154,ESP,1.2861149456146719,0.45677548727134076,0.82967209815979,0.45677548726959205,0.45677551074697476,16875.085203886032,31064.66210146481,262144,10990,0,249598,249598,7938,7938,1530,1530,3052,3052
P1,F1,13,test,90,Spain_8199661,ESP,1.2861149456146719,0.36233192992720975,0.6898180246353149,0.3623319299251101,0.36233196763349984,19366.381247878075,30370.632154799998,262144,11318,0,249035,249035,4819,4819,1684,1684,6498,6498
P1,F1,13,test,91,Spain_8372658,ESP,1.2861149456146719,0.12966822678408396,0.9387235045433044,0.12966822678361578,0.12966827445352924,161797.7423467636,185903.53263885994,262144,90829,0,161334,161334,7591,7591,9867,9867,83237,83237
P1,F1,13,test,92,Spain_8565131,ESP,1.2861149456146719,0.19743756014148783,0.9432936906814575,0.19743756014084823,0.19743757084012203,100704.37092709541,125478.551285428,262144,58085,0,196540,196540,13188,13188,7459,7459,44897,44897
