sample_id,event_id,top_tail_msp,uncertainty,representation_shift,spatial_inconsistency,tile_loss,soft_dice_risk_binary,uncertainty_plus_shift,uncertainty_plus_spatial,shift_plus_spatial,georisk_full,oracle_tile_loss,georisk_v2
Bolivia_103757,BOL,0.4405718147754669,0.9879695177078247,3.528594970703125e-05,0.0010406235232949257,0.13322982009687867,0.26679092520998693,0.9833333333333334,0.6638888888888889,0.6472222222222223,0.764814814814815,0.13322982009687867,0.5624955209857483
Bolivia_129334,BOL,0.39270567893981934,0.9567471742630005,4.309415817260742e-05,0.0015739414375275373,0.160079287946864,0.11599661711978293,0.9013888888888889,0.6819444444444445,0.763888888888889,0.7824074074074074,0.160079287946864,0.329273425701886
Bolivia_195474,BOL,0.021847205236554146,0.12367411702871323,2.384185791015625e-07,0.00014218273281585425,0.5034323760690302,0.8266129443899383,0.0875,0.08194444444444444,0.06944444444444445,0.07962962962962962,0.5034323760690302,0.7396880090313916
Bolivia_23014,BOL,0.11465074867010117,0.44329747557640076,1.710653305053711e-05,0.0011669190134853125,0.14690316330664255,0.316633012576089,0.7083333333333334,0.4375,0.6402777777777778,0.5953703703703704,0.14690316330664255,0.584848216469116
Bolivia_233925,BOL,0.06891533732414246,0.33543136715888977,1.4424324035644531e-05,0.0007531919982284307,0.504135507949745,0.6496173784068842,0.6027777777777777,0.3027777777777778,0.5638888888888889,0.48981481481481476,0.504135507949745,0.7232445602613345
Bolivia_242570,BOL,0.3228937089443207,0.8796361088752747,5.662441253662109e-06,0.00257359747774899,0.40956635784723916,0.22461346915594216,0.6611111111111111,0.7333333333333334,0.6694444444444445,0.687962962962963,0.40956635784723916,0.5426702017973456
Bolivia_290290,BOL,0.10346315801143646,0.43535494804382324,8.344650268554688e-07,0.0010737223783507943,0.4695603419044687,0.30673984736260573,0.37083333333333335,0.4125,0.30277777777777776,0.3620370370370371,0.4695603419044687,0.5665101257469701
Bolivia_294583,BOL,0.155612051486969,0.5483319163322449,1.9073486328125e-06,0.004227505065500736,0.1375083818416316,0.09933336003581617,0.5472222222222223,0.7777777777777778,0.6972222222222222,0.674074074074074,0.1375083818416316,0.2548751281262706
Bolivia_312675,BOL,0.08103101700544357,0.3374546468257904,4.76837158203125e-07,0.0014772224240005016,0.4604635151238854,0.42366271355828056,0.27083333333333337,0.41527777777777775,0.3277777777777778,0.33796296296296297,0.4604635151238854,0.64502228559262
Bolivia_314919,BOL,0.4072038531303406,0.967251718044281,1.4722347259521484e-05,0.0016850087558850646,0.195659807635574,0.13769439634640857,0.8736111111111111,0.7333333333333334,0.7402777777777778,0.7824074074074074,0.195659807635574,0.4307824347225946
Bolivia_360519,BOL,0.024705691263079643,0.1373932808637619,1.1920928955078125e-06,0.00046956443111412227,0.4841100996584835,0.4947400292482864,0.2763888888888889,0.1652777777777778,0.2972222222222222,0.24629629629629632,0.4841100996584835,0.6246182024763034
Bolivia_379434,BOL,0.09633168578147888,0.36096304655075073,1.0728836059570312e-06,0.0015397964743897319,0.44888776668572183,0.405435567896558,0.37083333333333335,0.4472222222222222,0.42916666666666664,0.41574074074074074,0.44888776668572183,0.6381575260988872
Bolivia_432776,BOL,0.43999630212783813,0.9861171841621399,6.496906280517578e-06,0.0014287889935076237,0.22041595843851491,0.20968142918081623,0.8027777777777778,0.7041666666666666,0.5319444444444444,0.6796296296296296,0.22041595843851491,0.49307203450364
Bolivia_60373,BOL,0.1505095511674881,0.5294846892356873,4.5299530029296875e-06,0.002699189353734255,0.19865435012230903,0.24031262486249927,0.5874999999999999,0.6930555555555555,0.6694444444444445,0.6499999999999999,0.19865435012230903,0.5639917656537645
Bolivia_76104,BOL,0.0112459072843194,0.0870291143655777,3.5762786865234375e-07,2.3521348339272663e-05,0.500013091404184,0.9999999999274999,0.09305555555555556,0.025,0.08472222222222223,0.06759259259259259,0.500013091404184,0.804131784413096
Mekong_1111068,KHM,0.10234900563955307,0.465562641620636,1.0371208190917969e-05,0.00015241230721585453,0.5016761972657175,0.9622211707762135,0.6472222222222223,0.30972222222222223,0.42638888888888893,0.4611111111111111,0.5016761972657175,0.8333072171981132
Mekong_1149855,KHM,0.1385202705860138,0.49046599864959717,1.1920928955078125e-06,0.005605294834822416,0.22606527226662254,0.15973734336871104,0.4944444444444444,0.7902777777777777,0.7041666666666666,0.662962962962963,0.22606527226662254,0.4750171387135422
Mekong_1191208,KHM,0.048181530088186264,0.22332093119621277,7.152557373046875e-07,0.0019578952342271805,0.07418831794797753,0.0826385320133659,0.24027777777777776,0.4583333333333333,0.4458333333333333,0.3814814814814815,0.07418831794797753,0.13292402980440243
Mekong_119477,KHM,0.02997320517897606,0.16550026834011078,3.5762786865234375e-07,0.0001427619281457737,0.4952416674044767,0.9248903374309212,0.17916666666666667,0.1388888888888889,0.1125,0.14351851851851852,0.4952416674044767,0.7737187343702981
Mekong_1248200,KHM,0.404086709022522,0.9667307138442993,9.5367431640625e-06,0.0015253309393301606,0.1877040839533184,0.0971651495308622,0.7902777777777779,0.6694444444444445,0.6097222222222223,0.6898148148148149,0.1877040839533184,0.20080071077027706
Mekong_1282475,KHM,0.11069647967815399,0.4093036949634552,6.496906280517578e-06,0.002240946749225259,0.08037096268448995,0.09386214589997643,0.5388888888888889,0.5722222222222223,0.663888888888889,0.5916666666666667,0.08037096268448995,0.17940231841435905
Mekong_1395593,KHM,0.08741915971040726,0.33468514680862427,2.0265579223632812e-06,0.002036903752014041,0.0946978806504688,0.103479577819102,0.4,0.4986111111111111,0.5736111111111111,0.49074074074074076,0.0946978806504688,0.23307483842849944
Mekong_1396181,KHM,0.4089187979698181,0.968105673789978,1.9431114196777344e-05,0.0027346364222466946,0.20922758177961065,0.11465844383782287,0.9013888888888889,0.8375,0.8638888888888889,0.8675925925925926,0.20922758177961065,0.35088873599840087
Mekong_1413877,KHM,0.027816951274871826,0.14321425557136536,2.980232238769531e-07,0.00025677625671960413,0.4482657460394791,0.7319313854182261,0.12638888888888888,0.14722222222222223,0.12083333333333333,0.13148148148148148,0.4482657460394791,0.717718049627834
Mekong_1439641,KHM,0.4046018123626709,0.969148576259613,1.239776611328125e-05,0.0011884106788784266,0.11446197740041608,0.09439771269358488,0.8361111111111112,0.6305555555555556,0.5833333333333334,0.6833333333333335,0.11446197740041608,0.18363827973633856
Mekong_1443339,KHM,0.3973050117492676,0.961062490940094,1.424551010131836e-05,0.0016830593813210726,0.16790576995572848,0.10140451518242766,0.8375,0.7055555555555555,0.7152777777777777,0.7527777777777778,0.16790576995572848,0.23687239312623692
Mekong_16233,KHM,0.10636193305253983,0.41012096405029297,9.47713851928711e-06,0.0014570086495950818,0.03705125734988568,0.057291033809364955,0.5888888888888889,0.44861111111111107,0.5819444444444444,0.5398148148148149,0.03705125734988568,0.09638057001796463
Mekong_213094,KHM,0.03112790174782276,0.1455790251493454,2.980232238769531e-07,0.003358377842232585,0.5027127212923604,0.5139673807899817,0.1375,0.5083333333333333,0.4708333333333333,0.37222222222222223,0.5027127212923604,0.7117721097982932
Mekong_221789,KHM,0.010475982911884785,0.08094395697116852,2.980232238769531e-07,3.863752499455586e-05,0.5000092881988789,0.9965604597028457,0.058333333333333334,0.020833333333333336,0.0625,0.04722222222222222,0.5000092881988789,0.7904396554733911
Mekong_254910,KHM,0.09862632304430008,0.3820681571960449,8.940696716308594e-07,0.0015460369177162647,0.5151244555828609,0.21992395819213173,0.35416666666666663,0.4722222222222222,0.3958333333333333,0.4074074074074074,0.5151244555828609,0.4715595912754137
Mekong_269835,KHM,0.011796685867011547,0.07985041290521622,1.1920928955078125e-07,0.00020690321980509907,0.19899574983696522,0.5592913944347486,0.019444444444444445,0.059722222222222225,0.07083333333333333,0.05000000000000001,0.19899574983696522,0.6245750962918328
Mekong_293769,KHM,0.09975524246692657,0.379615843296051,9.894371032714844e-06,0.0030268148984760046,0.06313240459052061,0.07574370571121958,0.5888888888888889,0.6277777777777778,0.7944444444444445,0.6703703703703704,0.06313240459052061,0.15358583371010628
Mekong_333434,KHM,0.042817726731300354,0.2069845199584961,7.152557373046875e-07,0.0007909503765404224,0.4451086203367838,0.46328854270351705,0.22499999999999998,0.25416666666666665,0.2569444444444444,0.24537037037037035,0.4451086203367838,0.6184351931770556
Mekong_342411,KHM,0.13415899872779846,0.47970497608184814,4.649162292480469e-06,0.0028290243353694677,0.11379876776301645,0.10284134008134915,0.5680555555555555,0.6861111111111111,0.6902777777777778,0.6481481481481481,0.11379876776301645,0.25543652103013204
Mekong_382276,KHM,0.03138139098882675,0.15600210428237915,9.5367431640625e-07,0.0006005940376780927,0.041031836877555294,0.10223046145398373,0.2513888888888889,0.19305555555555556,0.26111111111111107,0.23518518518518516,0.041031836877555294,0.1456754070094015
Mekong_424793,KHM,0.05045643076300621,0.22568906843662262,8.940696716308594e-07,0.0008823297102935612,0.2758598320107285,0.2940334172920871,0.26944444444444443,0.2777777777777778,0.2861111111111111,0.27777777777777773,0.2758598320107285,0.5226709868240835
Mekong_45934,KHM,0.012136673554778099,0.08732128143310547,1.1920928955078125e-07,7.244014705065638e-05,0.447421166332474,0.9419503545004185,0.043055555555555555,0.044444444444444446,0.03194444444444444,0.03981481481481481,0.447421166332474,0.7746183604546678
Mekong_474783,KHM,0.050564415752887726,0.2697124481201172,1.4901161193847656e-06,0.00015032265218906105,0.502269958384892,0.9433098918457503,0.375,0.19027777777777777,0.2652777777777778,0.27685185185185185,0.502269958384892,0.8068429110694374
Mekong_52610,KHM,0.4068794846534729,0.9700621366500854,4.8160552978515625e-05,0.0012431744253262877,0.18954765105703408,0.09293583494153479,0.9416666666666667,0.6430555555555556,0.6930555555555555,0.7592592592592592,0.18954765105703408,0.17297739781176366
Mekong_596495,KHM,0.42761510610580444,0.9824275374412537,3.4928321838378906e-05,0.00089205929543823,0.14383727912044575,0.08938868394823396,0.9430555555555555,0.6194444444444445,0.6263888888888889,0.7296296296296295,0.14383727912044575,0.15237313548293074
Mekong_774566,KHM,0.3308119773864746,0.8997109532356262,7.987022399902344e-06,0.001838700962252915,0.10121842589243357,0.1224854841605042,0.7194444444444444,0.7013888888888888,0.6652777777777779,0.6953703703703704,0.10121842589243357,0.37181960893817856
Mekong_846007,KHM,0.11594924330711365,0.42954620718955994,6.556510925292969e-06,0.002860519802197814,0.17813971624494185,0.09169191505030638,0.5513888888888889,0.6402777777777778,0.7277777777777779,0.639814814814815,0.17813971624494185,0.18165000306934134
Mekong_922373,KHM,0.34661394357681274,0.9091014862060547,8.940696716308594e-06,0.004931839648634195,0.26903779903014824,0.12211508025301032,0.7361111111111112,0.8652777777777778,0.8291666666666666,0.8101851851851852,0.26903779903014824,0.4035339921110554
Mekong_977338,KHM,0.16311043500900269,0.5876163840293884,1.1563301086425781e-05,0.0015902637969702482,0.05678089704942435,0.07010883048500849,0.7041666666666666,0.5944444444444444,0.6625000000000001,0.6537037037037037,0.05678089704942435,0.13099406236742023
Mekong_98310,KHM,0.2972618043422699,0.8529288172721863,1.2695789337158203e-05,0.0013465440133586526,0.05822997571379518,0.10435391724710263,0.7527777777777778,0.5625,0.6069444444444445,0.6407407407407407,0.05822997571379518,0.24060629012493195
Nigeria_1095404,NGA,0.24178820848464966,0.7435445785522461,1.3828277587890625e-05,0.004226251970976591,0.20214993109110546,0.11835311838683027,0.7652777777777777,0.8013888888888889,0.875,0.8138888888888888,0.20214993109110546,0.3846810339328507
Nigeria_143329,NGA,0.02936442196369171,0.14404796063899994,4.76837158203125e-07,0.0006953562260605395,0.37664653048218033,0.4877991781701829,0.17500000000000002,0.19583333333333333,0.20416666666666666,0.19166666666666665,0.37664653048218033,0.6177345398865146
Nigeria_22088,NGA,0.13531436026096344,0.5270745158195496,9.298324584960938e-06,0.001343320356681943,0.4725947056319203,0.7542416657318287,0.6541666666666667,0.5013888888888889,0.5611111111111111,0.5722222222222223,0.4725947056319203,0.7965849426092598
Nigeria_225131,NGA,0.015767298638820648,0.09958559274673462,1.7881393432617188e-07,0.00018586062651593238,0.42004261825852696,0.8148027651631492,0.05694444444444444,0.08611111111111111,0.0736111111111111,0.07222222222222223,0.42004261825852696,0.728498240402709
Nigeria_31096,NGA,0.027649259194731712,0.13376973569393158,1.1920928955078125e-07,0.0006959279417060316,0.4055958110209108,0.586312598355298,0.07916666666666666,0.18333333333333332,0.13472222222222222,0.1324074074074074,0.4055958110209108,0.6717300512555366
Nigeria_35845,NGA,0.014491601847112179,0.08705435693264008,2.384185791015625e-07,0.00044249367783777416,0.3655487370602071,0.5781565696977446,0.06111111111111111,0.10833333333333334,0.12222222222222223,0.09722222222222222,0.3655487370602071,0.6457917866903522
Nigeria_417184,NGA,0.4357921779155731,0.9842191338539124,1.6927719116210938e-05,0.0016256793169304729,0.5036964391946434,0.282915871024668,0.9263888888888889,0.7625,0.7305555555555555,0.8064814814814815,0.5036964391946434,0.5986225062184577
Nigeria_439488,NGA,0.02082396298646927,0.12627944350242615,1.1920928955078125e-06,0.00013149883307050914,0.5033813263525305,0.9353209019535386,0.2611111111111111,0.08055555555555555,0.22777777777777777,0.1898148148148148,0.5033813263525305,0.7743683524950143
Nigeria_529525,NGA,0.4204775393009186,0.9756069183349609,1.33514404296875e-05,0.00233900616876781,0.3986650419537041,0.11663169908050908,0.8625,0.8125,0.7611111111111111,0.8120370370370371,0.3986650419537041,0.367912522782742
Nigeria_598959,NGA,0.07212698459625244,0.3538791537284851,2.562999725341797e-06,0.0002195593697251752,0.6062959081006526,0.8374347618298376,0.4388888888888889,0.24861111111111112,0.31527777777777777,0.33425925925925926,0.6062959081006526,0.7802727250569053
Nigeria_600295,NGA,0.3623194694519043,0.9295970797538757,2.4080276489257812e-05,0.0015704992692917585,0.08972528410442049,0.12349916984770493,0.8680555555555556,0.6611111111111112,0.7347222222222223,0.7546296296296297,0.08972528410442049,0.3718840310560805
Nigeria_707067,NGA,0.03389337658882141,0.16285794973373413,7.152557373046875e-07,0.0007636066293343902,0.4473932683311772,0.5998082954651287,0.21250000000000002,0.23750000000000002,0.25277777777777777,0.23425925925925928,0.4473932683311772,0.6931262210702229
Nigeria_78061,NGA,0.061970099806785583,0.25122570991516113,3.5762786865234375e-07,0.004287599120289087,0.21206464447388007,0.1131975624974263,0.22222222222222224,0.6166666666666667,0.5472222222222223,0.462037037037037,0.21206464447388007,0.3134887369188897
Nigeria_812045,NGA,0.32382023334503174,0.8871076107025146,1.3828277587890625e-05,0.0014655741397291422,0.08456377472304366,0.10680940561365715,0.788888888888889,0.5972222222222222,0.6472222222222223,0.6777777777777779,0.08456377472304366,0.2588295397004333
Nigeria_81933,NGA,0.40690138936042786,0.9666513800621033,7.748603820800781e-06,0.003551629139110446,0.4268968743248268,0.12842603312532652,0.7513888888888889,0.8611111111111112,0.7708333333333334,0.7944444444444444,0.4268968743248268,0.43547598655205155
Nigeria_820924,NGA,0.019050218164920807,0.11116310209035873,3.5762786865234375e-07,0.00033876666566357017,0.38472151415613753,0.7141980376980297,0.11805555555555557,0.11944444444444445,0.15416666666666667,0.13055555555555556,0.38472151415613753,0.7070427323108587
Nigeria_952958,NGA,0.049451086670160294,0.2157250940799713,7.152557373046875e-07,0.0025627827271819115,0.15221593068355288,0.11020010263356916,0.23194444444444445,0.4805555555555556,0.4763888888888889,0.39629629629629637,0.15221593068355288,0.27207348462329506
Nigeria_984831,NGA,0.42524197697639465,0.978611946105957,7.987022399902344e-06,0.0017166223842650652,0.4909154021473727,0.1099233114407212,0.8055555555555556,0.775,0.6527777777777778,0.7444444444444445,0.4909154021473727,0.3051743002193099
Spain_1167260,ESP,0.2766365706920624,0.8078832030296326,2.7418136596679688e-06,0.005604622419923544,0.2824454821784623,0.1630108823943367,0.6069444444444444,0.8458333333333333,0.7527777777777778,0.7351851851851853,0.2824454821784623,0.503756751848947
Spain_1199913,ESP,0.09764175862073898,0.3932732939720154,4.0531158447265625e-06,0.0016473170835524797,0.18714787062834604,0.20617856990251704,0.4930555555555556,0.5069444444444444,0.5611111111111111,0.5203703703703704,0.18714787062834604,0.4528629578652851
Spain_2472849,ESP,0.03663242235779762,0.19951358437538147,5.602836608886719e-06,0.000235042636631988,0.47818847657700914,0.8838755103241669,0.3972222222222222,0.1736111111111111,0.3569444444444444,0.30925925925925923,0.47818847657700914,0.7750078287937316
Spain_2523247,ESP,0.12201797217130661,0.4657409191131592,2.2649765014648438e-06,0.001509503461420536,0.45701266209881575,0.35046877150160793,0.5111111111111112,0.5097222222222223,0.48194444444444445,0.500925925925926,0.45701266209881575,0.6274356671752195
Spain_2594119,ESP,0.132846862077713,0.4821621775627136,7.748603820800781e-07,0.0027281157672405243,0.33862032140958587,0.31852127244680517,0.4083333333333333,0.6819444444444445,0.5180555555555556,0.5361111111111111,0.33862032140958587,0.6471860547520387
Spain_2938657,ESP,0.07281060516834259,0.30999070405960083,1.4901161193847656e-06,0.0016860304167494178,0.08344375579011942,0.15973783539234188,0.37916666666666665,0.4583333333333333,0.5291666666666667,0.45555555555555555,0.08344375579011942,0.4128675152613668
Spain_3285448,ESP,0.21119533479213715,0.6945624947547913,9.834766387939453e-06,0.001236898940987885,0.08513890787669953,0.10343715622904182,0.7083333333333333,0.5277777777777778,0.5666666666666667,0.6009259259259259,0.08513890787669953,0.22047400521930782
Spain_337094,ESP,0.18992555141448975,0.627761721611023,2.86102294921875e-06,0.005111484322696924,0.3365795533552476,0.21021314794981627,0.5916666666666667,0.8097222222222222,0.7486111111111111,0.7166666666666667,0.3365795533552476,0.5369008380700993
Spain_4282030,ESP,0.4183177649974823,0.9742395877838135,8.225440979003906e-06,0.0035928706638514996,0.22836161391183696,0.16100315346982896,0.7958333333333334,0.8944444444444445,0.7902777777777779,0.8268518518518518,0.22836161391183696,0.5011840629871693
Spain_4915752,ESP,0.11311426758766174,0.4383566379547119,9.5367431640625e-07,0.0018926358316093683,0.16223921761905524,0.2208769814524385,0.4041666666666667,0.5722222222222222,0.4875,0.487962962962963,0.16223921761905524,0.4998365946981621
Spain_5650136,ESP,0.38401472568511963,0.9481943249702454,1.7404556274414062e-05,0.0018162303604185581,0.198928590802545,0.1282173808874454,0.8611111111111112,0.7208333333333334,0.7791666666666668,0.7870370370370371,0.198928590802545,0.3924460194891457
Spain_5678382,ESP,0.1309022158384323,0.4788990616798401,1.0132789611816406e-06,0.002122888807207346,0.4904218986365132,0.30589994778563623,0.44166666666666665,0.6180555555555556,0.5041666666666667,0.5212962962962963,0.4904218986365132,0.5992965177277321
Spain_5816638,ESP,0.04904840141534805,0.23274998366832733,2.86102294921875e-06,0.0005433655460365117,0.3837967146653377,0.7028358089363438,0.4,0.23194444444444445,0.36250000000000004,0.3314814814814815,0.3837967146653377,0.7157512985835862
Spain_5923267,ESP,0.4360138773918152,0.9869568943977356,0.00011920928955078125,0.0006136875017546117,0.16960483953230476,0.08132600248996491,0.9916666666666667,0.5972222222222222,0.6055555555555555,0.7314814814814815,0.16960483953230476,0.13199551031403967
Spain_6095801,ESP,0.2212834358215332,0.7005704045295715,1.3113021850585938e-06,0.005537096410989761,0.36191599381425554,0.18838661309663374,0.5513888888888889,0.8305555555555555,0.7041666666666667,0.6953703703703704,0.36191599381425554,0.5142759605494669
Spain_6199994,ESP,0.046217672526836395,0.21804332733154297,1.3113021850585938e-06,0.0010173062328249216,0.3638736755925469,0.5571054618868594,0.33472222222222225,0.2777777777777778,0.3680555555555556,0.3268518518518519,0.3638736755925469,0.6609736474247246
Spain_6537196,ESP,0.12094360589981079,0.46048933267593384,1.4901161193847656e-06,0.0027028024196624756,0.37712145793164376,0.36001174656786294,0.48611111111111105,0.6527777777777777,0.6166666666666667,0.5851851851851851,0.37712145793164376,0.6687627104088492
Spain_6860600,ESP,0.04981007054448128,0.2396620213985443,9.5367431640625e-07,0.0007110746810212731,0.44535694147884397,0.6332155670931302,0.2986111111111111,0.2625,0.2833333333333333,0.2814814814814815,0.44535694147884397,0.7027250618756575
Spain_716716,ESP,0.09354962408542633,0.37548160552978516,9.5367431640625e-07,0.0017699963646009564,0.44184834635047776,0.28886060390189694,0.3666666666666667,0.5222222222222223,0.475,0.45462962962962966,0.44184834635047776,0.5684651285610695
Spain_7370579,ESP,0.33987683057785034,0.9013330340385437,6.079673767089844e-06,0.005180353298783302,0.26010726197431455,0.15675035677050475,0.6847222222222222,0.8694444444444445,0.7902777777777779,0.7814814814814816,0.26010726197431455,0.4803387442648839
Spain_7387658,ESP,0.4335290193557739,0.9829619526863098,1.2099742889404297e-05,0.002645555417984724,0.25292823800672504,0.13732630364819143,0.8625,0.8472222222222222,0.7652777777777778,0.8250000000000001,0.25292823800672504,0.44165168300702723
Spain_7558720,ESP,0.12338331341743469,0.45546406507492065,7.748603820800781e-07,0.0026856146287173033,0.4495251988983523,0.33158213457400953,0.37916666666666665,0.6361111111111111,0.5013888888888889,0.5055555555555555,0.4495251988983523,0.6451225333684997
Spain_7604243,ESP,0.07257407903671265,0.31852075457572937,2.3245811462402344e-06,0.0011370861902832985,0.042505348518857566,0.0992145866425691,0.4041666666666667,0.33472222222222225,0.4222222222222223,0.38703703703703707,0.042505348518857566,0.14775357993696156
Spain_7786924,ESP,0.09397631883621216,0.37485042214393616,1.1920928955078125e-06,0.0021856012754142284,0.3788728590888293,0.34366034215095864,0.40694444444444444,0.5472222222222223,0.5486111111111112,0.5009259259259259,0.3788728590888293,0.6346829886115082
Spain_7856615,ESP,0.19790932536125183,0.6524140238761902,9.5367431640625e-07,0.004519874695688486,0.41518494711887,0.23644862811192202,0.49027777777777776,0.8055555555555556,0.6347222222222222,0.6435185185185185,0.41518494711887,0.575569180065741
Spain_8104659,ESP,0.1796797513961792,0.6057529449462891,3.7550926208496094e-06,0.003363717580214143,0.4719770559582145,0.23021961315788864,0.5916666666666667,0.7472222222222222,0.6944444444444444,0.6777777777777777,0.4719770559582145,0.5556492969203891
Spain_8154154,ESP,0.1300278902053833,0.474793404340744,1.0728836059570312e-06,0.0034376562107354403,0.38041658714719273,0.25282555278315744,0.45,0.7027777777777777,0.6055555555555555,0.5861111111111111,0.38041658714719273,0.5753561460094969
Spain_8199661,ESP,0.09165351092815399,0.3633478581905365,1.1324882507324219e-06,0.0034715947695076466,0.2474853672063978,0.17771879101634847,0.37916666666666665,0.6319444444444445,0.6138888888888889,0.5416666666666666,0.2474853672063978,0.470842522058338
Spain_8372658,ESP,0.35759344696998596,0.9219654202461243,9.834766387939453e-06,0.002953690243884921,0.14686082827466906,0.13226678733290442,0.763888888888889,0.8027777777777778,0.7861111111111112,0.7842592592592593,0.14686082827466906,0.4305417944734935
Spain_8565131,ESP,0.3328475058078766,0.8933618068695068,7.68899917602539e-06,0.0038608815521001816,0.21888768513702772,0.15015191507122316,0.6972222222222222,0.8222222222222222,0.7722222222222221,0.7638888888888888,0.21888768513702772,0.46306289465460904
