block,partition,seed,target_coverage,realized_coverage,signed_coverage_error,absolute_coverage_error,selective_risk,worst_event_selective_risk
E1,official,13,0.8,0.8661518517060405,0.06615185170604043,0.06615185170604043,0.3603766805149248,0.5326756528621206
E1,official,37,0.8,0.7100784179758037,-0.08992158202419631,0.08992158202419631,0.274464406070218,0.434186399414287
E1,official,71,0.8,0.7556247645746162,-0.0443752354253838,0.0443752354253838,0.3682905278167527,0.6270615683527601
E2,official,13,0.8,0.7833333333333333,-0.01666666666666672,0.01666666666666672,0.1167391639210523,0.1167391639210523
E2,official,37,0.8,0.825,0.02499999999999991,0.02499999999999991,0.1182636594242123,0.1182636594242123
E2,official,71,0.8,0.8166666666666667,0.016666666666666607,0.016666666666666607,0.0789611163522878,0.0789611163522878
E3,official,13,0.8,0.6916666666666667,-0.10833333333333339,0.10833333333333339,0.2680828136161997,0.2680828136161997
E3,official,37,0.8,0.775,-0.025000000000000022,0.025000000000000022,0.151832176687894,0.151832176687894
E3,official,71,0.8,0.75,-0.050000000000000044,0.050000000000000044,0.120213456183404,0.120213456183404
P1,F1,13,0.8,0.8916666666666667,0.09166666666666667,0.09166666666666667,0.1616940358473241,0.2256825737495891
P1,F1,37,0.8,0.8333333333333334,0.033333333333333326,0.033333333333333326,0.1624292426694585,0.2279517423458872
P1,F1,71,0.8,0.8,0.0,0.0,0.2024200315073642,0.284132402376863
P1,F2,13,0.8,0.8902691511387163,0.09026915113871625,0.09026915113871625,0.3345844862101374,0.42016821269244
P1,F2,37,0.8,0.7991718426501034,-0.0008281573498966077,0.0008281573498966077,0.2969644098444072,0.3563094694297363
P1,F2,71,0.8,0.8065907522429261,0.006590752242926046,0.006590752242926046,0.3261185323748321,0.4236512827978216
P1,F3,13,0.8,0.7678657127186539,-0.03213428728134615,0.03213428728134615,0.3563620346161851,0.5388538031313356
P1,F3,37,0.8,0.7204694814988932,-0.07953051850110682,0.07953051850110682,0.3194518004222424,0.5027788676107533
P1,F3,71,0.8,0.5391985465514877,-0.26080145344851235,0.26080145344851235,0.2641261263851822,0.4599783448471293
P2,F1,13,0.8,0.7194444444444444,-0.0805555555555556,0.0805555555555556,0.1835324786787931,0.2364777560733779
P2,F1,37,0.8,0.825,0.02499999999999991,0.02499999999999991,0.2038789564062002,0.2474304192556826
P2,F1,71,0.8,0.6944444444444444,-0.10555555555555562,0.10555555555555562,0.1799141500188269,0.2936074367036397
P2,F2,13,0.8,0.9333160800552104,0.13331608005521034,0.13331608005521034,0.3078877686468714,0.4193184901884113
P2,F2,37,0.8,0.9048050379572118,0.10480503795721174,0.10480503795721174,0.3049561316681242,0.4070261147017819
P2,F2,71,0.8,0.8927708764665286,0.0927708764665286,0.0927708764665286,0.3194433928167369,0.4421735156191357
P2,F3,13,0.8,0.7131863234804411,-0.08681367651955896,0.08681367651955896,0.3541791453182863,0.4283375408296146
P2,F3,37,0.8,0.7407408767702885,-0.0592591232297115,0.0592591232297115,0.3779850046417725,0.4869282008720248
P2,F3,71,0.8,0.9029903919609802,0.10299039196098014,0.10299039196098014,0.3624747082574745,0.5204293252425193
