seed,score,event_id,present_aurc,fixed_aurc,class_set_shift
13,georisk_v2,1111002,0.4095364074958319,0.4568585465448535,0.04732213904902159
13,georisk_v2,1111007,0.3855825634148244,0.3855825634148244,0.0
13,georisk_v2,1111013,0.4716960959972182,0.4716960959972182,0.0
13,georisk_v2,205,0.3047826185368814,0.5214190543092362,0.21663643577235475
13,georisk_v2,277,0.31198617343874324,0.3494846257632299,0.03749845232448672
13,georisk_v2,321,0.4261051889088318,0.4511046697276843,0.02499948081885251
13,georisk_v2,411,0.14387400489950558,0.5955181448067083,0.45164413990720276
13,georisk_v2,445,0.28951961761767475,0.43951768746338454,0.14999806984570982
13,georisk_v2,561,0.2437524803813098,0.34966097563072424,0.10590849524941444
13,georisk_v2,562,0.39144625713135356,0.42404667034351345,0.03260041321215988
13,self_dice_risk_multiclass,1111002,0.4095364074958319,0.4568585465448535,0.04732213904902159
13,self_dice_risk_multiclass,1111007,0.3857481271505574,0.3857481271505574,0.0
13,self_dice_risk_multiclass,1111013,0.4718441669081651,0.4718441669081651,0.0
13,self_dice_risk_multiclass,205,0.3047826185368814,0.5214190543092362,0.21663643577235475
13,self_dice_risk_multiclass,277,0.308573573066771,0.3460720253912577,0.03749845232448672
13,self_dice_risk_multiclass,321,0.41908465280363066,0.44408413362248317,0.02499948081885251
13,self_dice_risk_multiclass,411,0.14387400489950558,0.5955181448067083,0.45164413990720276
13,self_dice_risk_multiclass,445,0.27754452765334003,0.42754259182345367,0.14999806417011358
13,self_dice_risk_multiclass,561,0.2437524803813098,0.34966097563072424,0.10590849524941444
13,self_dice_risk_multiclass,562,0.3936931076321106,0.42629352084427047,0.03260041321215988
37,georisk_v2,1111002,0.13357039461601136,0.18522510885464366,0.05165471423863231
37,georisk_v2,1111007,0.31391868328067196,0.31391868328067196,0.0
37,georisk_v2,1111013,0.3764207708181973,0.3764207708181973,0.0
37,georisk_v2,205,0.3252974092375622,0.38959466158216594,0.06429725234460378
37,georisk_v2,277,0.2076810410999852,0.2868630141232127,0.07918197302322744
37,georisk_v2,321,0.3549422242937566,0.41327518431864385,0.05833296002488725
37,georisk_v2,411,0.21852912712933112,0.5851946727421077,0.3666655456127765
37,georisk_v2,445,0.21247601573198177,0.3624760157319818,0.15000000000000005
37,georisk_v2,561,0.1420300746752921,0.1586967413419588,0.016666666666666673
37,georisk_v2,562,0.33116767125877067,0.33116767125877067,0.0
37,self_dice_risk_multiclass,1111002,0.13364518310621346,0.18529989734484578,0.05165471423863231
37,self_dice_risk_multiclass,1111007,0.3115099375896162,0.3115099375896162,0.0
37,self_dice_risk_multiclass,1111013,0.3714532917055568,0.3714532917055568,0.0
37,self_dice_risk_multiclass,205,0.3247109615357368,0.3890082138803406,0.06429725234460378
37,self_dice_risk_multiclass,277,0.20545818371885405,0.28570904957205895,0.08025086585320489
37,self_dice_risk_multiclass,321,0.35941603455153154,0.4177489945764188,0.05833296002488725
37,self_dice_risk_multiclass,411,0.21852912712933112,0.5851946727421077,0.3666655456127765
37,self_dice_risk_multiclass,445,0.21540406644187982,0.3654040664418799,0.15000000000000005
37,self_dice_risk_multiclass,561,0.1420300746752921,0.1586967413419588,0.016666666666666673
37,self_dice_risk_multiclass,562,0.33116767125877067,0.33116767125877067,0.0
71,georisk_v2,1111002,0.39850295289738563,0.4473572088744292,0.04885425597704357
71,georisk_v2,1111007,0.2937878224365054,0.2937878224365054,0.0
71,georisk_v2,1111013,0.4676546223119779,0.4676546223119779,0.0
71,georisk_v2,205,0.25753636936470126,0.46827512480641104,0.2107387554417097
71,georisk_v2,277,0.20883095355271647,0.3171514545847836,0.10832050103206715
71,georisk_v2,321,0.3829487355950047,0.43294729742918303,0.049998561834178376
71,georisk_v2,411,0.15380635493534095,0.5891162084457731,0.4353098535104321
71,georisk_v2,445,0.3236503077810558,0.44864083355554546,0.12499052577448969
71,georisk_v2,561,0.13779791778160239,0.19706663387456044,0.05926871609295804
71,georisk_v2,562,0.29370894596408137,0.29370894596408137,0.0
71,self_dice_risk_multiclass,1111002,0.39850295289738563,0.4473572088744292,0.04885425597704357
71,self_dice_risk_multiclass,1111007,0.28421405700584984,0.28421405700584984,0.0
71,self_dice_risk_multiclass,1111013,0.461060652365474,0.461060652365474,0.0
71,self_dice_risk_multiclass,205,0.25544183875338794,0.46618059419509766,0.2107387554417097
71,self_dice_risk_multiclass,277,0.20515995034790804,0.31348045161267174,0.1083205012647637
71,self_dice_risk_multiclass,321,0.3681694339308855,0.44316851494621146,0.07499908101532587
71,self_dice_risk_multiclass,411,0.15380635493534095,0.5891162084457731,0.4353098535104321
71,self_dice_risk_multiclass,445,0.32028506016948216,0.4452751371375334,0.1249900769680513
71,self_dice_risk_multiclass,561,0.15445169523453936,0.21372041132749742,0.05926871609295804
71,self_dice_risk_multiclass,562,0.28711049508129993,0.28711049508129993,0.0
