seed,score,coverage,present_risk,fixed_risk,class_set_shift
13,georisk_v2,0.1,0.23371794142967017,0.6669326659889311,0.433214724559261
13,georisk_v2,0.15000000000000002,0.3492179531498521,0.6439327392129931,0.29471478606314094
13,georisk_v2,0.20000000000000004,0.3659495115742436,0.6439978268866577,0.27804831531241414
13,georisk_v2,0.25000000000000006,0.35938508567618704,0.6214998644642058,0.26211477878801875
13,georisk_v2,0.30000000000000004,0.445718060294058,0.6290447125717632,0.1833266522777052
13,georisk_v2,0.3500000000000001,0.46242533263868824,0.6290862057073443,0.16666087306865598
13,georisk_v2,0.40000000000000013,0.4888905359405725,0.6055333365119784,0.11664280057140583
13,georisk_v2,0.45000000000000007,0.4652731904291544,0.5914304963983503,0.1261573059691959
13,georisk_v2,0.5000000000000001,0.3901500030016193,0.49964371877520186,0.1094937157735826
13,georisk_v2,0.5500000000000002,0.3514376270898662,0.46093134286344883,0.1094937157735826
13,georisk_v2,0.6000000000000002,0.32445019797700897,0.3911168646436756,0.06666666666666668
13,georisk_v2,0.6500000000000001,0.30211141418565396,0.36877808085232067,0.06666666666666668
13,georisk_v2,0.7000000000000002,0.3047650959216114,0.37143176258827804,0.06666666666666668
13,georisk_v2,0.7500000000000002,0.3577618110952109,0.3752792027696209,0.01751739167441002
13,georisk_v2,0.8000000000000002,0.36026178314774765,0.37777917482215767,0.01751739167441002
13,georisk_v2,0.8500000000000002,0.36522101967133186,0.3826811012374577,0.01746008156612585
13,georisk_v2,0.9000000000000002,0.367268785392787,0.38472886695891284,0.01746008156612585
13,georisk_v2,0.9500000000000003,0.3847235453555129,0.3847235453555129,0.0
13,georisk_v2,1.0000000000000004,0.38938578477680963,0.38938578477680963,0.0
13,self_dice_risk_multiclass,0.1,0.23371754006469708,0.6669322646239582,0.433214724559261
13,self_dice_risk_multiclass,0.15000000000000002,0.3492179531498521,0.6439327392129931,0.29471478606314094
13,self_dice_risk_multiclass,0.20000000000000004,0.3659514368807666,0.6439997521931807,0.27804831531241414
13,self_dice_risk_multiclass,0.25000000000000006,0.35938508567618704,0.6214998644642058,0.26211477878801875
13,self_dice_risk_multiclass,0.30000000000000004,0.44570784574298916,0.6290344980206943,0.1833266522777052
13,self_dice_risk_multiclass,0.3500000000000001,0.46242375658899676,0.6290846296576527,0.16666087306865598
13,self_dice_risk_multiclass,0.40000000000000013,0.48888708586381757,0.6055298864352234,0.11664280057140583
13,self_dice_risk_multiclass,0.45000000000000007,0.4652732244827319,0.5914305191007353,0.1261572946180034
13,self_dice_risk_multiclass,0.5000000000000001,0.371733034185795,0.48122674995937764,0.1094937157735826
13,self_dice_risk_multiclass,0.5500000000000002,0.35014703134681346,0.45964074712039615,0.1094937157735826
13,self_dice_risk_multiclass,0.6000000000000002,0.301218436386765,0.36788510305343164,0.06666666666666668
13,self_dice_risk_multiclass,0.6500000000000001,0.30219337172586025,0.36886003839252696,0.06666666666666668
13,self_dice_risk_multiclass,0.7000000000000002,0.3040307491398818,0.37069741580654847,0.06666666666666668
13,self_dice_risk_multiclass,0.7500000000000002,0.35842011342496194,0.37593750509937196,0.01751739167441002
13,self_dice_risk_multiclass,0.8000000000000002,0.36178376823364733,0.37930115990805735,0.01751739167441002
13,self_dice_risk_multiclass,0.8500000000000002,0.36653161559473924,0.3839916971608651,0.01746008156612585
13,self_dice_risk_multiclass,0.9000000000000002,0.36744326548831313,0.38490334705443896,0.01746008156612585
13,self_dice_risk_multiclass,0.9500000000000003,0.38496789672333226,0.38496789672333226,0.0
13,self_dice_risk_multiclass,1.0000000000000004,0.38938578477680963,0.38938578477680963,0.0
37,georisk_v2,0.1,0.18025349766227258,0.610352585723365,0.43009908806109254
37,georisk_v2,0.15000000000000002,0.19701334270912524,0.559766637524698,0.36275329481557284
37,georisk_v2,0.20000000000000004,0.31136652444112944,0.5360465399981474,0.22468001555701803
37,georisk_v2,0.25000000000000006,0.33829535562821167,0.5177150195231963,0.1794196638949846
37,georisk_v2,0.30000000000000004,0.2439150084468998,0.40227962274481294,0.15836461429791315
37,georisk_v2,0.3500000000000001,0.2571690280855777,0.32383569475224433,0.06666666666666668
37,georisk_v2,0.40000000000000013,0.23504001928383794,0.30170668595050465,0.06666666666666668
37,georisk_v2,0.45000000000000007,0.24730072201566838,0.3139673886823351,0.06666666666666668
37,georisk_v2,0.5000000000000001,0.25392543419562924,0.32059210086229595,0.06666666666666668
37,georisk_v2,0.5500000000000002,0.25869673207814403,0.32536339874481074,0.06666666666666668
37,georisk_v2,0.6000000000000002,0.2647759251242172,0.33144259179088387,0.06666666666666668
37,georisk_v2,0.6500000000000001,0.3231917439200155,0.3398572895327918,0.016665545612776368
37,georisk_v2,0.7000000000000002,0.3225221855608909,0.33918773117366724,0.016665545612776368
37,georisk_v2,0.7500000000000002,0.33843348797909956,0.33843348797909956,0.0
37,georisk_v2,0.8000000000000002,0.34185870118156697,0.34185870118156697,0.0
37,georisk_v2,0.8500000000000002,0.34305582866877077,0.34305582866877077,0.0
37,georisk_v2,0.9000000000000002,0.34523177077514966,0.34523177077514966,0.0
37,georisk_v2,0.9500000000000003,0.34600953822494906,0.34600953822494906,0.0
37,georisk_v2,1.0000000000000004,0.3482774542661967,0.3482774542661967,0.0
37,self_dice_risk_multiclass,0.1,0.18021017701227973,0.6103092650733722,0.43009908806109254
37,self_dice_risk_multiclass,0.15000000000000002,0.1970153863287658,0.5597686811443386,0.36275329481557284
37,self_dice_risk_multiclass,0.20000000000000004,0.31132946537414785,0.5360094809311658,0.22468001555701803
37,self_dice_risk_multiclass,0.25000000000000006,0.33803790329583655,0.5174575661612179,0.1794196628653813
37,self_dice_risk_multiclass,0.30000000000000004,0.22813577321653278,0.38863817420400415,0.16050240098747137
37,self_dice_risk_multiclass,0.3500000000000001,0.255863429540263,0.32253009620692963,0.06666666666666668
37,self_dice_risk_multiclass,0.40000000000000013,0.23258985796348908,0.29925652463015573,0.06666666666666668
37,self_dice_risk_multiclass,0.45000000000000007,0.2480212767884332,0.31468794345509987,0.06666666666666668
37,self_dice_risk_multiclass,0.5000000000000001,0.25791456446838584,0.3245812311350525,0.06666666666666668
37,self_dice_risk_multiclass,0.5500000000000002,0.26323629763050854,0.3299029642971752,0.06666666666666668
37,self_dice_risk_multiclass,0.6000000000000002,0.26455935768796257,0.3312260243546292,0.06666666666666668
37,self_dice_risk_multiclass,0.6500000000000001,0.32329263805154024,0.33995818366431657,0.016665545612776368
37,self_dice_risk_multiclass,0.7000000000000002,0.32380865160102246,0.3404741972137989,0.016665545612776368
37,self_dice_risk_multiclass,0.7500000000000002,0.33861577244563423,0.33861577244563423,0.0
37,self_dice_risk_multiclass,0.8000000000000002,0.3432165350253116,0.3432165350253116,0.0
37,self_dice_risk_multiclass,0.8500000000000002,0.3448236450265328,0.3448236450265328,0.0
37,self_dice_risk_multiclass,0.9000000000000002,0.3454956524036337,0.3454956524036337,0.0
37,self_dice_risk_multiclass,0.9500000000000003,0.34644904093832424,0.34644904093832424,0.0
37,self_dice_risk_multiclass,1.0000000000000004,0.3482774542661967,0.3482774542661967,0.0
71,georisk_v2,0.1,0.21586468736235345,0.6324131036038502,0.41654841624149663
71,georisk_v2,0.15000000000000002,0.24276721484186722,0.5843123107082128,0.34154509586634557
71,georisk_v2,0.20000000000000004,0.24303158309557832,0.5845769707073266,0.34154538761174835
71,georisk_v2,0.25000000000000006,0.32763376589053883,0.5691733944725039,0.24153962858196518
71,georisk_v2,0.30000000000000004,0.3324518244231,0.515779734607389,0.18332791018428898
71,georisk_v2,0.3500000000000001,0.3195759743996535,0.4862148274487149,0.16663885304906134
71,georisk_v2,0.40000000000000013,0.31857384052391263,0.4298091876644702,0.11123534714055756
71,georisk_v2,0.45000000000000007,0.3028846597668073,0.41312086151698485,0.11023620175017754
71,georisk_v2,0.5000000000000001,0.3504877386925198,0.4171544053591865,0.06666666666666668
71,georisk_v2,0.5500000000000002,0.3131042843724724,0.37977095103913905,0.06666666666666668
71,georisk_v2,0.6000000000000002,0.3161163740083042,0.38278304067497093,0.06666666666666668
71,georisk_v2,0.6500000000000001,0.3185840117818578,0.38525067844852445,0.06666666666666668
71,georisk_v2,0.7000000000000002,0.31575905725192077,0.3824257239185874,0.06666666666666668
71,georisk_v2,0.7500000000000002,0.3531552935945837,0.371798480438349,0.01864318684376528
71,georisk_v2,0.8000000000000002,0.3555389101719679,0.3741820970157332,0.01864318684376528
71,georisk_v2,0.8500000000000002,0.37407844848009697,0.37407844848009697,0.0
71,georisk_v2,0.9000000000000002,0.37520419499217533,0.37520419499217533,0.0
71,georisk_v2,0.9500000000000003,0.37831782297207556,0.37831782297207556,0.0
71,georisk_v2,1.0000000000000004,0.3825052446002638,0.3825052446002638,0.0
71,self_dice_risk_multiclass,0.1,0.21586437935551644,0.632412795597013,0.41654841624149663
71,self_dice_risk_multiclass,0.15000000000000002,0.18370928016310228,0.5752554143917428,0.39154613422864054
71,self_dice_risk_multiclass,0.20000000000000004,0.23389222074144822,0.5754376083531965,0.34154538761174835
71,self_dice_risk_multiclass,0.25000000000000006,0.3107928534186214,0.5523324820005866,0.24153962858196518
71,self_dice_risk_multiclass,0.30000000000000004,0.32708926336793775,0.510417058999918,0.18332779563198015
71,self_dice_risk_multiclass,0.3500000000000001,0.3180179568057741,0.48465677033968824,0.16663881353391416
71,self_dice_risk_multiclass,0.40000000000000013,0.3079903733537973,0.4192257204943549,0.11123534714055756
71,self_dice_risk_multiclass,0.45000000000000007,0.3145346149254847,0.42477007359563457,0.11023545867014992
71,self_dice_risk_multiclass,0.5000000000000001,0.3659857283368774,0.432652395003544,0.06666666666666668
71,self_dice_risk_multiclass,0.5500000000000002,0.32408326469593296,0.3907499313625996,0.06666666666666668
71,self_dice_risk_multiclass,0.6000000000000002,0.3164405907008921,0.3831072573675588,0.06666666666666668
71,self_dice_risk_multiclass,0.6500000000000001,0.3159520464196587,0.38261871308632533,0.06666666666666668
71,self_dice_risk_multiclass,0.7000000000000002,0.3093028520655866,0.37596951873225326,0.06666666666666668
71,self_dice_risk_multiclass,0.7500000000000002,0.35762320796395003,0.3762663948077153,0.01864318684376528
71,self_dice_risk_multiclass,0.8000000000000002,0.35775391156013503,0.37639709840390034,0.01864318684376528
71,self_dice_risk_multiclass,0.8500000000000002,0.3763319122277503,0.3763319122277503,0.0
71,self_dice_risk_multiclass,0.9000000000000002,0.3775991358949839,0.3775991358949839,0.0
71,self_dice_risk_multiclass,0.9500000000000003,0.38012095682328095,0.38012095682328095,0.0
71,self_dice_risk_multiclass,1.0000000000000004,0.3825052446002638,0.3825052446002638,0.0
