block,method,endpoint,mean_aurc,sd_aurc,held_events
P1,nonnegative_ridge,fixed_full_event_class_miou_risk,0.23756999810066592,0.14417326441873657,33
P1,nonnegative_ridge,foreground_dice_risk,0.2783922354935283,0.20053705668264066,33
P1,nonnegative_ridge,foreground_iou_risk,0.3868276767245087,0.20987846146491784,33
P1,nonnegative_ridge,present_class_miou_risk,0.23756999810066592,0.14417326441873657,33
P1,nonnegative_ridge,tile_mean_present_class_miou_risk,0.3032009015013753,0.12569331117689236,33
P1,soft_dice,fixed_full_event_class_miou_risk,0.26044726993356365,0.1466999261559566,33
P1,soft_dice,foreground_dice_risk,0.2803656311231419,0.19041184582480086,33
P1,soft_dice,foreground_iou_risk,0.3943420282587455,0.20001642019486762,33
P1,soft_dice,present_class_miou_risk,0.26044726993356365,0.1466999261559566,33
P1,soft_dice,tile_mean_present_class_miou_risk,0.30365466302174615,0.12855877828052192,33
P2,nonnegative_ridge,fixed_full_event_class_miou_risk,0.23382891007009454,0.09210381487795291,33
P2,nonnegative_ridge,foreground_dice_risk,0.2629239397145482,0.1434736550090381,33
P2,nonnegative_ridge,foreground_iou_risk,0.38473949676238994,0.16183531074398902,33
P2,nonnegative_ridge,present_class_miou_risk,0.23382891007009454,0.09210381487795291,33
P2,nonnegative_ridge,tile_mean_present_class_miou_risk,0.3224948828844585,0.07494961543483362,33
P2,soft_dice,fixed_full_event_class_miou_risk,0.27465265240700504,0.0967547803890605,33
P2,soft_dice,foreground_dice_risk,0.2899310414456629,0.15325376315811343,33
P2,soft_dice,foreground_iou_risk,0.41505052905056117,0.17253548720499354,33
P2,soft_dice,present_class_miou_risk,0.27465265240700504,0.0967547803890605,33
P2,soft_dice,tile_mean_present_class_miou_risk,0.32550732750081707,0.0728612464665075,33
