block,endpoint,coverage,georisk_v2,soft_dice_risk_binary,delta_v2_minus_self_overlap,total_integrated_gain,gain_at_coverage_le_0_5,fraction_gain_at_coverage_le_0_5
P1,fixed_full_event_class_miou_risk,0.1,0.200621171001517,0.24415955365347156,-0.04353838265195456,0.03433561038588933,0.02131274138374452,0.6207182905507126
P1,fixed_full_event_class_miou_risk,0.15000000000000002,0.19250442750268842,0.254227758514515,-0.06172333101182659,0.03433561038588933,0.02131274138374452,0.6207182905507126
P1,fixed_full_event_class_miou_risk,0.20000000000000004,0.2067451773335439,0.2721846085321487,-0.06543943119860482,0.03433561038588933,0.02131274138374452,0.6207182905507126
P1,fixed_full_event_class_miou_risk,0.25000000000000006,0.2200772580439017,0.28227300007003386,-0.06219574202613215,0.03433561038588933,0.02131274138374452,0.6207182905507126
P1,fixed_full_event_class_miou_risk,0.30000000000000004,0.22653720176963363,0.2794327055021217,-0.05289550373248805,0.03433561038588933,0.02131274138374452,0.6207182905507126
P1,fixed_full_event_class_miou_risk,0.3500000000000001,0.22734031806142252,0.2792932555774501,-0.051952937516027586,0.03433561038588933,0.02131274138374452,0.6207182905507126
P1,fixed_full_event_class_miou_risk,0.40000000000000013,0.23853123422138353,0.28423483688406265,-0.045703602662679116,0.03433561038588933,0.02131274138374452,0.6207182905507126
P1,fixed_full_event_class_miou_risk,0.45000000000000007,0.24326777910233421,0.287595768245113,-0.0443279891427788,0.03433561038588933,0.02131274138374452,0.6207182905507126
P1,fixed_full_event_class_miou_risk,0.5000000000000001,0.2532336445032751,0.2937278426200267,-0.04049419811675159,0.03433561038588933,0.02131274138374452,0.6207182905507126
P1,fixed_full_event_class_miou_risk,0.5500000000000002,0.2580246801068575,0.29690223564069174,-0.03887755553383426,0.03433561038588933,0.02131274138374452,0.6207182905507126
P1,fixed_full_event_class_miou_risk,0.6000000000000002,0.2556797019698668,0.2970416431106323,-0.041361941140765524,0.03433561038588933,0.02131274138374452,0.6207182905507126
P1,fixed_full_event_class_miou_risk,0.6500000000000001,0.26009743422708653,0.2979029170841671,-0.037805482857080575,0.03433561038588933,0.02131274138374452,0.6207182905507126
P1,fixed_full_event_class_miou_risk,0.7000000000000002,0.26378866913573107,0.29968242227572656,-0.03589375313999549,0.03433561038588933,0.02131274138374452,0.6207182905507126
P1,fixed_full_event_class_miou_risk,0.7500000000000002,0.2669646855188311,0.2981321506483618,-0.03116746512953067,0.03433561038588933,0.02131274138374452,0.6207182905507126
P1,fixed_full_event_class_miou_risk,0.8000000000000002,0.2761291192465971,0.2991870649704684,-0.023057945723871265,0.03433561038588933,0.02131274138374452,0.6207182905507126
P1,fixed_full_event_class_miou_risk,0.8500000000000002,0.28135669194597324,0.2982695959238973,-0.016912903977924054,0.03433561038588933,0.02131274138374452,0.6207182905507126
P1,fixed_full_event_class_miou_risk,0.9000000000000002,0.2861714658505716,0.29645585276965536,-0.010284386919083732,0.03433561038588933,0.02131274138374452,0.6207182905507126
P1,fixed_full_event_class_miou_risk,0.9500000000000003,0.29244897243924683,0.29729781900168173,-0.004848846562434894,0.03433561038588933,0.02131274138374452,0.6207182905507126
P1,fixed_full_event_class_miou_risk,1.0000000000000004,0.30049745525220634,0.30049745525220634,0.0,0.03433561038588933,0.02131274138374452,0.6207182905507126
P1,foreground_dice_risk,0.1,0.23251164700872154,0.2111684708193578,0.02134317618936374,0.013177237029865214,0.004475562360840093,0.33964345869293905
P1,foreground_dice_risk,0.15000000000000002,0.21060436156411466,0.2224532290571257,-0.011848867493011034,0.013177237029865214,0.004475562360840093,0.33964345869293905
P1,foreground_dice_risk,0.20000000000000004,0.23198890215139237,0.24638192793290722,-0.014393025781514857,0.013177237029865214,0.004475562360840093,0.33964345869293905
P1,foreground_dice_risk,0.25000000000000006,0.2529844853273035,0.26562302062035215,-0.012638535293048647,0.013177237029865214,0.004475562360840093,0.33964345869293905
P1,foreground_dice_risk,0.30000000000000004,0.2650183304610547,0.27097841738977435,-0.005960086928719632,0.013177237029865214,0.004475562360840093,0.33964345869293905
P1,foreground_dice_risk,0.3500000000000001,0.26584480675349553,0.2828912816213856,-0.01704647486789007,0.013177237029865214,0.004475562360840093,0.33964345869293905
P1,foreground_dice_risk,0.40000000000000013,0.2842039638183269,0.2981564815139326,-0.013952517695605682,0.013177237029865214,0.004475562360840093,0.33964345869293905
P1,foreground_dice_risk,0.45000000000000007,0.29194352087018044,0.30793131791233314,-0.015987797042152696,0.013177237029865214,0.004475562360840093,0.33964345869293905
P1,foreground_dice_risk,0.5000000000000001,0.3079471380356879,0.32465819845477006,-0.016711060419082158,0.013177237029865214,0.004475562360840093,0.33964345869293905
P1,foreground_dice_risk,0.5500000000000002,0.31552566399074716,0.3317108882193168,-0.01618522422856966,0.013177237029865214,0.004475562360840093,0.33964345869293905
P1,foreground_dice_risk,0.6000000000000002,0.3124645576407781,0.3381511900009692,-0.02568663236019114,0.013177237029865214,0.004475562360840093,0.33964345869293905
P1,foreground_dice_risk,0.6500000000000001,0.3194352011748863,0.3448592592400557,-0.025424058065169453,0.013177237029865214,0.004475562360840093,0.33964345869293905
P1,foreground_dice_risk,0.7000000000000002,0.32496322929282595,0.35218484456744653,-0.02722161527462058,0.013177237029865214,0.004475562360840093,0.33964345869293905
P1,foreground_dice_risk,0.7500000000000002,0.32909260530255485,0.3545225786806021,-0.025429973378047255,0.013177237029865214,0.004475562360840093,0.33964345869293905
P1,foreground_dice_risk,0.8000000000000002,0.3414640102352695,0.3603130280414937,-0.018849017806224166,0.013177237029865214,0.004475562360840093,0.33964345869293905
P1,foreground_dice_risk,0.8500000000000002,0.3489499221029075,0.36254703654144316,-0.013597114438535673,0.013177237029865214,0.004475562360840093,0.33964345869293905
P1,foreground_dice_risk,0.9000000000000002,0.35611299180786193,0.3642225231457845,-0.008109531337922582,0.013177237029865214,0.004475562360840093,0.33964345869293905
P1,foreground_dice_risk,0.9500000000000003,0.36387265871669805,0.3690474549983789,-0.005174796281680827,0.013177237029865214,0.004475562360840093,0.33964345869293905
P1,foreground_dice_risk,1.0000000000000004,0.37690387003352793,0.37690387003352793,0.0,0.013177237029865214,0.004475562360840093,0.33964345869293905
P1,foreground_iou_risk,0.1,0.336148503115877,0.31601433632174675,0.02013416679413027,0.01548034067308062,0.005458094981448,0.35258235569319857
P1,foreground_iou_risk,0.15000000000000002,0.32347760095926387,0.3373918103534725,-0.013914209394208621,0.01548034067308062,0.005458094981448,0.35258235569319857
P1,foreground_iou_risk,0.20000000000000004,0.35129800828189156,0.3696796488327384,-0.018381640550846845,0.01548034067308062,0.005458094981448,0.35258235569319857
P1,foreground_iou_risk,0.25000000000000006,0.3779771615761291,0.3933637751024005,-0.015386613526271409,0.01548034067308062,0.005458094981448,0.35258235569319857
P1,foreground_iou_risk,0.30000000000000004,0.3937503202838243,0.4024373928411047,-0.008687072557280406,0.01548034067308062,0.005458094981448,0.35258235569319857
P1,foreground_iou_risk,0.3500000000000001,0.39679129656976264,0.4169642641165706,-0.020172967546807974,0.01548034067308062,0.005458094981448,0.35258235569319857
P1,foreground_iou_risk,0.40000000000000013,0.4188714088306405,0.43463164846310637,-0.015760239632465867,0.01548034067308062,0.005458094981448,0.35258235569319857
P1,foreground_iou_risk,0.45000000000000007,0.4274377938329691,0.4453568388279868,-0.01791904499501773,0.01548034067308062,0.005458094981448,0.35258235569319857
P1,foreground_iou_risk,0.5000000000000001,0.44614106178375984,0.46415545143001236,-0.018014389646252515,0.01548034067308062,0.005458094981448,0.35258235569319857
P1,foreground_iou_risk,0.5500000000000002,0.4553658682627858,0.47311579358007605,-0.01774992531729025,0.01548034067308062,0.005458094981448,0.35258235569319857
P1,foreground_iou_risk,0.6000000000000002,0.4508416521235351,0.4811069473211249,-0.030265295197589803,0.01548034067308062,0.005458094981448,0.35258235569319857
P1,foreground_iou_risk,0.6500000000000001,0.4586286836580747,0.4893217382313701,-0.03069305457329541,0.01548034067308062,0.005458094981448,0.35258235569319857
P1,foreground_iou_risk,0.7000000000000002,0.46598473215967334,0.49831649278173246,-0.032331760622059114,0.01548034067308062,0.005458094981448,0.35258235569319857
P1,foreground_iou_risk,0.7500000000000002,0.4713692846464838,0.5010026149015717,-0.02963333025508791,0.01548034067308062,0.005458094981448,0.35258235569319857
P1,foreground_iou_risk,0.8000000000000002,0.4860984728672952,0.507215350058579,-0.0211168771912838,0.01548034067308062,0.005458094981448,0.35258235569319857
P1,foreground_iou_risk,0.8500000000000002,0.4948309710621364,0.5097237444614614,-0.014892773399324988,0.01548034067308062,0.005458094981448,0.35258235569319857
P1,foreground_iou_risk,0.9000000000000002,0.5029736224448398,0.5116335053449538,-0.008659882900113991,0.01548034067308062,0.005458094981448,0.35258235569319857
P1,foreground_iou_risk,0.9500000000000003,0.5101593628734045,0.5162541824268853,-0.00609481955348079,0.01548034067308062,0.005458094981448,0.35258235569319857
P1,foreground_iou_risk,1.0000000000000004,0.522840260916523,0.522840260916523,0.0,0.01548034067308062,0.005458094981448,0.35258235569319857
P1,present_class_miou_risk,0.1,0.200621171001517,0.24415955365347156,-0.04353838265195456,0.03433561038588933,0.02131274138374452,0.6207182905507126
P1,present_class_miou_risk,0.15000000000000002,0.19250442750268842,0.254227758514515,-0.06172333101182659,0.03433561038588933,0.02131274138374452,0.6207182905507126
P1,present_class_miou_risk,0.20000000000000004,0.2067451773335439,0.2721846085321487,-0.06543943119860482,0.03433561038588933,0.02131274138374452,0.6207182905507126
P1,present_class_miou_risk,0.25000000000000006,0.2200772580439017,0.28227300007003386,-0.06219574202613215,0.03433561038588933,0.02131274138374452,0.6207182905507126
P1,present_class_miou_risk,0.30000000000000004,0.22653720176963363,0.2794327055021217,-0.05289550373248805,0.03433561038588933,0.02131274138374452,0.6207182905507126
P1,present_class_miou_risk,0.3500000000000001,0.22734031806142252,0.2792932555774501,-0.051952937516027586,0.03433561038588933,0.02131274138374452,0.6207182905507126
P1,present_class_miou_risk,0.40000000000000013,0.23853123422138353,0.28423483688406265,-0.045703602662679116,0.03433561038588933,0.02131274138374452,0.6207182905507126
P1,present_class_miou_risk,0.45000000000000007,0.24326777910233421,0.287595768245113,-0.0443279891427788,0.03433561038588933,0.02131274138374452,0.6207182905507126
P1,present_class_miou_risk,0.5000000000000001,0.2532336445032751,0.2937278426200267,-0.04049419811675159,0.03433561038588933,0.02131274138374452,0.6207182905507126
P1,present_class_miou_risk,0.5500000000000002,0.2580246801068575,0.29690223564069174,-0.03887755553383426,0.03433561038588933,0.02131274138374452,0.6207182905507126
P1,present_class_miou_risk,0.6000000000000002,0.2556797019698668,0.2970416431106323,-0.041361941140765524,0.03433561038588933,0.02131274138374452,0.6207182905507126
P1,present_class_miou_risk,0.6500000000000001,0.26009743422708653,0.2979029170841671,-0.037805482857080575,0.03433561038588933,0.02131274138374452,0.6207182905507126
P1,present_class_miou_risk,0.7000000000000002,0.26378866913573107,0.29968242227572656,-0.03589375313999549,0.03433561038588933,0.02131274138374452,0.6207182905507126
P1,present_class_miou_risk,0.7500000000000002,0.2669646855188311,0.2981321506483618,-0.03116746512953067,0.03433561038588933,0.02131274138374452,0.6207182905507126
P1,present_class_miou_risk,0.8000000000000002,0.2761291192465971,0.2991870649704684,-0.023057945723871265,0.03433561038588933,0.02131274138374452,0.6207182905507126
P1,present_class_miou_risk,0.8500000000000002,0.28135669194597324,0.2982695959238973,-0.016912903977924054,0.03433561038588933,0.02131274138374452,0.6207182905507126
P1,present_class_miou_risk,0.9000000000000002,0.2861714658505716,0.29645585276965536,-0.010284386919083732,0.03433561038588933,0.02131274138374452,0.6207182905507126
P1,present_class_miou_risk,0.9500000000000003,0.29244897243924683,0.29729781900168173,-0.004848846562434894,0.03433561038588933,0.02131274138374452,0.6207182905507126
P1,present_class_miou_risk,1.0000000000000004,0.30049745525220634,0.30049745525220634,0.0,0.03433561038588933,0.02131274138374452,0.6207182905507126
P2,fixed_full_event_class_miou_risk,0.1,0.23026994883443205,0.2515137152272993,-0.021243766392867264,0.039978475440389204,0.02711546682482805,0.6782516473210484
P2,fixed_full_event_class_miou_risk,0.15000000000000002,0.22631021050993538,0.28358244149205136,-0.05727223098211598,0.039978475440389204,0.02711546682482805,0.6782516473210484
P2,fixed_full_event_class_miou_risk,0.20000000000000004,0.21903874601605527,0.2945511723084584,-0.07551242629240312,0.039978475440389204,0.02711546682482805,0.6782516473210484
P2,fixed_full_event_class_miou_risk,0.25000000000000006,0.22220711776701985,0.30453340926142985,-0.08232629149441001,0.039978475440389204,0.02711546682482805,0.6782516473210484
P2,fixed_full_event_class_miou_risk,0.30000000000000004,0.23312415360772995,0.31536357738293735,-0.0822394237752074,0.039978475440389204,0.02711546682482805,0.6782516473210484
P2,fixed_full_event_class_miou_risk,0.3500000000000001,0.24330911815864376,0.3196368751782622,-0.07632775701961847,0.039978475440389204,0.02711546682482805,0.6782516473210484
P2,fixed_full_event_class_miou_risk,0.40000000000000013,0.24949902154441586,0.31674595784940185,-0.06724693630498599,0.039978475440389204,0.02711546682482805,0.6782516473210484
P2,fixed_full_event_class_miou_risk,0.45000000000000007,0.2546715591719445,0.3161096392497851,-0.06143808007784057,0.039978475440389204,0.02711546682482805,0.6782516473210484
P2,fixed_full_event_class_miou_risk,0.5000000000000001,0.2580420911162513,0.31669070582334274,-0.05864861470709143,0.039978475440389204,0.02711546682482805,0.6782516473210484
P2,fixed_full_event_class_miou_risk,0.5500000000000002,0.26540510592997196,0.3166749546845819,-0.05126984875460994,0.039978475440389204,0.02711546682482805,0.6782516473210484
P2,fixed_full_event_class_miou_risk,0.6000000000000002,0.27756811591995045,0.31737198762916674,-0.03980387170921629,0.039978475440389204,0.02711546682482805,0.6782516473210484
P2,fixed_full_event_class_miou_risk,0.6500000000000001,0.28662946229787684,0.3154390439360143,-0.02880958163813746,0.039978475440389204,0.02711546682482805,0.6782516473210484
P2,fixed_full_event_class_miou_risk,0.7000000000000002,0.2803076345254881,0.31442658311813176,-0.03411894859264364,0.039978475440389204,0.02711546682482805,0.6782516473210484
P2,fixed_full_event_class_miou_risk,0.7500000000000002,0.2833093126849472,0.3133141933415971,-0.030004880656649913,0.039978475440389204,0.02711546682482805,0.6782516473210484
P2,fixed_full_event_class_miou_risk,0.8000000000000002,0.2932912368876609,0.31234837560905143,-0.019057138721390532,0.039978475440389204,0.02711546682482805,0.6782516473210484
P2,fixed_full_event_class_miou_risk,0.8500000000000002,0.297203965616601,0.3117897546382428,-0.014585789021641815,0.039978475440389204,0.02711546682482805,0.6782516473210484
P2,fixed_full_event_class_miou_risk,0.9000000000000002,0.3019057414760619,0.30979540706436054,-0.007889665588298622,0.039978475440389204,0.02711546682482805,0.6782516473210484
P2,fixed_full_event_class_miou_risk,0.9500000000000003,0.306176133494379,0.30857227376946805,-0.0023961402750890537,0.039978475440389204,0.02711546682482805,0.6782516473210484
P2,fixed_full_event_class_miou_risk,1.0000000000000004,0.3080183588734048,0.3080183588734048,0.0,0.039978475440389204,0.02711546682482805,0.6782516473210484
P2,foreground_dice_risk,0.1,0.24943590370624255,0.2057484492092797,0.043687454496962846,0.019667673133933722,0.01115966382929134,0.5674114956708812
P2,foreground_dice_risk,0.15000000000000002,0.23739777505052018,0.23867084311215864,-0.0012730680616384604,0.019667673133933722,0.01115966382929134,0.5674114956708812
P2,foreground_dice_risk,0.20000000000000004,0.23107258948036513,0.26352976958119034,-0.03245718010082521,0.019667673133933722,0.01115966382929134,0.5674114956708812
P2,foreground_dice_risk,0.25000000000000006,0.2406286985759989,0.2810266878004079,-0.040397989224409014,0.019667673133933722,0.01115966382929134,0.5674114956708812
P2,foreground_dice_risk,0.30000000000000004,0.2591073076898185,0.30068696366200537,-0.04157965597218688,0.019667673133933722,0.01115966382929134,0.5674114956708812
P2,foreground_dice_risk,0.3500000000000001,0.27763115127602744,0.3145907094649413,-0.03695955818891383,0.019667673133933722,0.01115966382929134,0.5674114956708812
P2,foreground_dice_risk,0.40000000000000013,0.28764501917690244,0.32403134691817165,-0.03638632774126921,0.019667673133933722,0.01115966382929134,0.5674114956708812
P2,foreground_dice_risk,0.45000000000000007,0.29365032535394087,0.33038669653994707,-0.0367363711860062,0.019667673133933722,0.01115966382929134,0.5674114956708812
P2,foreground_dice_risk,0.5000000000000001,0.3027411059375929,0.34123481265571165,-0.03849370671811875,0.019667673133933722,0.01115966382929134,0.5674114956708812
P2,foreground_dice_risk,0.5500000000000002,0.3132544087077735,0.34604882318826685,-0.03279441448049336,0.019667673133933722,0.01115966382929134,0.5674114956708812
P2,foreground_dice_risk,0.6000000000000002,0.3323720590119146,0.35278553243453015,-0.02041347342261557,0.019667673133933722,0.01115966382929134,0.5674114956708812
P2,foreground_dice_risk,0.6500000000000001,0.34531173816453664,0.35580858086709255,-0.010496842702555909,0.019667673133933722,0.01115966382929134,0.5674114956708812
P2,foreground_dice_risk,0.7000000000000002,0.335269602708458,0.3613556778102664,-0.02608607510180838,0.019667673133933722,0.01115966382929134,0.5674114956708812
P2,foreground_dice_risk,0.7500000000000002,0.34053912662605035,0.3650220238104388,-0.024482897184388452,0.019667673133933722,0.01115966382929134,0.5674114956708812
P2,foreground_dice_risk,0.8000000000000002,0.3538326081770722,0.36839606484530835,-0.014563456668236163,0.019667673133933722,0.01115966382929134,0.5674114956708812
P2,foreground_dice_risk,0.8500000000000002,0.35965291925559245,0.3712478295055434,-0.011594910249950963,0.019667673133933722,0.01115966382929134,0.5674114956708812
P2,foreground_dice_risk,0.9000000000000002,0.3651127350651453,0.3729166894166608,-0.007803954351515485,0.019667673133933722,0.01115966382929134,0.5674114956708812
P2,foreground_dice_risk,0.9500000000000003,0.37177601777361496,0.3744533263458388,-0.0026773085722238132,0.019667673133933722,0.01115966382929134,0.5674114956708812
P2,foreground_dice_risk,1.0000000000000004,0.37578296469040773,0.37578296469040773,0.0,0.019667673133933722,0.01115966382929134,0.5674114956708812
P2,foreground_iou_risk,0.1,0.3661919073285087,0.3192675503102309,0.046924357018277796,0.023646394101963515,0.014137897542932746,0.5978880958327081
P2,foreground_iou_risk,0.15000000000000002,0.36221071728262344,0.36597072906584366,-0.0037600117832202185,0.023646394101963515,0.014137897542932746,0.5978880958327081
P2,foreground_iou_risk,0.20000000000000004,0.3557528939785448,0.39560138834783426,-0.039848494369289444,0.023646394101963515,0.014137897542932746,0.5978880958327081
P2,foreground_iou_risk,0.25000000000000006,0.3688256434470969,0.41776327952873493,-0.048937636081638036,0.023646394101963515,0.014137897542932746,0.5978880958327081
P2,foreground_iou_risk,0.30000000000000004,0.3907214674680915,0.4420159413795292,-0.05129447391143771,0.023646394101963515,0.014137897542932746,0.5978880958327081
P2,foreground_iou_risk,0.3500000000000001,0.41156743606907836,0.459262687305779,-0.04769525123670065,0.023646394101963515,0.014137897542932746,0.5978880958327081
P2,foreground_iou_risk,0.40000000000000013,0.4240971314749126,0.47015354223300665,-0.046056410758094024,0.023646394101963515,0.014137897542932746,0.5978880958327081
P2,foreground_iou_risk,0.45000000000000007,0.4322199056264677,0.4769495906185053,-0.044729684992037555,0.023646394101963515,0.014137897542932746,0.5978880958327081
P2,foreground_iou_risk,0.5000000000000001,0.44102913034514135,0.48882546281589356,-0.04779633247075221,0.023646394101963515,0.014137897542932746,0.5978880958327081
P2,foreground_iou_risk,0.5500000000000002,0.4539601861914187,0.4940282954797929,-0.040068109288374176,0.023646394101963515,0.014137897542932746,0.5978880958327081
P2,foreground_iou_risk,0.6000000000000002,0.47818454005727673,0.5019324860819133,-0.02374794602463659,0.023646394101963515,0.014137897542932746,0.5978880958327081
P2,foreground_iou_risk,0.6500000000000001,0.49518153481191773,0.5055144201494348,-0.010332885337517084,0.023646394101963515,0.014137897542932746,0.5978880958327081
P2,foreground_iou_risk,0.7000000000000002,0.48352037740949805,0.5116088174602661,-0.02808844005076805,0.023646394101963515,0.014137897542932746,0.5978880958327081
P2,foreground_iou_risk,0.7500000000000002,0.48978217143907504,0.51575725375398,-0.025975082314904918,0.023646394101963515,0.014137897542932746,0.5978880958327081
P2,foreground_iou_risk,0.8000000000000002,0.5048517654572411,0.519732056875807,-0.01488029141856595,0.023646394101963515,0.014137897542932746,0.5978880958327081
P2,foreground_iou_risk,0.8500000000000002,0.5105791757219793,0.5230369981097847,-0.01245782238780535,0.023646394101963515,0.014137897542932746,0.5978880958327081
P2,foreground_iou_risk,0.9000000000000002,0.5169668401201506,0.5248795730545297,-0.007912732934379108,0.023646394101963515,0.014137897542932746,0.5978880958327081
P2,foreground_iou_risk,0.9500000000000003,0.5237134326247395,0.5265218878130274,-0.002808455188287984,0.023646394101963515,0.014137897542932746,0.5978880958327081
P2,foreground_iou_risk,1.0000000000000004,0.5280103601206805,0.5280103601206805,0.0,0.023646394101963515,0.014137897542932746,0.5978880958327081
P2,present_class_miou_risk,0.1,0.23026994883443205,0.2515137152272993,-0.021243766392867264,0.039978475440389204,0.02711546682482805,0.6782516473210484
P2,present_class_miou_risk,0.15000000000000002,0.22631021050993538,0.28358244149205136,-0.05727223098211598,0.039978475440389204,0.02711546682482805,0.6782516473210484
P2,present_class_miou_risk,0.20000000000000004,0.21903874601605527,0.2945511723084584,-0.07551242629240312,0.039978475440389204,0.02711546682482805,0.6782516473210484
P2,present_class_miou_risk,0.25000000000000006,0.22220711776701985,0.30453340926142985,-0.08232629149441001,0.039978475440389204,0.02711546682482805,0.6782516473210484
P2,present_class_miou_risk,0.30000000000000004,0.23312415360772995,0.31536357738293735,-0.0822394237752074,0.039978475440389204,0.02711546682482805,0.6782516473210484
P2,present_class_miou_risk,0.3500000000000001,0.24330911815864376,0.3196368751782622,-0.07632775701961847,0.039978475440389204,0.02711546682482805,0.6782516473210484
P2,present_class_miou_risk,0.40000000000000013,0.24949902154441586,0.31674595784940185,-0.06724693630498599,0.039978475440389204,0.02711546682482805,0.6782516473210484
P2,present_class_miou_risk,0.45000000000000007,0.2546715591719445,0.3161096392497851,-0.06143808007784057,0.039978475440389204,0.02711546682482805,0.6782516473210484
P2,present_class_miou_risk,0.5000000000000001,0.2580420911162513,0.31669070582334274,-0.05864861470709143,0.039978475440389204,0.02711546682482805,0.6782516473210484
P2,present_class_miou_risk,0.5500000000000002,0.26540510592997196,0.3166749546845819,-0.05126984875460994,0.039978475440389204,0.02711546682482805,0.6782516473210484
P2,present_class_miou_risk,0.6000000000000002,0.27756811591995045,0.31737198762916674,-0.03980387170921629,0.039978475440389204,0.02711546682482805,0.6782516473210484
P2,present_class_miou_risk,0.6500000000000001,0.28662946229787684,0.3154390439360143,-0.02880958163813746,0.039978475440389204,0.02711546682482805,0.6782516473210484
P2,present_class_miou_risk,0.7000000000000002,0.2803076345254881,0.31442658311813176,-0.03411894859264364,0.039978475440389204,0.02711546682482805,0.6782516473210484
P2,present_class_miou_risk,0.7500000000000002,0.2833093126849472,0.3133141933415971,-0.030004880656649913,0.039978475440389204,0.02711546682482805,0.6782516473210484
P2,present_class_miou_risk,0.8000000000000002,0.2932912368876609,0.31234837560905143,-0.019057138721390532,0.039978475440389204,0.02711546682482805,0.6782516473210484
P2,present_class_miou_risk,0.8500000000000002,0.297203965616601,0.3117897546382428,-0.014585789021641815,0.039978475440389204,0.02711546682482805,0.6782516473210484
P2,present_class_miou_risk,0.9000000000000002,0.3019057414760619,0.30979540706436054,-0.007889665588298622,0.039978475440389204,0.02711546682482805,0.6782516473210484
P2,present_class_miou_risk,0.9500000000000003,0.306176133494379,0.30857227376946805,-0.0023961402750890537,0.039978475440389204,0.02711546682482805,0.6782516473210484
P2,present_class_miou_risk,1.0000000000000004,0.3080183588734048,0.3080183588734048,0.0,0.039978475440389204,0.02711546682482805,0.6782516473210484
