block,event_id,aurc_delta_v2_minus_self_overlap,foreground_coverage_delta_v2_minus_self_overlap_at_0_8,foreground_coverage_area_delta_v2_minus_self_overlap
P1,BOL,-0.008502739887813046,-0.29128503809462697,-0.49854005633977355
P1,ESP,-0.04675602455635806,-0.1377065092638137,-0.2447425479586818
P1,GHA,-0.024611797851402856,-0.6226617368405261,-0.535904427496244
P1,IND,-0.0068431302281525734,-0.004862100808169474,-0.011572976746834773
P1,KHM,-0.04339278301751065,-0.3255221445573821,-0.39120835722002
P1,LKA,-0.025106408855661594,-0.16866582554244147,-0.0654843993576148
P1,NGA,-0.08789287246794138,-0.5269669962572278,-0.5793587797513804
P1,PAK,-0.04177060762489532,0.01076885293482869,-0.1471531958843021
P1,PRY,-0.02002621703323154,-0.07927195747738987,-0.0496936854180939
P1,SOM,-0.016714624909995906,-0.04523978974987786,-0.0020161831999977084
P1,USA,-0.051211987279207234,-0.13225530624470241,-0.22344771059061563
P2,BOL,-0.03956693681811219,-0.32692116193591075,-0.4351044624080644
P2,ESP,-0.04784077779059449,-0.17335104115428757,-0.21314449909821284
P2,GHA,-0.033651115569139654,-0.22369201511259432,-0.361255498741002
P2,IND,-0.012870193551054213,-0.01657933303489238,-0.03966230935641276
P2,KHM,-0.03259769242817874,-0.4205027813212118,-0.4134393427391645
P2,LKA,-0.04031285945228222,-0.02801346365937814,-0.1288515960232918
P2,NGA,-0.09800896153391407,-0.43692652843356344,-0.4781085734713906
P2,PAK,-0.049893061997607326,-0.06969530835898818,-0.2423936035180073
P2,PRY,-0.023658234138286372,0.013236912108801624,-0.07960123067052993
P2,SOM,-0.025436313675783178,0.011546226349481251,-0.03491823606359331
P2,USA,-0.03604312435560177,-0.08585109124246952,-0.1267021741994339
