index,block,score,outcome,mean,std,median,min,max,count
0,P1,georisk_v2,predicted_foreground_fraction,-0.12130272052143427,0.5517238256342919,-0.18281335522714834,-0.8710663925575454,0.7571428571428571,33
1,P1,georisk_v2,reference_foreground_fraction,-0.06576442255983994,0.4443669671795898,-0.17778858245621046,-0.6983499861942056,0.825,33
2,P1,georisk_v2,tile_loss,0.4071649585996961,0.364235225842047,0.4736207526488857,-0.4297435897435897,0.8599789320152339,33
3,P1,predicted_foreground_fraction,predicted_foreground_fraction,1.0,7.601177430610147e-17,1.0,0.9999999999999998,1.0,33
4,P1,predicted_foreground_fraction,reference_foreground_fraction,0.7367275489000547,0.17336316042775818,0.748815929388733,0.4000005864152508,0.9749999999999999,33
5,P1,predicted_foreground_fraction,tile_loss,-0.1938692500533847,0.43782105832689516,-0.35420471982640983,-0.7454949944382647,0.7524786324786324,33
6,P1,predicted_foreground_scarcity,predicted_foreground_fraction,-1.0,7.601177430610147e-17,-1.0,-1.0,-0.9999999999999998,33
7,P1,predicted_foreground_scarcity,reference_foreground_fraction,-0.7367275489000547,0.17336316042775818,-0.748815929388733,-0.9749999999999999,-0.4000005864152508,33
8,P1,predicted_foreground_scarcity,tile_loss,0.1938692500533847,0.43782105832689516,0.35420471982640983,-0.7524786324786324,0.7454949944382647,33
9,P1,soft_dice_risk_binary,predicted_foreground_fraction,-0.9212448900635721,0.05758696788770202,-0.9401444788441692,-0.9835221044939717,-0.7436188315371526,33
10,P1,soft_dice_risk_binary,reference_foreground_fraction,-0.7001972793164695,0.17482423820994453,-0.7035805626598467,-0.9559510567296997,-0.3148981000113189,33
11,P1,soft_dice_risk_binary,tile_loss,0.3527938918321157,0.4674269057417649,0.5854468843691759,-0.6895726495726495,0.8344827586206897,33
12,P2,georisk_v2,predicted_foreground_fraction,-0.16405556857560202,0.4648638030421499,-0.10211345939933258,-0.8659991193925319,0.7357142857142855,33
13,P2,georisk_v2,reference_foreground_fraction,-0.10687390782484092,0.4132062213252741,-0.20917062477164783,-0.6924667686058538,0.7999999999999999,33
14,P2,georisk_v2,tile_loss,0.4110553761250745,0.25440976436240476,0.47632444282060654,-0.3993845160097905,0.717234262125903,33
15,P2,predicted_foreground_fraction,predicted_foreground_fraction,1.0,8.092071311423672e-17,1.0,0.9999999999999998,1.0,33
16,P2,predicted_foreground_fraction,reference_foreground_fraction,0.7782668888687654,0.1202549391064542,0.7858238947753016,0.5482788952779148,0.9719688542825362,33
17,P2,predicted_foreground_fraction,tile_loss,-0.20351311570156255,0.38602087075106695,-0.3187986651835373,-0.6654060066740823,0.6929914529914529,33
18,P2,predicted_foreground_scarcity,predicted_foreground_fraction,-1.0,8.092071311423672e-17,-1.0,-1.0,-0.9999999999999998,33
19,P2,predicted_foreground_scarcity,reference_foreground_fraction,-0.7782668888687654,0.1202549391064542,-0.7858238947753016,-0.9719688542825362,-0.5482788952779148,33
20,P2,predicted_foreground_scarcity,tile_loss,0.20351311570156255,0.38602087075106695,0.3187986651835373,-0.6929914529914529,0.6654060066740823,33
21,P2,soft_dice_risk_binary,predicted_foreground_fraction,-0.935465854578655,0.04467551683564385,-0.9425287356321838,-0.995596971359597,-0.7892857142857141,33
22,P2,soft_dice_risk_binary,reference_foreground_fraction,-0.7271430784936208,0.11096394448127053,-0.7085024923156732,-0.9421579532814239,-0.5302323745560226,33
23,P2,soft_dice_risk_binary,tile_loss,0.3420900506745141,0.39740060097535695,0.4853854585312387,-0.6086510603573863,0.7948832035595106,33
