block,partition,seed,event_id,tiles,score,outcome,spearman_rho,two_sided_p_uncorrected
P1,F1,13,BOL,15,georisk_v2,tile_loss,-0.2285714285714285,0.41256617049636035
P1,F1,13,BOL,15,georisk_v2,reference_foreground_fraction,0.825,0.0001532355709056457
P1,F1,13,BOL,15,georisk_v2,predicted_foreground_fraction,0.7571428571428571,0.0010811081941858342
P1,F1,13,BOL,15,soft_dice_risk_binary,tile_loss,0.8142857142857142,0.00021936582772710196
P1,F1,13,BOL,15,soft_dice_risk_binary,reference_foreground_fraction,-0.8607142857142854,3.805525022664778e-05
P1,F1,13,BOL,15,soft_dice_risk_binary,predicted_foreground_fraction,-0.8964285714285712,6.066143021729966e-06
P1,F1,13,BOL,15,predicted_foreground_fraction,tile_loss,-0.6499999999999999,0.008711583621912315
P1,F1,13,BOL,15,predicted_foreground_fraction,reference_foreground_fraction,0.9607142857142855,1.3027489790343448e-08
P1,F1,13,BOL,15,predicted_foreground_fraction,predicted_foreground_fraction,1.0,0.0
P1,F1,13,BOL,15,predicted_foreground_scarcity,tile_loss,0.6499999999999999,0.008711583621912315
P1,F1,13,BOL,15,predicted_foreground_scarcity,reference_foreground_fraction,-0.9607142857142855,1.3027489790343448e-08
P1,F1,13,BOL,15,predicted_foreground_scarcity,predicted_foreground_fraction,-1.0,0.0
P1,F1,13,ESP,30,georisk_v2,tile_loss,0.36952169076751945,0.04446079424635284
P1,F1,13,ESP,30,georisk_v2,reference_foreground_fraction,0.045606229143492764,0.8108685300024909
P1,F1,13,ESP,30,georisk_v2,predicted_foreground_fraction,0.18531701890989988,0.3268788409998813
P1,F1,13,ESP,30,soft_dice_risk_binary,tile_loss,0.7926585094549499,1.777329513674881e-07
P1,F1,13,ESP,30,soft_dice_risk_binary,reference_foreground_fraction,-0.9559510567296997,1.9355402373482177e-16
P1,F1,13,ESP,30,soft_dice_risk_binary,predicted_foreground_fraction,-0.9492769744160177,1.3384988023003791e-15
P1,F1,13,ESP,30,predicted_foreground_fraction,tile_loss,-0.6751946607341489,4.253861195842033e-05
P1,F1,13,ESP,30,predicted_foreground_fraction,reference_foreground_fraction,0.9234705228031145,3.609065794287214e-13
P1,F1,13,ESP,30,predicted_foreground_fraction,predicted_foreground_fraction,1.0,0.0
P1,F1,13,ESP,30,predicted_foreground_scarcity,tile_loss,0.6751946607341489,4.253861195842033e-05
P1,F1,13,ESP,30,predicted_foreground_scarcity,reference_foreground_fraction,-0.9234705228031145,3.609065794287214e-13
P1,F1,13,ESP,30,predicted_foreground_scarcity,predicted_foreground_fraction,-1.0,0.0
P1,F1,13,KHM,30,georisk_v2,tile_loss,0.5848720800889877,0.0006876005693208072
P1,F1,13,KHM,30,georisk_v2,reference_foreground_fraction,0.29299221357063404,0.11611233700618784
P1,F1,13,KHM,30,georisk_v2,predicted_foreground_fraction,0.3664071190211346,0.046427174576408735
P1,F1,13,KHM,30,soft_dice_risk_binary,tile_loss,0.6809788654060066,3.445428260548306e-05
P1,F1,13,KHM,30,soft_dice_risk_binary,reference_foreground_fraction,-0.8918798665183537,3.730166771658051e-11
P1,F1,13,KHM,30,soft_dice_risk_binary,predicted_foreground_fraction,-0.903448275862069,8.233638768359268e-12
P1,F1,13,KHM,30,predicted_foreground_fraction,tile_loss,-0.43003337041156836,0.017697381632349112
P1,F1,13,KHM,30,predicted_foreground_fraction,reference_foreground_fraction,0.9604004449388208,4.480357501810014e-17
P1,F1,13,KHM,30,predicted_foreground_fraction,predicted_foreground_fraction,1.0,0.0
P1,F1,13,KHM,30,predicted_foreground_scarcity,tile_loss,0.43003337041156836,0.017697381632349112
P1,F1,13,KHM,30,predicted_foreground_scarcity,reference_foreground_fraction,-0.9604004449388208,4.480357501810014e-17
P1,F1,13,KHM,30,predicted_foreground_scarcity,predicted_foreground_fraction,-1.0,0.0
P1,F1,13,NGA,18,georisk_v2,tile_loss,0.4117647058823529,0.08953914742899163
P1,F1,13,NGA,18,georisk_v2,reference_foreground_fraction,0.6759545923632612,0.0020739524486674096
P1,F1,13,NGA,18,georisk_v2,predicted_foreground_fraction,0.6635706914344685,0.002677983974457381
P1,F1,13,NGA,18,soft_dice_risk_binary,tile_loss,0.23632610939112486,0.3451012488097786
P1,F1,13,NGA,18,soft_dice_risk_binary,reference_foreground_fraction,-0.7997936016511867,6.775961943481652e-05
P1,F1,13,NGA,18,soft_dice_risk_binary,predicted_foreground_fraction,-0.9277605779153767,2.967922277250076e-08
P1,F1,13,NGA,18,predicted_foreground_fraction,tile_loss,-0.017543859649122806,0.9449151835129638
P1,F1,13,NGA,18,predicted_foreground_fraction,reference_foreground_fraction,0.8493292053663571,8.231059713170531e-06
P1,F1,13,NGA,18,predicted_foreground_fraction,predicted_foreground_fraction,1.0,0.0
P1,F1,13,NGA,18,predicted_foreground_scarcity,tile_loss,0.017543859649122806,0.9449151835129638
P1,F1,13,NGA,18,predicted_foreground_scarcity,reference_foreground_fraction,-0.8493292053663571,8.231059713170531e-06
P1,F1,13,NGA,18,predicted_foreground_scarcity,predicted_foreground_fraction,-1.0,0.0
P1,F1,37,BOL,15,georisk_v2,tile_loss,0.1357142857142857,0.6296204418728145
P1,F1,37,BOL,15,georisk_v2,reference_foreground_fraction,0.6285714285714286,0.012079539175905755
P1,F1,37,BOL,15,georisk_v2,predicted_foreground_fraction,0.6928571428571427,0.00419023296029814
P1,F1,37,BOL,15,soft_dice_risk_binary,tile_loss,0.7535714285714286,0.001177583023488827
P1,F1,37,BOL,15,soft_dice_risk_binary,reference_foreground_fraction,-0.8857142857142855,1.1199821851208477e-05
P1,F1,37,BOL,15,soft_dice_risk_binary,predicted_foreground_fraction,-0.8642857142857141,3.243373143346799e-05
P1,F1,37,BOL,15,predicted_foreground_fraction,tile_loss,-0.4928571428571427,0.061951006714168644
P1,F1,37,BOL,15,predicted_foreground_fraction,reference_foreground_fraction,0.9749999999999999,7.143705965229259e-10
P1,F1,37,BOL,15,predicted_foreground_fraction,predicted_foreground_fraction,1.0,0.0
P1,F1,37,BOL,15,predicted_foreground_scarcity,tile_loss,0.4928571428571427,0.061951006714168644
P1,F1,37,BOL,15,predicted_foreground_scarcity,reference_foreground_fraction,-0.9749999999999999,7.143705965229259e-10
P1,F1,37,BOL,15,predicted_foreground_scarcity,predicted_foreground_fraction,-1.0,0.0
P1,F1,37,ESP,30,georisk_v2,tile_loss,0.5350389321468298,0.002316035091700795
P1,F1,37,ESP,30,georisk_v2,reference_foreground_fraction,-0.0424916573971079,0.8235763471138854
P1,F1,37,ESP,30,georisk_v2,predicted_foreground_fraction,0.15728587319243603,0.40649970997409246
P1,F1,37,ESP,30,soft_dice_risk_binary,tile_loss,0.7432703003337041,2.535364720730443e-06
P1,F1,37,ESP,30,soft_dice_risk_binary,reference_foreground_fraction,-0.9559510567296997,1.9355402373482177e-16
P1,F1,37,ESP,30,soft_dice_risk_binary,predicted_foreground_fraction,-0.9408231368186873,1.0991246064735163e-14
P1,F1,37,ESP,30,predicted_foreground_fraction,tile_loss,-0.5434927697441602,0.0019095471435392865
P1,F1,37,ESP,30,predicted_foreground_fraction,reference_foreground_fraction,0.8869855394883204,6.719839067389327e-11
P1,F1,37,ESP,30,predicted_foreground_fraction,predicted_foreground_fraction,1.0,0.0
P1,F1,37,ESP,30,predicted_foreground_scarcity,tile_loss,0.5434927697441602,0.0019095471435392865
P1,F1,37,ESP,30,predicted_foreground_scarcity,reference_foreground_fraction,-0.8869855394883204,6.719839067389327e-11
P1,F1,37,ESP,30,predicted_foreground_scarcity,predicted_foreground_fraction,-1.0,0.0
P1,F1,37,KHM,30,georisk_v2,tile_loss,0.7517241379310345,1.6806785652410077e-06
P1,F1,37,KHM,30,georisk_v2,reference_foreground_fraction,0.01935483870967742,0.9191412148908162
P1,F1,37,KHM,30,georisk_v2,predicted_foreground_fraction,0.11813125695216908,0.5341252028753447
P1,F1,37,KHM,30,soft_dice_risk_binary,tile_loss,0.6587319243604004,7.563292651001836e-05
P1,F1,37,KHM,30,soft_dice_risk_binary,reference_foreground_fraction,-0.9078976640711901,4.374924195948259e-12
P1,F1,37,KHM,30,soft_dice_risk_binary,predicted_foreground_fraction,-0.9061179087875416,5.655239302431358e-12
P1,F1,37,KHM,30,predicted_foreground_fraction,tile_loss,-0.4251390433815351,0.01918146107701381
P1,F1,37,KHM,30,predicted_foreground_fraction,reference_foreground_fraction,0.957285873192436,1.268504969170017e-16
P1,F1,37,KHM,30,predicted_foreground_fraction,predicted_foreground_fraction,1.0,0.0
P1,F1,37,KHM,30,predicted_foreground_scarcity,tile_loss,0.4251390433815351,0.01918146107701381
P1,F1,37,KHM,30,predicted_foreground_scarcity,reference_foreground_fraction,-0.957285873192436,1.268504969170017e-16
P1,F1,37,KHM,30,predicted_foreground_scarcity,predicted_foreground_fraction,-1.0,0.0
P1,F1,37,NGA,18,georisk_v2,tile_loss,0.44685242518059853,0.06301029106386724
P1,F1,37,NGA,18,georisk_v2,reference_foreground_fraction,0.6491228070175438,0.003558373943300947
P1,F1,37,NGA,18,georisk_v2,predicted_foreground_fraction,0.6449948400412797,0.0038493730388244225
P1,F1,37,NGA,18,soft_dice_risk_binary,tile_loss,0.2982456140350877,0.22932241176613294
P1,F1,37,NGA,18,soft_dice_risk_binary,reference_foreground_fraction,-0.8121775025799793,4.239283893458813e-05
P1,F1,37,NGA,18,soft_dice_risk_binary,predicted_foreground_fraction,-0.9401444788441692,6.8594580955246866e-09
P1,F1,37,NGA,18,predicted_foreground_fraction,tile_loss,-0.11042311661506708,0.6626984309773882
P1,F1,37,NGA,18,predicted_foreground_fraction,reference_foreground_fraction,0.8637770897832818,3.854410891744888e-06
P1,F1,37,NGA,18,predicted_foreground_fraction,predicted_foreground_fraction,1.0,0.0
P1,F1,37,NGA,18,predicted_foreground_scarcity,tile_loss,0.11042311661506708,0.6626984309773882
P1,F1,37,NGA,18,predicted_foreground_scarcity,reference_foreground_fraction,-0.8637770897832818,3.854410891744888e-06
P1,F1,37,NGA,18,predicted_foreground_scarcity,predicted_foreground_fraction,-1.0,0.0
P1,F1,71,BOL,15,georisk_v2,tile_loss,-0.11428571428571425,0.6850657626568974
P1,F1,71,BOL,15,georisk_v2,reference_foreground_fraction,0.7749999999999999,0.0006896453939514359
P1,F1,71,BOL,15,georisk_v2,predicted_foreground_fraction,0.6607142857142856,0.007330569830891708
P1,F1,71,BOL,15,soft_dice_risk_binary,tile_loss,0.7214285714285712,0.002398868072673343
P1,F1,71,BOL,15,soft_dice_risk_binary,reference_foreground_fraction,-0.8285714285714284,0.00013524478013276985
P1,F1,71,BOL,15,soft_dice_risk_binary,predicted_foreground_fraction,-0.9214285714285713,1.0713172981620735e-06
P1,F1,71,BOL,15,predicted_foreground_fraction,tile_loss,-0.5499999999999999,0.03365535781500703
P1,F1,71,BOL,15,predicted_foreground_fraction,reference_foreground_fraction,0.9464285714285712,9.447938510352384e-08
P1,F1,71,BOL,15,predicted_foreground_fraction,predicted_foreground_fraction,1.0,0.0
P1,F1,71,BOL,15,predicted_foreground_scarcity,tile_loss,0.5499999999999999,0.03365535781500703
P1,F1,71,BOL,15,predicted_foreground_scarcity,reference_foreground_fraction,-0.9464285714285712,9.447938510352384e-08
P1,F1,71,BOL,15,predicted_foreground_scarcity,predicted_foreground_fraction,-1.0,0.0
P1,F1,71,ESP,30,georisk_v2,tile_loss,0.5328142380422692,0.0024346956155509806
P1,F1,71,ESP,30,georisk_v2,reference_foreground_fraction,-0.22313681868743046,0.2359167000378455
P1,F1,71,ESP,30,georisk_v2,predicted_foreground_fraction,-0.17508342602892102,0.3547583966059868
P1,F1,71,ESP,30,soft_dice_risk_binary,tile_loss,0.8344827586206897,9.998867004083026e-09
P1,F1,71,ESP,30,soft_dice_risk_binary,reference_foreground_fraction,-0.9448275862068966,4.22523384901134e-15
P1,F1,71,ESP,30,soft_dice_risk_binary,predicted_foreground_fraction,-0.9692992213570634,1.3413891614082241e-18
P1,F1,71,ESP,30,predicted_foreground_fraction,tile_loss,-0.7454949944382647,2.2788689194443496e-06
P1,F1,71,ESP,30,predicted_foreground_fraction,reference_foreground_fraction,0.9470522803114572,2.407737166262865e-15
P1,F1,71,ESP,30,predicted_foreground_fraction,predicted_foreground_fraction,1.0,0.0
P1,F1,71,ESP,30,predicted_foreground_scarcity,tile_loss,0.7454949944382647,2.2788689194443496e-06
P1,F1,71,ESP,30,predicted_foreground_scarcity,reference_foreground_fraction,-0.9470522803114572,2.407737166262865e-15
P1,F1,71,ESP,30,predicted_foreground_scarcity,predicted_foreground_fraction,-1.0,0.0
P1,F1,71,KHM,30,georisk_v2,tile_loss,0.7512791991101224,1.7181319819125621e-06
P1,F1,71,KHM,30,georisk_v2,reference_foreground_fraction,0.207119021134594,0.27211909682777474
P1,F1,71,KHM,30,georisk_v2,predicted_foreground_fraction,0.2774193548387097,0.13774691310013953
P1,F1,71,KHM,30,soft_dice_risk_binary,tile_loss,0.6053392658509456,0.000393765109703862
P1,F1,71,KHM,30,soft_dice_risk_binary,reference_foreground_fraction,-0.8785317018909901,1.7477577041949308e-10
P1,F1,71,KHM,30,soft_dice_risk_binary,predicted_foreground_fraction,-0.8985539488320357,1.5950028657760508e-11
P1,F1,71,KHM,30,predicted_foreground_fraction,tile_loss,-0.31746384872080086,0.08736266583724066
P1,F1,71,KHM,30,predicted_foreground_fraction,reference_foreground_fraction,0.9586206896551723,8.200483805261736e-17
P1,F1,71,KHM,30,predicted_foreground_fraction,predicted_foreground_fraction,1.0,0.0
P1,F1,71,KHM,30,predicted_foreground_scarcity,tile_loss,0.31746384872080086,0.08736266583724066
P1,F1,71,KHM,30,predicted_foreground_scarcity,reference_foreground_fraction,-0.9586206896551723,8.200483805261736e-17
P1,F1,71,KHM,30,predicted_foreground_scarcity,predicted_foreground_fraction,-1.0,0.0
P1,F1,71,NGA,18,georisk_v2,tile_loss,0.43653250773993807,0.07010903657780525
P1,F1,71,NGA,18,georisk_v2,reference_foreground_fraction,0.6924664602683178,0.0014476080524246147
P1,F1,71,NGA,18,georisk_v2,predicted_foreground_fraction,0.6060919754523579,0.007670652140723475
P1,F1,71,NGA,18,soft_dice_risk_binary,tile_loss,0.2549019607843137,0.30734528041254605
P1,F1,71,NGA,18,soft_dice_risk_binary,reference_foreground_fraction,-0.7729618163054695,0.00016913916228325973
P1,F1,71,NGA,18,soft_dice_risk_binary,predicted_foreground_fraction,-0.956117835211045,6.022982338161911e-10
P1,F1,71,NGA,18,predicted_foreground_fraction,tile_loss,-0.15074860036804813,0.5504505512284524
P1,F1,71,NGA,18,predicted_foreground_fraction,reference_foreground_fraction,0.7919464142622804,8.974043228173531e-05
P1,F1,71,NGA,18,predicted_foreground_fraction,predicted_foreground_fraction,1.0,0.0
P1,F1,71,NGA,18,predicted_foreground_scarcity,tile_loss,0.15074860036804813,0.5504505512284524
P1,F1,71,NGA,18,predicted_foreground_scarcity,reference_foreground_fraction,-0.7919464142622804,8.974043228173531e-05
P1,F1,71,NGA,18,predicted_foreground_scarcity,predicted_foreground_fraction,-1.0,0.0
P1,F2,13,GHA,48,georisk_v2,tile_loss,-0.05318519800457361,0.7195807536531892
P1,F2,13,GHA,48,georisk_v2,reference_foreground_fraction,-0.20499378442034302,0.16220456733573324
P1,F2,13,GHA,48,georisk_v2,predicted_foreground_fraction,-0.2306947988188917,0.11467317881425149
P1,F2,13,GHA,48,soft_dice_risk_binary,tile_loss,-0.5162934781240964,0.00017240479996705784
P1,F2,13,GHA,48,soft_dice_risk_binary,reference_foreground_fraction,-0.8071576088833167,4.2373235412878236e-12
P1,F2,13,GHA,48,soft_dice_risk_binary,predicted_foreground_fraction,-0.9687000107480451,1.7581881639127954e-29
P1,F2,13,GHA,48,predicted_foreground_fraction,tile_loss,0.5799148609802484,1.5624315616372086e-05
P1,F2,13,GHA,48,predicted_foreground_fraction,reference_foreground_fraction,0.7737623787466855,1.1305895533115131e-10
P1,F2,13,GHA,48,predicted_foreground_fraction,predicted_foreground_fraction,0.9999999999999999,0.0
P1,F2,13,GHA,48,predicted_foreground_scarcity,tile_loss,-0.5799148609802484,1.5624315616372086e-05
P1,F2,13,GHA,48,predicted_foreground_scarcity,reference_foreground_fraction,-0.7737623787466855,1.1305895533115131e-10
P1,F2,13,GHA,48,predicted_foreground_scarcity,predicted_foreground_fraction,-0.9999999999999999,0.0
P1,F2,13,PAK,28,georisk_v2,tile_loss,0.40831964969896006,0.030994624861858115
P1,F2,13,PAK,28,georisk_v2,reference_foreground_fraction,-0.2746910360647904,0.15717362470476512
P1,F2,13,PAK,28,georisk_v2,predicted_foreground_fraction,-0.18281335522714834,0.351784527393338
P1,F2,13,PAK,28,soft_dice_risk_binary,tile_loss,0.11001642036124794,0.5773177542026968
P1,F2,13,PAK,28,soft_dice_risk_binary,reference_foreground_fraction,-0.5813742008278897,0.0011761626215885555
P1,F2,13,PAK,28,soft_dice_risk_binary,predicted_foreground_fraction,-0.9649698960043787,1.2473557427692528e-16
P1,F2,13,PAK,28,predicted_foreground_fraction,tile_loss,-0.042692939244663386,0.8292152528855748
P1,F2,13,PAK,28,predicted_foreground_fraction,reference_foreground_fraction,0.579167847124558,0.0012406338201652828
P1,F2,13,PAK,28,predicted_foreground_fraction,predicted_foreground_fraction,0.9999999999999998,4.049406555015053e-201
P1,F2,13,PAK,28,predicted_foreground_scarcity,tile_loss,0.042692939244663386,0.8292152528855748
P1,F2,13,PAK,28,predicted_foreground_scarcity,reference_foreground_fraction,-0.579167847124558,0.0012406338201652828
P1,F2,13,PAK,28,predicted_foreground_scarcity,predicted_foreground_fraction,-0.9999999999999998,4.049406555015053e-201
P1,F2,13,USA,69,georisk_v2,tile_loss,0.4940811107051517,1.5995884798038766e-05
P1,F2,13,USA,69,georisk_v2,reference_foreground_fraction,-0.25122396784800877,0.03732234243888724
P1,F2,13,USA,69,georisk_v2,predicted_foreground_fraction,0.054950675922542935,0.6538250055107546
P1,F2,13,USA,69,soft_dice_risk_binary,tile_loss,0.20036536353671905,0.09879163457737365
P1,F2,13,USA,69,soft_dice_risk_binary,reference_foreground_fraction,-0.7035805626598467,1.56058017276107e-11
P1,F2,13,USA,69,soft_dice_risk_binary,predicted_foreground_fraction,-0.9741322616002923,5.258221411425473e-45
P1,F2,13,USA,69,predicted_foreground_fraction,tile_loss,-0.11899890390938986,0.33011273322430623
P1,F2,13,USA,69,predicted_foreground_fraction,reference_foreground_fraction,0.6628790646693461,5.467680443489441e-10
P1,F2,13,USA,69,predicted_foreground_fraction,predicted_foreground_fraction,1.0,0.0
P1,F2,13,USA,69,predicted_foreground_scarcity,tile_loss,0.11899890390938986,0.33011273322430623
P1,F2,13,USA,69,predicted_foreground_scarcity,reference_foreground_fraction,-0.6628790646693461,5.467680443489441e-10
P1,F2,13,USA,69,predicted_foreground_scarcity,predicted_foreground_fraction,-1.0,0.0
P1,F2,37,GHA,48,georisk_v2,tile_loss,0.11697485500851035,0.42848503388121245
P1,F2,37,GHA,48,georisk_v2,reference_foreground_fraction,0.0020986931908432154,0.9887048034374709
P1,F2,37,GHA,48,georisk_v2,predicted_foreground_fraction,-0.04968616455962696,0.7373466518989441
P1,F2,37,GHA,48,soft_dice_risk_binary,tile_loss,-0.47177594381703675,0.0007116257122180749
P1,F2,37,GHA,48,soft_dice_risk_binary,reference_foreground_fraction,-0.7733653965417561,1.1716274172658432e-10
P1,F2,37,GHA,48,soft_dice_risk_binary,predicted_foreground_fraction,-0.9683197972218563,2.3115622356384353e-29
P1,F2,37,GHA,48,predicted_foreground_fraction,tile_loss,0.5415502433669004,7.041203208588767e-05
P1,F2,37,GHA,48,predicted_foreground_fraction,reference_foreground_fraction,0.748815929388733,9.33097976207969e-10
P1,F2,37,GHA,48,predicted_foreground_fraction,predicted_foreground_fraction,0.9999999999999999,0.0
P1,F2,37,GHA,48,predicted_foreground_scarcity,tile_loss,-0.5415502433669004,7.041203208588767e-05
P1,F2,37,GHA,48,predicted_foreground_scarcity,reference_foreground_fraction,-0.748815929388733,9.33097976207969e-10
P1,F2,37,GHA,48,predicted_foreground_scarcity,predicted_foreground_fraction,-0.9999999999999999,0.0
P1,F2,37,PAK,28,georisk_v2,tile_loss,0.4920634920634921,0.007820422716782007
P1,F2,37,PAK,28,georisk_v2,reference_foreground_fraction,-0.3916277823413678,0.03930647712279439
P1,F2,37,PAK,28,georisk_v2,predicted_foreground_fraction,-0.3607006020799124,0.05933950477970333
P1,F2,37,PAK,28,soft_dice_risk_binary,tile_loss,0.16037219485495346,0.41494842993229925
P1,F2,37,PAK,28,soft_dice_risk_binary,reference_foreground_fraction,-0.5813742008278897,0.0011761626215885555
P1,F2,37,PAK,28,soft_dice_risk_binary,predicted_foreground_fraction,-0.960591133004926,5.626039451391551e-16
P1,F2,37,PAK,28,predicted_foreground_fraction,tile_loss,-0.10180623973727422,0.606210787359985
P1,F2,37,PAK,28,predicted_foreground_fraction,reference_foreground_fraction,0.6072988568420365,0.0006101000945832191
P1,F2,37,PAK,28,predicted_foreground_fraction,predicted_foreground_fraction,0.9999999999999998,4.049406555015053e-201
P1,F2,37,PAK,28,predicted_foreground_scarcity,tile_loss,0.10180623973727422,0.606210787359985
P1,F2,37,PAK,28,predicted_foreground_scarcity,reference_foreground_fraction,-0.6072988568420365,0.0006101000945832191
P1,F2,37,PAK,28,predicted_foreground_scarcity,predicted_foreground_fraction,-0.9999999999999998,4.049406555015053e-201
P1,F2,37,USA,69,georisk_v2,tile_loss,0.41607599561563763,0.0003769414040790018
P1,F2,37,USA,69,georisk_v2,reference_foreground_fraction,0.17080745341614909,0.16054268263638147
P1,F2,37,USA,69,georisk_v2,predicted_foreground_fraction,0.5676653270003653,3.6456123720272375e-07
P1,F2,37,USA,69,soft_dice_risk_binary,tile_loss,0.020168067226890758,0.8693496027956533
P1,F2,37,USA,69,soft_dice_risk_binary,reference_foreground_fraction,-0.6529777128242602,1.197289564628046e-09
P1,F2,37,USA,69,soft_dice_risk_binary,predicted_foreground_fraction,-0.9811837778589698,1.377540886112782e-49
P1,F2,37,USA,69,predicted_foreground_fraction,tile_loss,0.08838143953233468,0.47019964946997356
P1,F2,37,USA,69,predicted_foreground_fraction,reference_foreground_fraction,0.6126415783704787,2.2103196252971097e-08
P1,F2,37,USA,69,predicted_foreground_fraction,predicted_foreground_fraction,1.0,0.0
P1,F2,37,USA,69,predicted_foreground_scarcity,tile_loss,-0.08838143953233468,0.47019964946997356
P1,F2,37,USA,69,predicted_foreground_scarcity,reference_foreground_fraction,-0.6126415783704787,2.2103196252971097e-08
P1,F2,37,USA,69,predicted_foreground_scarcity,predicted_foreground_fraction,-1.0,0.0
P1,F2,71,GHA,48,georisk_v2,tile_loss,-0.13257728603200403,0.3690338447210542
P1,F2,71,GHA,48,georisk_v2,reference_foreground_fraction,-0.14884526880631133,0.31264585936560013
P1,F2,71,GHA,48,georisk_v2,predicted_foreground_fraction,-0.26707513729547694,0.06649573231165651
P1,F2,71,GHA,48,soft_dice_risk_binary,tile_loss,-0.5197929385088236,0.0001529251503109466
P1,F2,71,GHA,48,soft_dice_risk_binary,reference_foreground_fraction,-0.7623659180278924,3.0608860796025097e-10
P1,F2,71,GHA,48,soft_dice_risk_binary,predicted_foreground_fraction,-0.9537303895338678,1.20107890786859e-25
P1,F2,71,GHA,48,predicted_foreground_fraction,tile_loss,0.6091723822458279,4.332773846856185e-06
P1,F2,71,GHA,48,predicted_foreground_fraction,reference_foreground_fraction,0.717889814969853,9.300878861168007e-09
P1,F2,71,GHA,48,predicted_foreground_fraction,predicted_foreground_fraction,1.0,0.0
P1,F2,71,GHA,48,predicted_foreground_scarcity,tile_loss,-0.6091723822458279,4.332773846856185e-06
P1,F2,71,GHA,48,predicted_foreground_scarcity,reference_foreground_fraction,-0.717889814969853,9.300878861168007e-09
P1,F2,71,GHA,48,predicted_foreground_scarcity,predicted_foreground_fraction,-1.0,0.0
P1,F2,71,PAK,28,georisk_v2,tile_loss,0.3568691844553913,0.06229398630310999
P1,F2,71,PAK,28,georisk_v2,reference_foreground_fraction,-0.503600232785449,0.006294397969873938
P1,F2,71,PAK,28,georisk_v2,predicted_foreground_fraction,-0.5605583739369958,0.0019178652827875214
P1,F2,71,PAK,28,soft_dice_risk_binary,tile_loss,0.2140120415982485,0.27415419231382
P1,F2,71,PAK,28,soft_dice_risk_binary,reference_foreground_fraction,-0.6288108054495202,0.00033849068782607387
P1,F2,71,PAK,28,soft_dice_risk_binary,predicted_foreground_fraction,-0.9744081109451684,2.2219090586701084e-18
P1,F2,71,PAK,28,predicted_foreground_fraction,tile_loss,-0.1718899701330241,0.38177884108919513
P1,F2,71,PAK,28,predicted_foreground_fraction,reference_foreground_fraction,0.6222769002619578,0.0004066649945272902
P1,F2,71,PAK,28,predicted_foreground_fraction,predicted_foreground_fraction,1.0,0.0
P1,F2,71,PAK,28,predicted_foreground_scarcity,tile_loss,0.1718899701330241,0.38177884108919513
P1,F2,71,PAK,28,predicted_foreground_scarcity,reference_foreground_fraction,-0.6222769002619578,0.0004066649945272902
P1,F2,71,PAK,28,predicted_foreground_scarcity,predicted_foreground_fraction,-1.0,0.0
P1,F2,71,USA,69,georisk_v2,tile_loss,0.4736207526488857,3.950789603929536e-05
P1,F2,71,USA,69,georisk_v2,reference_foreground_fraction,0.11680672268907563,0.33916273428065563
P1,F2,71,USA,69,georisk_v2,predicted_foreground_fraction,0.45856777493606143,7.413616220380224e-05
P1,F2,71,USA,69,soft_dice_risk_binary,tile_loss,0.06912678114724152,0.5724847709146272
P1,F2,71,USA,69,soft_dice_risk_binary,reference_foreground_fraction,-0.6855316039459264,8.10835373015061e-11
P1,F2,71,USA,69,soft_dice_risk_binary,predicted_foreground_fraction,-0.9835221044939717,1.6773940949976998e-51
P1,F2,71,USA,69,predicted_foreground_fraction,tile_loss,0.02809645597369383,0.8187381903652361
P1,F2,71,USA,69,predicted_foreground_fraction,reference_foreground_fraction,0.6462184873949581,2.011292166397477e-09
P1,F2,71,USA,69,predicted_foreground_fraction,predicted_foreground_fraction,1.0,0.0
P1,F2,71,USA,69,predicted_foreground_scarcity,tile_loss,-0.02809645597369383,0.8187381903652361
P1,F2,71,USA,69,predicted_foreground_scarcity,reference_foreground_fraction,-0.6462184873949581,2.011292166397477e-09
P1,F2,71,USA,69,predicted_foreground_scarcity,predicted_foreground_fraction,-1.0,0.0
P1,F3,13,IND,68,georisk_v2,tile_loss,0.7257701263503453,2.525707117062325e-12
P1,F3,13,IND,68,georisk_v2,reference_foreground_fraction,-0.6983499861942056,3.5849470381417286e-11
P1,F3,13,IND,68,georisk_v2,predicted_foreground_fraction,-0.8675420849715615,1.0731283478306184e-21
P1,F3,13,IND,68,soft_dice_risk_binary,tile_loss,0.6803450776806503,1.7510637685878597e-10
P1,F3,13,IND,68,soft_dice_risk_binary,reference_foreground_fraction,-0.7605141859546398,5.335961129729185e-14
P1,F3,13,IND,68,soft_dice_risk_binary,predicted_foreground_fraction,-0.9606061762797267,2.0204837297921402e-38
P1,F3,13,IND,68,predicted_foreground_fraction,tile_loss,-0.6333931366186967,6.766912174866383e-09
P1,F3,13,IND,68,predicted_foreground_fraction,reference_foreground_fraction,0.788933741816871,1.3524447375321842e-15
P1,F3,13,IND,68,predicted_foreground_fraction,predicted_foreground_fraction,1.0,0.0
P1,F3,13,IND,68,predicted_foreground_scarcity,tile_loss,0.6333931366186967,6.766912174866383e-09
P1,F3,13,IND,68,predicted_foreground_scarcity,reference_foreground_fraction,-0.788933741816871,1.3524447375321842e-15
P1,F3,13,IND,68,predicted_foreground_scarcity,predicted_foreground_fraction,-1.0,0.0
P1,F3,13,LKA,42,georisk_v2,tile_loss,0.823386411275093,2.167016987038456e-11
P1,F3,13,LKA,42,georisk_v2,reference_foreground_fraction,-0.28853322528363046,0.06386686913690093
P1,F3,13,LKA,42,georisk_v2,predicted_foreground_fraction,-0.7200162074554294,7.673886853532022e-08
P1,F3,13,LKA,42,soft_dice_risk_binary,tile_loss,0.5854468843691759,4.648512647673394e-05
P1,F3,13,LKA,42,soft_dice_risk_binary,reference_foreground_fraction,-0.5238037360970574,0.0003708633962908936
P1,F3,13,LKA,42,soft_dice_risk_binary,predicted_foreground_fraction,-0.9654390024536423,5.670709969731073e-25
P1,F3,13,LKA,42,predicted_foreground_fraction,tile_loss,-0.4708075041342674,0.0016512000596723112
P1,F3,13,LKA,42,predicted_foreground_fraction,reference_foreground_fraction,0.5713128038897893,7.764302822520828e-05
P1,F3,13,LKA,42,predicted_foreground_fraction,predicted_foreground_fraction,0.9999999999999999,0.0
P1,F3,13,LKA,42,predicted_foreground_scarcity,tile_loss,0.4708075041342674,0.0016512000596723112
P1,F3,13,LKA,42,predicted_foreground_scarcity,reference_foreground_fraction,-0.5713128038897893,7.764302822520828e-05
P1,F3,13,LKA,42,predicted_foreground_scarcity,predicted_foreground_fraction,-0.9999999999999999,0.0
P1,F3,13,PRY,66,georisk_v2,tile_loss,0.5931113662456947,1.5406827971219664e-07
P1,F3,13,PRY,66,georisk_v2,reference_foreground_fraction,-0.4648028245309488,8.432306054970568e-05
P1,F3,13,PRY,66,georisk_v2,predicted_foreground_fraction,-0.8710663925575454,1.966095834485621e-21
P1,F3,13,PRY,66,soft_dice_risk_binary,tile_loss,0.5158334203110324,9.305168807188308e-06
P1,F3,13,PRY,66,soft_dice_risk_binary,reference_foreground_fraction,-0.424256995991921,0.00038508685144375906
P1,F3,13,PRY,66,soft_dice_risk_binary,predicted_foreground_fraction,-0.9651076621719947,5.858955211517591e-39
P1,F3,13,PRY,66,predicted_foreground_fraction,tile_loss,-0.35420471982640983,0.00352478984047258
P1,F3,13,PRY,66,predicted_foreground_fraction,reference_foreground_fraction,0.40499202191293593,0.0007433347943245008
P1,F3,13,PRY,66,predicted_foreground_fraction,predicted_foreground_fraction,1.0,0.0
P1,F3,13,PRY,66,predicted_foreground_scarcity,tile_loss,0.35420471982640983,0.00352478984047258
P1,F3,13,PRY,66,predicted_foreground_scarcity,reference_foreground_fraction,-0.40499202191293593,0.0007433347943245008
P1,F3,13,PRY,66,predicted_foreground_scarcity,predicted_foreground_fraction,-1.0,0.0
P1,F3,13,SOM,26,georisk_v2,tile_loss,-0.4297435897435897,0.028444719180312945
P1,F3,13,SOM,26,georisk_v2,reference_foreground_fraction,-0.5503432725764625,0.0035789069202935664
P1,F3,13,SOM,26,georisk_v2,predicted_foreground_fraction,-0.6608547008547008,0.00023785555068020617
P1,F3,13,SOM,26,soft_dice_risk_binary,tile_loss,-0.6895726495726495,9.742665583386131e-05
P1,F3,13,SOM,26,soft_dice_risk_binary,reference_foreground_fraction,-0.4595897148709475,0.018172150049692717
P1,F3,13,SOM,26,soft_dice_risk_binary,predicted_foreground_fraction,-0.8988034188034186,4.5030237352059406e-10
P1,F3,13,SOM,26,predicted_foreground_fraction,tile_loss,0.7524786324786324,9.246479199870461e-06
P1,F3,13,SOM,26,predicted_foreground_fraction,reference_foreground_fraction,0.4000005864152508,0.042895669819815414
P1,F3,13,SOM,26,predicted_foreground_fraction,predicted_foreground_fraction,0.9999999999999999,2.3152321882723333e-189
P1,F3,13,SOM,26,predicted_foreground_scarcity,tile_loss,-0.7524786324786324,9.246479199870461e-06
P1,F3,13,SOM,26,predicted_foreground_scarcity,reference_foreground_fraction,-0.4000005864152508,0.042895669819815414
P1,F3,13,SOM,26,predicted_foreground_scarcity,predicted_foreground_fraction,-0.9999999999999999,2.3152321882723333e-189
P1,F3,37,IND,68,georisk_v2,tile_loss,0.757414971179906,7.72550306756932e-14
P1,F3,37,IND,68,georisk_v2,reference_foreground_fraction,-0.5951501617838072,8.671190514733199e-08
P1,F3,37,IND,68,georisk_v2,predicted_foreground_fraction,-0.8355536893537426,7.9239016702490585e-19
P1,F3,37,IND,68,soft_dice_risk_binary,tile_loss,0.7519945031873878,1.456572207081757e-13
P1,F3,37,IND,68,soft_dice_risk_binary,reference_foreground_fraction,-0.6374454846788402,5.058435456831218e-09
P1,F3,37,IND,68,soft_dice_risk_binary,predicted_foreground_fraction,-0.9204489063633239,1.256010084110053e-28
P1,F3,37,IND,68,predicted_foreground_fraction,tile_loss,-0.6445012787723784,3.016519865051496e-09
P1,F3,37,IND,68,predicted_foreground_fraction,reference_foreground_fraction,0.7216544037279762,3.837062282484851e-12
P1,F3,37,IND,68,predicted_foreground_fraction,predicted_foreground_fraction,1.0,0.0
P1,F3,37,IND,68,predicted_foreground_scarcity,tile_loss,0.6445012787723784,3.016519865051496e-09
P1,F3,37,IND,68,predicted_foreground_scarcity,reference_foreground_fraction,-0.7216544037279762,3.837062282484851e-12
P1,F3,37,IND,68,predicted_foreground_scarcity,predicted_foreground_fraction,-1.0,0.0
P1,F3,37,LKA,42,georisk_v2,tile_loss,0.821732436593469,2.5689698383122027e-11
P1,F3,37,LKA,42,georisk_v2,reference_foreground_fraction,-0.17778858245621046,0.2599825606226436
P1,F3,37,LKA,42,georisk_v2,predicted_foreground_fraction,-0.6959199389853852,3.1123399249320906e-07
P1,F3,37,LKA,42,soft_dice_risk_binary,tile_loss,0.766631553358723,3.238807473271235e-09
P1,F3,37,LKA,42,soft_dice_risk_binary,reference_foreground_fraction,-0.3148981000113189,0.042236267430526914
P1,F3,37,LKA,42,soft_dice_risk_binary,predicted_foreground_fraction,-0.8338397964787627,7.086907603685378e-12
P1,F3,37,LKA,42,predicted_foreground_fraction,tile_loss,-0.49495563429468237,0.0008613394807948908
P1,F3,37,LKA,42,predicted_foreground_fraction,reference_foreground_fraction,0.546029173419773,0.00018372516770302284
P1,F3,37,LKA,42,predicted_foreground_fraction,predicted_foreground_fraction,0.9999999999999999,0.0
P1,F3,37,LKA,42,predicted_foreground_scarcity,tile_loss,0.49495563429468237,0.0008613394807948908
P1,F3,37,LKA,42,predicted_foreground_scarcity,reference_foreground_fraction,-0.546029173419773,0.00018372516770302284
P1,F3,37,LKA,42,predicted_foreground_scarcity,predicted_foreground_fraction,-0.9999999999999999,0.0
P1,F3,37,PRY,66,georisk_v2,tile_loss,0.7593988101450789,1.4627260968599753e-13
P1,F3,37,PRY,66,georisk_v2,reference_foreground_fraction,-0.36334415507691953,0.0027119550746105446
P1,F3,37,PRY,66,georisk_v2,predicted_foreground_fraction,-0.8211888743504334,3.073067326994383e-17
P1,F3,37,PRY,66,soft_dice_risk_binary,tile_loss,0.6943951570817243,1.0053952280784201e-10
P1,F3,37,PRY,66,soft_dice_risk_binary,reference_foreground_fraction,-0.3998333096930122,0.0008806901961639826
P1,F3,37,PRY,66,soft_dice_risk_binary,predicted_foreground_fraction,-0.9067585211451159,1.0844397227582034e-25
P1,F3,37,PRY,66,predicted_foreground_fraction,tile_loss,-0.47145764899026843,6.450122829751706e-05
P1,F3,37,PRY,66,predicted_foreground_fraction,reference_foreground_fraction,0.4912386631647667,2.8125833456336457e-05
P1,F3,37,PRY,66,predicted_foreground_fraction,predicted_foreground_fraction,1.0,0.0
P1,F3,37,PRY,66,predicted_foreground_scarcity,tile_loss,0.47145764899026843,6.450122829751706e-05
P1,F3,37,PRY,66,predicted_foreground_scarcity,reference_foreground_fraction,-0.4912386631647667,2.8125833456336457e-05
P1,F3,37,PRY,66,predicted_foreground_scarcity,predicted_foreground_fraction,-1.0,0.0
P1,F3,37,SOM,26,georisk_v2,tile_loss,-0.1979487179487179,0.3323751215595179
P1,F3,37,SOM,26,georisk_v2,reference_foreground_fraction,-0.5845898981257134,0.0017109905071468693
P1,F3,37,SOM,26,georisk_v2,predicted_foreground_fraction,-0.5767521367521368,0.002040155452612509
P1,F3,37,SOM,26,soft_dice_risk_binary,tile_loss,-0.3162393162393162,0.11550883382650172
P1,F3,37,SOM,26,soft_dice_risk_binary,reference_foreground_fraction,-0.6510283516912603,0.0003160751979770248
P1,F3,37,SOM,26,soft_dice_risk_binary,predicted_foreground_fraction,-0.7818803418803418,2.3931614651425295e-06
P1,F3,37,SOM,26,predicted_foreground_fraction,tile_loss,0.5924786324786324,0.0014268540325279753
P1,F3,37,SOM,26,predicted_foreground_fraction,reference_foreground_fraction,0.5075349906398988,0.00812874974963165
P1,F3,37,SOM,26,predicted_foreground_fraction,predicted_foreground_fraction,0.9999999999999999,2.3152321882723333e-189
P1,F3,37,SOM,26,predicted_foreground_scarcity,tile_loss,-0.5924786324786324,0.0014268540325279753
P1,F3,37,SOM,26,predicted_foreground_scarcity,reference_foreground_fraction,-0.5075349906398988,0.00812874974963165
P1,F3,37,SOM,26,predicted_foreground_scarcity,predicted_foreground_fraction,-0.9999999999999999,2.3152321882723333e-189
P1,F3,71,IND,68,georisk_v2,tile_loss,0.7683395841437028,2.0437128966129505e-14
P1,F3,71,IND,68,georisk_v2,reference_foreground_fraction,-0.5088656881644494,9.381898118650277e-06
P1,F3,71,IND,68,georisk_v2,predicted_foreground_fraction,-0.7350911850087085,9.52186562786968e-13
P1,F3,71,IND,68,soft_dice_risk_binary,tile_loss,0.709699583921823,1.2407606602401285e-11
P1,F3,71,IND,68,soft_dice_risk_binary,reference_foreground_fraction,-0.5757584433445683,2.7964868426455426e-07
P1,F3,71,IND,68,soft_dice_risk_binary,predicted_foreground_fraction,-0.9139596136962246,1.5041969420407445e-27
P1,F3,71,IND,68,predicted_foreground_fraction,tile_loss,-0.5327327556590449,2.9186878217945113e-06
P1,F3,71,IND,68,predicted_foreground_fraction,reference_foreground_fraction,0.6363957361412829,5.456703874681979e-09
P1,F3,71,IND,68,predicted_foreground_fraction,predicted_foreground_fraction,1.0,0.0
P1,F3,71,IND,68,predicted_foreground_scarcity,tile_loss,0.5327327556590449,2.9186878217945113e-06
P1,F3,71,IND,68,predicted_foreground_scarcity,reference_foreground_fraction,-0.6363957361412829,5.456703874681979e-09
P1,F3,71,IND,68,predicted_foreground_scarcity,predicted_foreground_fraction,-1.0,0.0
P1,F3,71,LKA,42,georisk_v2,tile_loss,0.8599789320152339,2.9796460169349146e-13
P1,F3,71,LKA,42,georisk_v2,reference_foreground_fraction,-0.14885944666000844,0.34677563729282745
P1,F3,71,LKA,42,georisk_v2,predicted_foreground_fraction,-0.4862652945466332,0.00109461756624832
P1,F3,71,LKA,42,soft_dice_risk_binary,tile_loss,0.7616076492990843,4.712942757723259e-09
P1,F3,71,LKA,42,soft_dice_risk_binary,reference_foreground_fraction,-0.42915603130724267,0.004568480368734829
P1,F3,71,LKA,42,soft_dice_risk_binary,predicted_foreground_fraction,-0.7436188315371526,1.6810894663924958e-08
P1,F3,71,LKA,42,predicted_foreground_fraction,tile_loss,-0.3861113361964184,0.011551395060635688
P1,F3,71,LKA,42,predicted_foreground_fraction,reference_foreground_fraction,0.7969693292875248,2.7104556851424825e-10
P1,F3,71,LKA,42,predicted_foreground_fraction,predicted_foreground_fraction,1.0,0.0
P1,F3,71,LKA,42,predicted_foreground_scarcity,tile_loss,0.3861113361964184,0.011551395060635688
P1,F3,71,LKA,42,predicted_foreground_scarcity,reference_foreground_fraction,-0.7969693292875248,2.7104556851424825e-10
P1,F3,71,LKA,42,predicted_foreground_scarcity,predicted_foreground_fraction,-1.0,0.0
P1,F3,71,PRY,66,georisk_v2,tile_loss,0.8594182175420376,2.5968434056752228e-20
P1,F3,71,PRY,66,georisk_v2,reference_foreground_fraction,-0.41221674082714377,0.0005835224087002204
P1,F3,71,PRY,66,georisk_v2,predicted_foreground_fraction,-0.5767307873269714,4.016120369768276e-07
P1,F3,71,PRY,66,soft_dice_risk_binary,tile_loss,0.8112096858365517,1.4825664224741416e-16
P1,F3,71,PRY,66,soft_dice_risk_binary,reference_foreground_fraction,-0.6611123852964945,1.525179576188661e-09
P1,F3,71,PRY,66,soft_dice_risk_binary,predicted_foreground_fraction,-0.8468635841770172,3.2749687951191905e-19
P1,F3,71,PRY,66,predicted_foreground_fraction,tile_loss,-0.553199039766204,1.4566125644397422e-06
P1,F3,71,PRY,66,predicted_foreground_fraction,reference_foreground_fraction,0.8436836225189037,6.004216301682975e-19
P1,F3,71,PRY,66,predicted_foreground_fraction,predicted_foreground_fraction,1.0,0.0
P1,F3,71,PRY,66,predicted_foreground_scarcity,tile_loss,0.553199039766204,1.4566125644397422e-06
P1,F3,71,PRY,66,predicted_foreground_scarcity,reference_foreground_fraction,-0.8436836225189037,6.004216301682975e-19
P1,F3,71,PRY,66,predicted_foreground_scarcity,predicted_foreground_fraction,-1.0,0.0
P1,F3,71,SOM,26,georisk_v2,tile_loss,-0.0899145299145299,0.6622460806602856
P1,F3,71,SOM,26,georisk_v2,reference_foreground_fraction,-0.4376718745194269,0.02534495855864129
P1,F3,71,SOM,26,georisk_v2,predicted_foreground_fraction,-0.5405128205128205,0.004361743558447378
P1,F3,71,SOM,26,soft_dice_risk_binary,tile_loss,-0.28957264957264955,0.15132327920078378
P1,F3,71,SOM,26,soft_dice_risk_binary,reference_foreground_fraction,-0.5976036158344287,0.0012649015214057445
P1,F3,71,SOM,26,soft_dice_risk_binary,predicted_foreground_fraction,-0.8605128205128205,1.7253401870060035e-08
P1,F3,71,SOM,26,predicted_foreground_fraction,tile_loss,0.4953846153846153,0.01007372624955102
P1,F3,71,SOM,26,predicted_foreground_fraction,reference_foreground_fraction,0.6113022660541291,0.0009074528825082011
P1,F3,71,SOM,26,predicted_foreground_fraction,predicted_foreground_fraction,0.9999999999999999,2.3152321882723333e-189
P1,F3,71,SOM,26,predicted_foreground_scarcity,tile_loss,-0.4953846153846153,0.01007372624955102
P1,F3,71,SOM,26,predicted_foreground_scarcity,reference_foreground_fraction,-0.6113022660541291,0.0009074528825082011
P1,F3,71,SOM,26,predicted_foreground_scarcity,predicted_foreground_fraction,-0.9999999999999999,2.3152321882723333e-189
P2,F1,13,BOL,15,georisk_v2,tile_loss,-0.028571428571428564,0.9194899083821858
P2,F1,13,BOL,15,georisk_v2,reference_foreground_fraction,0.7999999999999999,0.0003422698330356914
P2,F1,13,BOL,15,georisk_v2,predicted_foreground_fraction,0.7357142857142855,0.0017698686421442704
P2,F1,13,BOL,15,soft_dice_risk_binary,tile_loss,0.6607142857142856,0.007330569830891708
P2,F1,13,BOL,15,soft_dice_risk_binary,reference_foreground_fraction,-0.7142857142857142,0.0027743838176388104
P2,F1,13,BOL,15,soft_dice_risk_binary,predicted_foreground_fraction,-0.9107142857142855,2.395020837207071e-06
P2,F1,13,BOL,15,predicted_foreground_fraction,tile_loss,-0.4035714285714285,0.13576799650365623
P2,F1,13,BOL,15,predicted_foreground_fraction,reference_foreground_fraction,0.8964285714285712,6.066143021729966e-06
P2,F1,13,BOL,15,predicted_foreground_fraction,predicted_foreground_fraction,1.0,0.0
P2,F1,13,BOL,15,predicted_foreground_scarcity,tile_loss,0.4035714285714285,0.13576799650365623
P2,F1,13,BOL,15,predicted_foreground_scarcity,reference_foreground_fraction,-0.8964285714285712,6.066143021729966e-06
P2,F1,13,BOL,15,predicted_foreground_scarcity,predicted_foreground_fraction,-1.0,0.0
P2,F1,13,ESP,30,georisk_v2,tile_loss,0.49276974416017794,0.005665294690924744
P2,F1,13,ESP,30,georisk_v2,reference_foreground_fraction,-0.18175750834260287,0.33641930521880087
P2,F1,13,ESP,30,georisk_v2,predicted_foreground_fraction,0.11457174638487205,0.5466011942416222
P2,F1,13,ESP,30,soft_dice_risk_binary,tile_loss,0.6422691879866518,0.0001300345686611834
P2,F1,13,ESP,30,soft_dice_risk_binary,reference_foreground_fraction,-0.9056729699666296,6.025259751322175e-12
P2,F1,13,ESP,30,soft_dice_risk_binary,predicted_foreground_fraction,-0.9328142380422692,6.181531174921567e-14
P2,F1,13,ESP,30,predicted_foreground_fraction,tile_loss,-0.4602892102335928,0.010483454586281221
P2,F1,13,ESP,30,predicted_foreground_fraction,reference_foreground_fraction,0.8362625139043381,8.695062249349502e-09
P2,F1,13,ESP,30,predicted_foreground_fraction,predicted_foreground_fraction,1.0,0.0
P2,F1,13,ESP,30,predicted_foreground_scarcity,tile_loss,0.4602892102335928,0.010483454586281221
P2,F1,13,ESP,30,predicted_foreground_scarcity,reference_foreground_fraction,-0.8362625139043381,8.695062249349502e-09
P2,F1,13,ESP,30,predicted_foreground_scarcity,predicted_foreground_fraction,-1.0,0.0
P2,F1,13,KHM,30,georisk_v2,tile_loss,0.6462736373748609,0.00011430954202959506
P2,F1,13,KHM,30,georisk_v2,reference_foreground_fraction,0.29699666295884314,0.1109815791104185
P2,F1,13,KHM,30,georisk_v2,predicted_foreground_fraction,0.3686318131256952,0.0450157137753803
P2,F1,13,KHM,30,soft_dice_risk_binary,tile_loss,0.5341490545050055,0.00236288494867599
P2,F1,13,KHM,30,soft_dice_risk_binary,reference_foreground_fraction,-0.8901001112347052,4.635245205236567e-11
P2,F1,13,KHM,30,soft_dice_risk_binary,predicted_foreground_fraction,-0.9074527252502781,4.667136327959259e-12
P2,F1,13,KHM,30,predicted_foreground_fraction,tile_loss,-0.2832035595105673,0.1293930631219327
P2,F1,13,KHM,30,predicted_foreground_fraction,reference_foreground_fraction,0.9586206896551723,8.200483805261736e-17
P2,F1,13,KHM,30,predicted_foreground_fraction,predicted_foreground_fraction,1.0,0.0
P2,F1,13,KHM,30,predicted_foreground_scarcity,tile_loss,0.2832035595105673,0.1293930631219327
P2,F1,13,KHM,30,predicted_foreground_scarcity,reference_foreground_fraction,-0.9586206896551723,8.200483805261736e-17
P2,F1,13,KHM,30,predicted_foreground_scarcity,predicted_foreground_fraction,-1.0,0.0
P2,F1,13,NGA,18,georisk_v2,tile_loss,0.4654282765737873,0.05160161200071702
P2,F1,13,NGA,18,georisk_v2,reference_foreground_fraction,0.500515995872033,0.034383779176359076
P2,F1,13,NGA,18,georisk_v2,predicted_foreground_fraction,0.34365325077399383,0.1626286535167655
P2,F1,13,NGA,18,soft_dice_risk_binary,tile_loss,0.3622291021671827,0.13962500641700296
P2,F1,13,NGA,18,soft_dice_risk_binary,reference_foreground_fraction,-0.7729618163054695,0.00016913916228325973
P2,F1,13,NGA,18,soft_dice_risk_binary,predicted_foreground_fraction,-0.9649122807017543,1.0347287642285855e-10
P2,F1,13,NGA,18,predicted_foreground_fraction,tile_loss,-0.21362229102167182,0.3946884572555505
P2,F1,13,NGA,18,predicted_foreground_fraction,reference_foreground_fraction,0.8348813209494325,1.6320367512543733e-05
P2,F1,13,NGA,18,predicted_foreground_fraction,predicted_foreground_fraction,1.0,0.0
P2,F1,13,NGA,18,predicted_foreground_scarcity,tile_loss,0.21362229102167182,0.3946884572555505
P2,F1,13,NGA,18,predicted_foreground_scarcity,reference_foreground_fraction,-0.8348813209494325,1.6320367512543733e-05
P2,F1,13,NGA,18,predicted_foreground_scarcity,predicted_foreground_fraction,-1.0,0.0
P2,F1,37,BOL,15,georisk_v2,tile_loss,0.24285714285714283,0.3831283418393415
P2,F1,37,BOL,15,georisk_v2,reference_foreground_fraction,0.6142857142857142,0.014833955405976961
P2,F1,37,BOL,15,georisk_v2,predicted_foreground_fraction,0.6214285714285712,0.013402006712181815
P2,F1,37,BOL,15,soft_dice_risk_binary,tile_loss,0.7107142857142856,0.0029789948868027423
P2,F1,37,BOL,15,soft_dice_risk_binary,reference_foreground_fraction,-0.7357142857142855,0.0017698686421442704
P2,F1,37,BOL,15,soft_dice_risk_binary,predicted_foreground_fraction,-0.8357142857142855,0.00010444687327713341
P2,F1,37,BOL,15,predicted_foreground_fraction,tile_loss,-0.42499999999999993,0.11429547548052223
P2,F1,37,BOL,15,predicted_foreground_fraction,reference_foreground_fraction,0.9357142857142854,3.010645621400808e-07
P2,F1,37,BOL,15,predicted_foreground_fraction,predicted_foreground_fraction,1.0,0.0
P2,F1,37,BOL,15,predicted_foreground_scarcity,tile_loss,0.42499999999999993,0.11429547548052223
P2,F1,37,BOL,15,predicted_foreground_scarcity,reference_foreground_fraction,-0.9357142857142854,3.010645621400808e-07
P2,F1,37,BOL,15,predicted_foreground_scarcity,predicted_foreground_fraction,-1.0,0.0
P2,F1,37,ESP,30,georisk_v2,tile_loss,0.6338153503893215,0.0001696944907691913
P2,F1,37,ESP,30,georisk_v2,reference_foreground_fraction,-0.3632925472747497,0.04846211399983537
P2,F1,37,ESP,30,georisk_v2,predicted_foreground_fraction,-0.10211345939933258,0.59130910211357
P2,F1,37,ESP,30,soft_dice_risk_binary,tile_loss,0.775305895439377,4.874864277273467e-07
P2,F1,37,ESP,30,soft_dice_risk_binary,reference_foreground_fraction,-0.9421579532814239,8.05268653417e-15
P2,F1,37,ESP,30,soft_dice_risk_binary,predicted_foreground_fraction,-0.8785317018909901,1.7477577041949308e-10
P2,F1,37,ESP,30,predicted_foreground_fraction,tile_loss,-0.5038932146829811,0.004525725461200768
P2,F1,37,ESP,30,predicted_foreground_fraction,reference_foreground_fraction,0.8589543937708565,1.248245247123053e-09
P2,F1,37,ESP,30,predicted_foreground_fraction,predicted_foreground_fraction,1.0,0.0
P2,F1,37,ESP,30,predicted_foreground_scarcity,tile_loss,0.5038932146829811,0.004525725461200768
P2,F1,37,ESP,30,predicted_foreground_scarcity,reference_foreground_fraction,-0.8589543937708565,1.248245247123053e-09
P2,F1,37,ESP,30,predicted_foreground_scarcity,predicted_foreground_fraction,-1.0,0.0
P2,F1,37,KHM,30,georisk_v2,tile_loss,0.6235817575083425,0.00023181591327714064
P2,F1,37,KHM,30,georisk_v2,reference_foreground_fraction,0.08743047830923248,0.6459399628017727
P2,F1,37,KHM,30,georisk_v2,predicted_foreground_fraction,0.09810901001112346,0.6060088503757058
P2,F1,37,KHM,30,soft_dice_risk_binary,tile_loss,0.5510567296996662,0.0015998228284139675
P2,F1,37,KHM,30,soft_dice_risk_binary,reference_foreground_fraction,-0.8901001112347052,4.635245205236567e-11
P2,F1,37,KHM,30,soft_dice_risk_binary,predicted_foreground_fraction,-0.9065628476084538,5.3062704597484936e-12
P2,F1,37,KHM,30,predicted_foreground_fraction,tile_loss,-0.3139043381535039,0.09116763283298059
P2,F1,37,KHM,30,predicted_foreground_fraction,reference_foreground_fraction,0.9719688542825362,3.8155860628438955e-19
P2,F1,37,KHM,30,predicted_foreground_fraction,predicted_foreground_fraction,1.0,0.0
P2,F1,37,KHM,30,predicted_foreground_scarcity,tile_loss,0.3139043381535039,0.09116763283298059
P2,F1,37,KHM,30,predicted_foreground_scarcity,reference_foreground_fraction,-0.9719688542825362,3.8155860628438955e-19
P2,F1,37,KHM,30,predicted_foreground_scarcity,predicted_foreground_fraction,-1.0,0.0
P2,F1,37,NGA,18,georisk_v2,tile_loss,0.717234262125903,0.000807070648534508
P2,F1,37,NGA,18,georisk_v2,reference_foreground_fraction,0.28586171310629516,0.2501695935454806
P2,F1,37,NGA,18,georisk_v2,predicted_foreground_fraction,0.11455108359133126,0.6508342238705321
P2,F1,37,NGA,18,soft_dice_risk_binary,tile_loss,0.43446852425180604,0.0715970112602687
P2,F1,37,NGA,18,soft_dice_risk_binary,reference_foreground_fraction,-0.7296181630546955,0.0005890520866511482
P2,F1,37,NGA,18,soft_dice_risk_binary,predicted_foreground_fraction,-0.9525283797729618,1.116959031617614e-09
P2,F1,37,NGA,18,predicted_foreground_fraction,tile_loss,-0.21775025799793604,0.3853959643781131
P2,F1,37,NGA,18,predicted_foreground_fraction,reference_foreground_fraction,0.8183694530443757,3.3103070471624655e-05
P2,F1,37,NGA,18,predicted_foreground_fraction,predicted_foreground_fraction,1.0,0.0
P2,F1,37,NGA,18,predicted_foreground_scarcity,tile_loss,0.21775025799793604,0.3853959643781131
P2,F1,37,NGA,18,predicted_foreground_scarcity,reference_foreground_fraction,-0.8183694530443757,3.3103070471624655e-05
P2,F1,37,NGA,18,predicted_foreground_scarcity,predicted_foreground_fraction,-1.0,0.0
P2,F1,71,BOL,15,georisk_v2,tile_loss,0.33928571428571425,0.21602892534195475
P2,F1,71,BOL,15,georisk_v2,reference_foreground_fraction,0.7678571428571428,0.0008293296291369941
P2,F1,71,BOL,15,georisk_v2,predicted_foreground_fraction,0.6392857142857141,0.010288446619594209
P2,F1,71,BOL,15,soft_dice_risk_binary,tile_loss,0.682142857142857,0.005086326468977252
P2,F1,71,BOL,15,soft_dice_risk_binary,reference_foreground_fraction,-0.6071428571428571,0.01638130676830708
P2,F1,71,BOL,15,soft_dice_risk_binary,predicted_foreground_fraction,-0.7892857142857141,0.0004673267561781762
P2,F1,71,BOL,15,predicted_foreground_fraction,tile_loss,-0.2678571428571428,0.33444360051235367
P2,F1,71,BOL,15,predicted_foreground_fraction,reference_foreground_fraction,0.907142857142857,3.06331053549387e-06
P2,F1,71,BOL,15,predicted_foreground_fraction,predicted_foreground_fraction,1.0,0.0
P2,F1,71,BOL,15,predicted_foreground_scarcity,tile_loss,0.2678571428571428,0.33444360051235367
P2,F1,71,BOL,15,predicted_foreground_scarcity,reference_foreground_fraction,-0.907142857142857,3.06331053549387e-06
P2,F1,71,BOL,15,predicted_foreground_scarcity,predicted_foreground_fraction,-1.0,0.0
P2,F1,71,ESP,30,georisk_v2,tile_loss,0.3486095661846496,0.05902693520546915
P2,F1,71,ESP,30,georisk_v2,reference_foreground_fraction,0.004226918798665183,0.9823138806139919
P2,F1,71,ESP,30,georisk_v2,predicted_foreground_fraction,0.10478309232480533,0.5815962537668227
P2,F1,71,ESP,30,soft_dice_risk_binary,tile_loss,0.7948832035595106,1.551029507102963e-07
P2,F1,71,ESP,30,soft_dice_risk_binary,reference_foreground_fraction,-0.9363737486095662,2.949712952341711e-14
P2,F1,71,ESP,30,soft_dice_risk_binary,predicted_foreground_fraction,-0.9541713014460511,3.333087467589127e-16
P2,F1,71,ESP,30,predicted_foreground_fraction,tile_loss,-0.6654060066740823,6.014841308099678e-05
P2,F1,71,ESP,30,predicted_foreground_fraction,reference_foreground_fraction,0.9283648498331479,1.47532821249798e-13
P2,F1,71,ESP,30,predicted_foreground_fraction,predicted_foreground_fraction,1.0,0.0
P2,F1,71,ESP,30,predicted_foreground_scarcity,tile_loss,0.6654060066740823,6.014841308099678e-05
P2,F1,71,ESP,30,predicted_foreground_scarcity,reference_foreground_fraction,-0.9283648498331479,1.47532821249798e-13
P2,F1,71,ESP,30,predicted_foreground_scarcity,predicted_foreground_fraction,-1.0,0.0
P2,F1,71,KHM,30,georisk_v2,tile_loss,0.6714890493889505,4.857172850811019e-05
P2,F1,71,KHM,30,georisk_v2,reference_foreground_fraction,0.24148678110275484,0.19858219942165084
P2,F1,71,KHM,30,georisk_v2,predicted_foreground_fraction,0.21967507184186083,0.24345309148719643
P2,F1,71,KHM,30,soft_dice_risk_binary,tile_loss,0.5684093437152391,0.001048991330943959
P2,F1,71,KHM,30,soft_dice_risk_binary,reference_foreground_fraction,-0.8616240266963293,9.718710468491175e-10
P2,F1,71,KHM,30,soft_dice_risk_binary,predicted_foreground_fraction,-0.8981090100111234,1.6909985509273403e-11
P2,F1,71,KHM,30,predicted_foreground_fraction,tile_loss,-0.3187986651835373,0.08596746042826955
P2,F1,71,KHM,30,predicted_foreground_fraction,reference_foreground_fraction,0.9657397107897663,6.095692715051945e-18
P2,F1,71,KHM,30,predicted_foreground_fraction,predicted_foreground_fraction,1.0,0.0
P2,F1,71,KHM,30,predicted_foreground_scarcity,tile_loss,0.3187986651835373,0.08596746042826955
P2,F1,71,KHM,30,predicted_foreground_scarcity,reference_foreground_fraction,-0.9657397107897663,6.095692715051945e-18
P2,F1,71,KHM,30,predicted_foreground_scarcity,predicted_foreground_fraction,-1.0,0.0
P2,F1,71,NGA,18,georisk_v2,tile_loss,0.44685242518059853,0.06301029106386724
P2,F1,71,NGA,18,georisk_v2,reference_foreground_fraction,0.5108359133126935,0.03027974699120301
P2,F1,71,NGA,18,georisk_v2,predicted_foreground_fraction,0.3663570691434469,0.1348374790698089
P2,F1,71,NGA,18,soft_dice_risk_binary,tile_loss,0.3952528379772961,0.10449665262201602
P2,F1,71,NGA,18,soft_dice_risk_binary,reference_foreground_fraction,-0.762641898864809,0.0002329665497651837
P2,F1,71,NGA,18,soft_dice_risk_binary,predicted_foreground_fraction,-0.9525283797729618,1.116959031617614e-09
P2,F1,71,NGA,18,predicted_foreground_fraction,tile_loss,-0.2239422084623323,0.3716861637562172
P2,F1,71,NGA,18,predicted_foreground_fraction,reference_foreground_fraction,0.8204334365325078,3.0420805277771528e-05
P2,F1,71,NGA,18,predicted_foreground_fraction,predicted_foreground_fraction,1.0,0.0
P2,F1,71,NGA,18,predicted_foreground_scarcity,tile_loss,0.2239422084623323,0.3716861637562172
P2,F1,71,NGA,18,predicted_foreground_scarcity,reference_foreground_fraction,-0.8204334365325078,3.0420805277771528e-05
P2,F1,71,NGA,18,predicted_foreground_scarcity,predicted_foreground_fraction,-1.0,0.0
P2,F2,13,GHA,48,georisk_v2,tile_loss,0.12355645573415734,0.4027767262365398
P2,F2,13,GHA,48,georisk_v2,reference_foreground_fraction,-0.0503481284552111,0.7339748633873855
P2,F2,13,GHA,48,georisk_v2,predicted_foreground_fraction,-0.061257817331534625,0.6791610709336975
P2,F2,13,GHA,48,soft_dice_risk_binary,tile_loss,-0.33903360503598234,0.018410153067163287
P2,F2,13,GHA,48,soft_dice_risk_binary,reference_foreground_fraction,-0.7085024923156732,1.7621737717790562e-08
P2,F2,13,GHA,48,soft_dice_risk_binary,predicted_foreground_fraction,-0.9379353969615865,8.689899162484345e-23
P2,F2,13,GHA,48,predicted_foreground_fraction,tile_loss,0.45777022360749603,0.0010698452904046103
P2,F2,13,GHA,48,predicted_foreground_fraction,reference_foreground_fraction,0.7691389181777385,1.7050689444715157e-10
P2,F2,13,GHA,48,predicted_foreground_fraction,predicted_foreground_fraction,1.0,0.0
P2,F2,13,GHA,48,predicted_foreground_scarcity,tile_loss,-0.45777022360749603,0.0010698452904046103
P2,F2,13,GHA,48,predicted_foreground_scarcity,reference_foreground_fraction,-0.7691389181777385,1.7050689444715157e-10
P2,F2,13,GHA,48,predicted_foreground_scarcity,predicted_foreground_fraction,-1.0,0.0
P2,F2,13,PAK,28,georisk_v2,tile_loss,0.5161466885604816,0.004928622423461032
P2,F2,13,PAK,28,georisk_v2,reference_foreground_fraction,-0.36459994947555513,0.05644610770660337
P2,F2,13,PAK,28,georisk_v2,predicted_foreground_fraction,-0.09195402298850575,0.6416600274082447
P2,F2,13,PAK,28,soft_dice_risk_binary,tile_loss,-0.019157088122605366,0.9229195712007804
P2,F2,13,PAK,28,soft_dice_risk_binary,reference_foreground_fraction,-0.5637233712012365,0.001784101448322851
P2,F2,13,PAK,28,soft_dice_risk_binary,predicted_foreground_fraction,-0.9425287356321838,6.850008447820893e-14
P2,F2,13,PAK,28,predicted_foreground_fraction,tile_loss,0.11439518336070059,0.5621623776194052
P2,F2,13,PAK,28,predicted_foreground_fraction,reference_foreground_fraction,0.5482788952779148,0.002522091880785094
P2,F2,13,PAK,28,predicted_foreground_fraction,predicted_foreground_fraction,0.9999999999999998,4.049406555015053e-201
P2,F2,13,PAK,28,predicted_foreground_scarcity,tile_loss,-0.11439518336070059,0.5621623776194052
P2,F2,13,PAK,28,predicted_foreground_scarcity,reference_foreground_fraction,-0.5482788952779148,0.002522091880785094
P2,F2,13,PAK,28,predicted_foreground_scarcity,predicted_foreground_fraction,-0.9999999999999998,4.049406555015053e-201
P2,F2,13,USA,69,georisk_v2,tile_loss,0.47979539641943747,3.0255748597006562e-05
P2,F2,13,USA,69,georisk_v2,reference_foreground_fraction,-0.3023383266350019,0.011572410466542827
P2,F2,13,USA,69,georisk_v2,predicted_foreground_fraction,-0.2324442820606504,0.05460977607300718
P2,F2,13,USA,69,soft_dice_risk_binary,tile_loss,0.4945926196565584,1.5626663489278254e-05
P2,F2,13,USA,69,soft_dice_risk_binary,reference_foreground_fraction,-0.8026306174643772,1.1068884512189396e-16
P2,F2,13,USA,69,soft_dice_risk_binary,predicted_foreground_fraction,-0.9947022287175742,6.202399465639131e-68
P2,F2,13,USA,69,predicted_foreground_fraction,tile_loss,-0.45538911216660577,8.436008561463327e-05
P2,F2,13,USA,69,predicted_foreground_fraction,reference_foreground_fraction,0.7858238947753016,1.2751546933678345e-15
P2,F2,13,USA,69,predicted_foreground_fraction,predicted_foreground_fraction,1.0,0.0
P2,F2,13,USA,69,predicted_foreground_scarcity,tile_loss,0.45538911216660577,8.436008561463327e-05
P2,F2,13,USA,69,predicted_foreground_scarcity,reference_foreground_fraction,-0.7858238947753016,1.2751546933678345e-15
P2,F2,13,USA,69,predicted_foreground_scarcity,predicted_foreground_fraction,-1.0,0.0
P2,F2,37,GHA,48,georisk_v2,tile_loss,0.24679321692288533,0.0908308413402747
P2,F2,37,GHA,48,georisk_v2,reference_foreground_fraction,0.08107863028260345,0.5838117499036081
P2,F2,37,GHA,48,georisk_v2,predicted_foreground_fraction,-0.04405631854760716,0.766214803621786
P2,F2,37,GHA,48,soft_dice_risk_binary,tile_loss,-0.25800790366148696,0.07663982643707593
P2,F2,37,GHA,48,soft_dice_risk_binary,reference_foreground_fraction,-0.6158174143447066,3.1796280306986517e-06
P2,F2,37,GHA,48,soft_dice_risk_binary,predicted_foreground_fraction,-0.8980310167371733,5.110997591267137e-18
P2,F2,37,GHA,48,predicted_foreground_fraction,tile_loss,0.43557818243252755,0.0019724798803093715
P2,F2,37,GHA,48,predicted_foreground_fraction,reference_foreground_fraction,0.7829939014987041,4.832843139298864e-11
P2,F2,37,GHA,48,predicted_foreground_fraction,predicted_foreground_fraction,0.9999999999999999,0.0
P2,F2,37,GHA,48,predicted_foreground_scarcity,tile_loss,-0.43557818243252755,0.0019724798803093715
P2,F2,37,GHA,48,predicted_foreground_scarcity,reference_foreground_fraction,-0.7829939014987041,4.832843139298864e-11
P2,F2,37,GHA,48,predicted_foreground_scarcity,predicted_foreground_fraction,-0.9999999999999999,0.0
P2,F2,37,PAK,28,georisk_v2,tile_loss,0.35030103995621237,0.06762369507243783
P2,F2,37,PAK,28,georisk_v2,reference_foreground_fraction,-0.29565139624644104,0.12663823509568436
P2,F2,37,PAK,28,georisk_v2,predicted_foreground_fraction,-0.20361762058428196,0.29868474382505594
P2,F2,37,PAK,28,soft_dice_risk_binary,tile_loss,-0.013683634373289545,0.9449029783807149
P2,F2,37,PAK,28,soft_dice_risk_binary,reference_foreground_fraction,-0.5951639114737125,0.0008352835777602582
P2,F2,37,PAK,28,soft_dice_risk_binary,predicted_foreground_fraction,-0.9525906448868965,5.942664733886081e-15
P2,F2,37,PAK,28,predicted_foreground_fraction,tile_loss,0.11126346427620251,0.57298320425326
P2,F2,37,PAK,28,predicted_foreground_fraction,reference_foreground_fraction,0.5788573001121845,0.0012499499687257517
P2,F2,37,PAK,28,predicted_foreground_fraction,predicted_foreground_fraction,0.9999999999999998,4.049406555015053e-201
P2,F2,37,PAK,28,predicted_foreground_scarcity,tile_loss,-0.11126346427620251,0.57298320425326
P2,F2,37,PAK,28,predicted_foreground_scarcity,reference_foreground_fraction,-0.5788573001121845,0.0012499499687257517
P2,F2,37,PAK,28,predicted_foreground_scarcity,predicted_foreground_fraction,-0.9999999999999998,4.049406555015053e-201
P2,F2,37,USA,69,georisk_v2,tile_loss,0.5438070880526124,1.3717516308646985e-06
P2,F2,37,USA,69,georisk_v2,reference_foreground_fraction,-0.3634271099744246,0.0021449673080992473
P2,F2,37,USA,69,georisk_v2,predicted_foreground_fraction,-0.38553028387767857,0.0010701545820858687
P2,F2,37,USA,69,soft_dice_risk_binary,tile_loss,0.5883083668249909,1.0616152215037149e-07
P2,F2,37,USA,69,soft_dice_risk_binary,reference_foreground_fraction,-0.7982097186700768,2.1525790654442644e-16
P2,F2,37,USA,69,soft_dice_risk_binary,predicted_foreground_fraction,-0.995596971359597,1.2801429972794552e-70
P2,F2,37,USA,69,predicted_foreground_fraction,tile_loss,-0.5695624395738142,3.266249988499294e-07
P2,F2,37,USA,69,predicted_foreground_fraction,reference_foreground_fraction,0.7906458423415039,6.470831545417861e-16
P2,F2,37,USA,69,predicted_foreground_fraction,predicted_foreground_fraction,1.0,0.0
P2,F2,37,USA,69,predicted_foreground_scarcity,tile_loss,0.5695624395738142,3.266249988499294e-07
P2,F2,37,USA,69,predicted_foreground_scarcity,reference_foreground_fraction,-0.7906458423415039,6.470831545417861e-16
P2,F2,37,USA,69,predicted_foreground_scarcity,predicted_foreground_fraction,-1.0,0.0
P2,F2,71,GHA,48,georisk_v2,tile_loss,0.22359301175402652,0.12659250720345988
P2,F2,71,GHA,48,georisk_v2,reference_foreground_fraction,0.046551866249541975,0.7533770257076131
P2,F2,71,GHA,48,georisk_v2,predicted_foreground_fraction,-0.011836556724037115,0.9363588222401973
P2,F2,71,GHA,48,soft_dice_risk_binary,tile_loss,-0.33156816196857947,0.021325724005138855
P2,F2,71,GHA,48,soft_dice_risk_binary,reference_foreground_fraction,-0.698523583973199,3.384145947779214e-08
P2,F2,71,GHA,48,soft_dice_risk_binary,predicted_foreground_fraction,-0.9248838682076376,6.078064533149159e-21
P2,F2,71,GHA,48,predicted_foreground_fraction,tile_loss,0.44493451977385867,0.0015316325624831232
P2,F2,71,GHA,48,predicted_foreground_fraction,reference_foreground_fraction,0.7820177862596855,5.2974825052551074e-11
P2,F2,71,GHA,48,predicted_foreground_fraction,predicted_foreground_fraction,1.0,0.0
P2,F2,71,GHA,48,predicted_foreground_scarcity,tile_loss,-0.44493451977385867,0.0015316325624831232
P2,F2,71,GHA,48,predicted_foreground_scarcity,reference_foreground_fraction,-0.7820177862596855,5.2974825052551074e-11
P2,F2,71,GHA,48,predicted_foreground_scarcity,predicted_foreground_fraction,-1.0,0.0
P2,F2,71,PAK,28,georisk_v2,tile_loss,0.25615763546798026,0.18826118305517475
P2,F2,71,PAK,28,georisk_v2,reference_foreground_fraction,-0.07722237961660774,0.696110261802434
P2,F2,71,PAK,28,georisk_v2,predicted_foreground_fraction,0.125632955877481,0.5241184963595058
P2,F2,71,PAK,28,soft_dice_risk_binary,tile_loss,-0.01477832512315271,0.9405026282514245
P2,F2,71,PAK,28,soft_dice_risk_binary,reference_foreground_fraction,-0.5747551397178947,0.0013788297722192105
P2,F2,71,PAK,28,soft_dice_risk_binary,predicted_foreground_fraction,-0.9533324298938264,4.861592933770685e-15
P2,F2,71,PAK,28,predicted_foreground_fraction,tile_loss,0.11632681099766759,0.555534834668969
P2,F2,71,PAK,28,predicted_foreground_fraction,reference_foreground_fraction,0.5560772300213239,0.0021220134276654216
P2,F2,71,PAK,28,predicted_foreground_fraction,predicted_foreground_fraction,1.0,0.0
P2,F2,71,PAK,28,predicted_foreground_scarcity,tile_loss,-0.11632681099766759,0.555534834668969
P2,F2,71,PAK,28,predicted_foreground_scarcity,reference_foreground_fraction,-0.5560772300213239,0.0021220134276654216
P2,F2,71,PAK,28,predicted_foreground_scarcity,predicted_foreground_fraction,-1.0,0.0
P2,F2,71,USA,69,georisk_v2,tile_loss,0.47632444282060654,3.51737945587421e-05
P2,F2,71,USA,69,georisk_v2,reference_foreground_fraction,-0.20917062477164783,0.08454613083349383
P2,F2,71,USA,69,georisk_v2,predicted_foreground_fraction,-0.14578005115089515,0.23200300846033
P2,F2,71,USA,69,soft_dice_risk_binary,tile_loss,0.4853854585312387,2.365717114808011e-05
P2,F2,71,USA,69,soft_dice_risk_binary,reference_foreground_fraction,-0.8069784435513337,5.660170747852096e-17
P2,F2,71,USA,69,soft_dice_risk_binary,predicted_foreground_fraction,-0.993569601753745,4.01442065585096e-65
P2,F2,71,USA,69,predicted_foreground_fraction,tile_loss,-0.44424552429667524,0.0001313793887987926
P2,F2,71,USA,69,predicted_foreground_fraction,reference_foreground_fraction,0.7942272561198394,3.864681183942574e-16
P2,F2,71,USA,69,predicted_foreground_fraction,predicted_foreground_fraction,1.0,0.0
P2,F2,71,USA,69,predicted_foreground_scarcity,tile_loss,0.44424552429667524,0.0001313793887987926
P2,F2,71,USA,69,predicted_foreground_scarcity,reference_foreground_fraction,-0.7942272561198394,3.864681183942574e-16
P2,F2,71,USA,69,predicted_foreground_scarcity,predicted_foreground_fraction,-1.0,0.0
P2,F3,13,IND,68,georisk_v2,tile_loss,0.6452899692049496,2.844789678853623e-09
P2,F3,13,IND,68,georisk_v2,reference_foreground_fraction,-0.5231042314813047,4.72497016279117e-06
P2,F3,13,IND,68,georisk_v2,predicted_foreground_fraction,-0.8023709887882781,1.943624805385286e-16
P2,F3,13,IND,68,soft_dice_risk_binary,tile_loss,0.6662213230522578,5.630448049325573e-10
P2,F3,13,IND,68,soft_dice_risk_binary,reference_foreground_fraction,-0.6878525008186335,9.164134310985915e-11
P2,F3,13,IND,68,soft_dice_risk_binary,predicted_foreground_fraction,-0.9673564623421657,4.5493397374212154e-41
P2,F3,13,IND,68,predicted_foreground_fraction,tile_loss,-0.6317578001490237,7.600992388324717e-09
P2,F3,13,IND,68,predicted_foreground_fraction,reference_foreground_fraction,0.7452537658229779,3.134253525405213e-13
P2,F3,13,IND,68,predicted_foreground_fraction,predicted_foreground_fraction,1.0,0.0
P2,F3,13,IND,68,predicted_foreground_scarcity,tile_loss,0.6317578001490237,7.600992388324717e-09
P2,F3,13,IND,68,predicted_foreground_scarcity,reference_foreground_fraction,-0.7452537658229779,3.134253525405213e-13
P2,F3,13,IND,68,predicted_foreground_scarcity,predicted_foreground_fraction,-1.0,0.0
P2,F3,13,LKA,42,georisk_v2,tile_loss,0.6668017178510657,1.4250261915734432e-06
P2,F3,13,LKA,42,georisk_v2,reference_foreground_fraction,-0.3894493743320635,0.010794339653323189
P2,F3,13,LKA,42,georisk_v2,predicted_foreground_fraction,-0.7592074881641913,5.619907686886474e-09
P2,F3,13,LKA,42,soft_dice_risk_binary,tile_loss,0.5467142046835751,0.00017964911529108426
P2,F3,13,LKA,42,soft_dice_risk_binary,reference_foreground_fraction,-0.6659373612694336,1.4870670557268393e-06
P2,F3,13,LKA,42,soft_dice_risk_binary,predicted_foreground_fraction,-0.9667355463548726,2.671127039917495e-25
P2,F3,13,LKA,42,predicted_foreground_fraction,tile_loss,-0.4378266686467206,0.0037344069776469053
P2,F3,13,LKA,42,predicted_foreground_fraction,reference_foreground_fraction,0.7505672609400322,1.0417429081034071e-08
P2,F3,13,LKA,42,predicted_foreground_fraction,predicted_foreground_fraction,0.9999999999999999,0.0
P2,F3,13,LKA,42,predicted_foreground_scarcity,tile_loss,0.4378266686467206,0.0037344069776469053
P2,F3,13,LKA,42,predicted_foreground_scarcity,reference_foreground_fraction,-0.7505672609400322,1.0417429081034071e-08
P2,F3,13,LKA,42,predicted_foreground_scarcity,predicted_foreground_fraction,-0.9999999999999999,0.0
P2,F3,13,PRY,66,georisk_v2,tile_loss,0.4624996105964197,9.239944024419186e-05
P2,F3,13,PRY,66,georisk_v2,reference_foreground_fraction,-0.5548814146105957,1.3327700384798828e-06
P2,F3,13,PRY,66,georisk_v2,predicted_foreground_fraction,-0.8659991193925319,6.2241377613576394e-21
P2,F3,13,PRY,66,soft_dice_risk_binary,tile_loss,0.43592902116409565,0.00025354673611386854
P2,F3,13,PRY,66,soft_dice_risk_binary,reference_foreground_fraction,-0.664625381270995,1.1633454494092865e-09
P2,F3,13,PRY,66,soft_dice_risk_binary,predicted_foreground_fraction,-0.9715522684113082,9.390470410237737e-42
P2,F3,13,PRY,66,predicted_foreground_fraction,tile_loss,-0.36110883178435665,0.0028935550214757608
P2,F3,13,PRY,66,predicted_foreground_fraction,reference_foreground_fraction,0.7086594068413166,2.7939772564834352e-11
P2,F3,13,PRY,66,predicted_foreground_fraction,predicted_foreground_fraction,1.0,0.0
P2,F3,13,PRY,66,predicted_foreground_scarcity,tile_loss,0.36110883178435665,0.0028935550214757608
P2,F3,13,PRY,66,predicted_foreground_scarcity,reference_foreground_fraction,-0.7086594068413166,2.7939772564834352e-11
P2,F3,13,PRY,66,predicted_foreground_scarcity,predicted_foreground_fraction,-1.0,0.0
P2,F3,13,SOM,26,georisk_v2,tile_loss,0.10495726495726496,0.6098612207028675
P2,F3,13,SOM,26,georisk_v2,reference_foreground_fraction,-0.515069248260734,0.007088688913310081
P2,F3,13,SOM,26,georisk_v2,predicted_foreground_fraction,-0.563076923076923,0.002745084589963158
P2,F3,13,SOM,26,soft_dice_risk_binary,tile_loss,-0.0899145299145299,0.6622460806602856
P2,F3,13,SOM,26,soft_dice_risk_binary,reference_foreground_fraction,-0.8157546205831572,3.8119214192435083e-07
P2,F3,13,SOM,26,soft_dice_risk_binary,predicted_foreground_fraction,-0.9528205128205127,6.303866756380656e-14
P2,F3,13,SOM,26,predicted_foreground_fraction,tile_loss,0.17128205128205126,0.4028029392513898
P2,F3,13,SOM,26,predicted_foreground_fraction,reference_foreground_fraction,0.8280834057808876,1.7767875896357527e-07
P2,F3,13,SOM,26,predicted_foreground_fraction,predicted_foreground_fraction,0.9999999999999999,2.3152321882723333e-189
P2,F3,13,SOM,26,predicted_foreground_scarcity,tile_loss,-0.17128205128205126,0.4028029392513898
P2,F3,13,SOM,26,predicted_foreground_scarcity,reference_foreground_fraction,-0.8280834057808876,1.7767875896357527e-07
P2,F3,13,SOM,26,predicted_foreground_scarcity,predicted_foreground_fraction,-0.9999999999999999,2.3152321882723333e-189
P2,F3,37,IND,68,georisk_v2,tile_loss,0.6134671908997213,2.6665171400874703e-08
P2,F3,37,IND,68,georisk_v2,reference_foreground_fraction,-0.555584185086423,8.749889676293384e-07
P2,F3,37,IND,68,georisk_v2,predicted_foreground_fraction,-0.810341592855964,5.724692584813268e-17
P2,F3,37,IND,68,soft_dice_risk_binary,tile_loss,0.64610451578425,2.677209276610814e-09
P2,F3,37,IND,68,soft_dice_risk_binary,reference_foreground_fraction,-0.6850277229357522,1.1718742897359246e-10
P2,F3,37,IND,68,soft_dice_risk_binary,predicted_foreground_fraction,-0.9685592529995661,1.343200922238701e-41
P2,F3,37,IND,68,predicted_foreground_fraction,tile_loss,-0.6244688560330944,1.2656601912603782e-08
P2,F3,37,IND,68,predicted_foreground_fraction,reference_foreground_fraction,0.7192780885873399,4.8684932873890365e-12
P2,F3,37,IND,68,predicted_foreground_fraction,predicted_foreground_fraction,1.0,0.0
P2,F3,37,IND,68,predicted_foreground_scarcity,tile_loss,0.6244688560330944,1.2656601912603782e-08
P2,F3,37,IND,68,predicted_foreground_scarcity,reference_foreground_fraction,-0.7192780885873399,4.8684932873890365e-12
P2,F3,37,IND,68,predicted_foreground_scarcity,predicted_foreground_fraction,-1.0,0.0
P2,F3,37,LKA,42,georisk_v2,tile_loss,0.5856089457904546,4.620609671943757e-05
P2,F3,37,LKA,42,georisk_v2,reference_foreground_fraction,-0.5393622629118215,0.00022798537138979367
P2,F3,37,LKA,42,georisk_v2,predicted_foreground_fraction,-0.8416448620780757,2.9219008510822616e-12
P2,F3,37,LKA,42,soft_dice_risk_binary,tile_loss,0.4724900737379467,0.0015803951899924522
P2,F3,37,LKA,42,soft_dice_risk_binary,reference_foreground_fraction,-0.7322231682198348,3.5689743906539855e-08
P2,F3,37,LKA,42,soft_dice_risk_binary,predicted_foreground_fraction,-0.9859222015280196,1.0814238284558364e-32
P2,F3,37,LKA,42,predicted_foreground_fraction,tile_loss,-0.3754618951827281,0.014276726814110078
P2,F3,37,LKA,42,predicted_foreground_fraction,reference_foreground_fraction,0.7695779456387757,2.5879545057856248e-09
P2,F3,37,LKA,42,predicted_foreground_fraction,predicted_foreground_fraction,1.0,0.0
P2,F3,37,LKA,42,predicted_foreground_scarcity,tile_loss,0.3754618951827281,0.014276726814110078
P2,F3,37,LKA,42,predicted_foreground_scarcity,reference_foreground_fraction,-0.7695779456387757,2.5879545057856248e-09
P2,F3,37,LKA,42,predicted_foreground_scarcity,predicted_foreground_fraction,-1.0,0.0
P2,F3,37,PRY,66,georisk_v2,tile_loss,0.4712906426818717,6.494085525537683e-05
P2,F3,37,PRY,66,georisk_v2,reference_foreground_fraction,-0.5203261381830172,7.531571489241441e-06
P2,F3,37,PRY,66,georisk_v2,predicted_foreground_fraction,-0.8247349332339127,1.715701137749358e-17
P2,F3,37,PRY,66,soft_dice_risk_binary,tile_loss,0.336074985158163,0.005800363147653123
P2,F3,37,PRY,66,soft_dice_risk_binary,reference_foreground_fraction,-0.6095048015758546,5.591357048498829e-08
P2,F3,37,PRY,66,soft_dice_risk_binary,predicted_foreground_fraction,-0.9780549022028077,2.5640112649830994e-45
P2,F3,37,PRY,66,predicted_foreground_fraction,tile_loss,-0.24900212683330664,0.04378653073922516
P2,F3,37,PRY,66,predicted_foreground_fraction,reference_foreground_fraction,0.6325883978540375,1.212288571293674e-08
P2,F3,37,PRY,66,predicted_foreground_fraction,predicted_foreground_fraction,1.0,0.0
P2,F3,37,PRY,66,predicted_foreground_scarcity,tile_loss,0.24900212683330664,0.04378653073922516
P2,F3,37,PRY,66,predicted_foreground_scarcity,reference_foreground_fraction,-0.6325883978540375,1.212288571293674e-08
P2,F3,37,PRY,66,predicted_foreground_scarcity,predicted_foreground_fraction,-1.0,0.0
P2,F3,37,SOM,26,georisk_v2,tile_loss,-0.3993845160097905,0.04324692614925958
P2,F3,37,SOM,26,georisk_v2,reference_foreground_fraction,-0.6924667686058538,8.85546125425498e-05
P2,F3,37,SOM,26,georisk_v2,predicted_foreground_fraction,-0.7303812724288634,2.274287068093719e-05
P2,F3,37,SOM,26,soft_dice_risk_binary,tile_loss,-0.6086510603573863,0.0009688328682152341
P2,F3,37,SOM,26,soft_dice_risk_binary,reference_foreground_fraction,-0.6962338974162714,7.807791831411875e-05
P2,F3,37,SOM,26,soft_dice_risk_binary,predicted_foreground_fraction,-0.9396478167764593,1.130180501114666e-12
P2,F3,37,SOM,26,predicted_foreground_fraction,tile_loss,0.6586867305061559,0.00025347414257676453
P2,F3,37,SOM,26,predicted_foreground_fraction,reference_foreground_fraction,0.6483994686382383,0.00034048172324035227
P2,F3,37,SOM,26,predicted_foreground_fraction,predicted_foreground_fraction,0.9999999999999999,2.3152321882723333e-189
P2,F3,37,SOM,26,predicted_foreground_scarcity,tile_loss,-0.6586867305061559,0.00025347414257676453
P2,F3,37,SOM,26,predicted_foreground_scarcity,reference_foreground_fraction,-0.6483994686382383,0.00034048172324035227
P2,F3,37,SOM,26,predicted_foreground_scarcity,predicted_foreground_fraction,-0.9999999999999999,2.3152321882723333e-189
P2,F3,71,IND,68,georisk_v2,tile_loss,0.5424909578725274,1.7639297211101097e-06
P2,F3,71,IND,68,georisk_v2,reference_foreground_fraction,-0.33409997518752504,0.005361407953326842
P2,F3,71,IND,68,georisk_v2,predicted_foreground_fraction,-0.46652605880758696,6.072629091772302e-05
P2,F3,71,IND,68,soft_dice_risk_binary,tile_loss,0.6756117112646486,2.6085005764292257e-10
P2,F3,71,IND,68,soft_dice_risk_binary,reference_foreground_fraction,-0.645270882867903,2.848833504105465e-09
P2,F3,71,IND,68,soft_dice_risk_binary,predicted_foreground_fraction,-0.9217056045805653,7.578536140771973e-29
P2,F3,71,IND,68,predicted_foreground_fraction,tile_loss,-0.6499847309667958,1.9997995398618154e-09
P2,F3,71,IND,68,predicted_foreground_fraction,reference_foreground_fraction,0.7588253822909102,6.53260426203914e-14
P2,F3,71,IND,68,predicted_foreground_fraction,predicted_foreground_fraction,1.0,0.0
P2,F3,71,IND,68,predicted_foreground_scarcity,tile_loss,0.6499847309667958,1.9997995398618154e-09
P2,F3,71,IND,68,predicted_foreground_scarcity,reference_foreground_fraction,-0.7588253822909102,6.53260426203914e-14
P2,F3,71,IND,68,predicted_foreground_scarcity,predicted_foreground_fraction,-1.0,0.0
P2,F3,71,LKA,42,georisk_v2,tile_loss,0.6570780325743457,2.2836226716787807e-06
P2,F3,71,LKA,42,georisk_v2,reference_foreground_fraction,-0.15129046647481537,0.33886753150597154
P2,F3,71,LKA,42,georisk_v2,predicted_foreground_fraction,-0.48318612754233853,0.0011898498662826593
P2,F3,71,LKA,42,soft_dice_risk_binary,tile_loss,0.6222348269994329,1.086038825924901e-05
P2,F3,71,LKA,42,soft_dice_risk_binary,reference_foreground_fraction,-0.6613184236213004,1.863044239168607e-06
P2,F3,71,LKA,42,soft_dice_risk_binary,predicted_foreground_fraction,-0.9325824487480755,2.6619056354143242e-19
P2,F3,71,LKA,42,predicted_foreground_fraction,tile_loss,-0.4540150717121789,0.002527004959948667
P2,F3,71,LKA,42,predicted_foreground_fraction,reference_foreground_fraction,0.8041813547381187,1.4126745283641334e-10
P2,F3,71,LKA,42,predicted_foreground_fraction,predicted_foreground_fraction,1.0,0.0
P2,F3,71,LKA,42,predicted_foreground_scarcity,tile_loss,0.4540150717121789,0.002527004959948667
P2,F3,71,LKA,42,predicted_foreground_scarcity,reference_foreground_fraction,-0.8041813547381187,1.4126745283641334e-10
P2,F3,71,LKA,42,predicted_foreground_scarcity,predicted_foreground_fraction,-1.0,0.0
P2,F3,71,PRY,66,georisk_v2,tile_loss,0.5090544729895586,1.2730776279483682e-05
P2,F3,71,PRY,66,georisk_v2,reference_foreground_fraction,-0.26990755248954285,0.028401524729181567
P2,F3,71,PRY,66,georisk_v2,predicted_foreground_fraction,-0.48358645188366217,3.901075643143525e-05
P2,F3,71,PRY,66,soft_dice_risk_binary,tile_loss,0.410708694290784,0.0006140384362314869
P2,F3,71,PRY,66,soft_dice_risk_binary,reference_foreground_fraction,-0.5302323745560226,4.674151233306601e-06
P2,F3,71,PRY,66,soft_dice_risk_binary,predicted_foreground_fraction,-0.9053503963801709,1.7135532695628512e-25
P2,F3,71,PRY,66,predicted_foreground_fraction,tile_loss,-0.3691000566856003,0.0022902457788573616
P2,F3,71,PRY,66,predicted_foreground_fraction,reference_foreground_fraction,0.6423404925176969,6.113927049584734e-09
P2,F3,71,PRY,66,predicted_foreground_fraction,predicted_foreground_fraction,0.9999999999999998,0.0
P2,F3,71,PRY,66,predicted_foreground_scarcity,tile_loss,0.3691000566856003,0.0022902457788573616
P2,F3,71,PRY,66,predicted_foreground_scarcity,reference_foreground_fraction,-0.6423404925176969,6.113927049584734e-09
P2,F3,71,PRY,66,predicted_foreground_scarcity,predicted_foreground_fraction,-0.9999999999999998,0.0
P2,F3,71,SOM,26,georisk_v2,tile_loss,-0.11042735042735041,0.5912498002534309
P2,F3,71,SOM,26,georisk_v2,reference_foreground_fraction,-0.5106171869393314,0.007688810662177817
P2,F3,71,SOM,26,georisk_v2,predicted_foreground_fraction,-0.3565811965811965,0.07376004351322926
P2,F3,71,SOM,26,soft_dice_risk_binary,tile_loss,-0.5282051282051281,0.005542200006429499
P2,F3,71,SOM,26,soft_dice_risk_binary,reference_foreground_fraction,-0.6890421060509287,9.913542566406463e-05
P2,F3,71,SOM,26,soft_dice_risk_binary,predicted_foreground_fraction,-0.9035897435897435,2.5823594412833724e-10
P2,F3,71,SOM,26,predicted_foreground_fraction,tile_loss,0.6929914529914529,8.702485505294674e-05
P2,F3,71,SOM,26,predicted_foreground_fraction,reference_foreground_fraction,0.5541104013868801,0.0033123791361594746
P2,F3,71,SOM,26,predicted_foreground_fraction,predicted_foreground_fraction,0.9999999999999999,2.3152321882723333e-189
P2,F3,71,SOM,26,predicted_foreground_scarcity,tile_loss,-0.6929914529914529,8.702485505294674e-05
P2,F3,71,SOM,26,predicted_foreground_scarcity,reference_foreground_fraction,-0.5541104013868801,0.0033123791361594746
P2,F3,71,SOM,26,predicted_foreground_scarcity,predicted_foreground_fraction,-0.9999999999999999,2.3152321882723333e-189
