block,partition,seed,policy,event_id,tiles,retained_tiles,review_tiles
E1,official,13,calibration_threshold,1111013,1097,972,125
E1,official,13,calibration_threshold,1111007,480,382,98
E1,official,13,calibration_threshold,562,8,6,2
E1,official,13,calibration_threshold,445,59,55,4
E1,official,13,calibration_threshold,277,259,212,47
E1,official,13,calibration_threshold,561,7,6,1
E1,official,13,calibration_threshold,321,56,53,3
E1,official,13,calibration_threshold,205,16,16,0
E1,official,13,calibration_threshold,411,11,9,2
E1,official,13,calibration_threshold,1111002,7,6,1
E1,official,13,fixed_review_budget,1111013,1097,914,183
E1,official,13,fixed_review_budget,1111007,480,343,137
E1,official,13,fixed_review_budget,562,8,6,2
E1,official,13,fixed_review_budget,445,59,52,7
E1,official,13,fixed_review_budget,277,259,200,59
E1,official,13,fixed_review_budget,561,7,6,1
E1,official,13,fixed_review_budget,321,56,50,6
E1,official,13,fixed_review_budget,205,16,15,1
E1,official,13,fixed_review_budget,411,11,8,3
E1,official,13,fixed_review_budget,1111002,7,6,1
E1,official,37,calibration_threshold,1111013,1097,808,289
E1,official,37,calibration_threshold,1111007,480,312,168
E1,official,37,calibration_threshold,562,8,5,3
E1,official,37,calibration_threshold,445,59,45,14
E1,official,37,calibration_threshold,277,259,188,71
E1,official,37,calibration_threshold,561,7,4,3
E1,official,37,calibration_threshold,321,56,51,5
E1,official,37,calibration_threshold,205,16,10,6
E1,official,37,calibration_threshold,411,11,7,4
E1,official,37,calibration_threshold,1111002,7,6,1
E1,official,37,fixed_review_budget,1111013,1097,895,202
E1,official,37,fixed_review_budget,1111007,480,360,120
E1,official,37,fixed_review_budget,562,8,6,2
E1,official,37,fixed_review_budget,445,59,51,8
E1,official,37,fixed_review_budget,277,259,202,57
E1,official,37,fixed_review_budget,561,7,5,2
E1,official,37,fixed_review_budget,321,56,54,2
E1,official,37,fixed_review_budget,205,16,13,3
E1,official,37,fixed_review_budget,411,11,8,3
E1,official,37,fixed_review_budget,1111002,7,6,1
E1,official,71,calibration_threshold,1111013,1097,925,172
E1,official,71,calibration_threshold,1111007,480,322,158
E1,official,71,calibration_threshold,562,8,5,3
E1,official,71,calibration_threshold,445,59,49,10
E1,official,71,calibration_threshold,277,259,194,65
E1,official,71,calibration_threshold,561,7,6,1
E1,official,71,calibration_threshold,321,56,50,6
E1,official,71,calibration_threshold,205,16,12,4
E1,official,71,calibration_threshold,411,11,10,1
E1,official,71,calibration_threshold,1111002,7,3,4
E1,official,71,fixed_review_budget,1111013,1097,934,163
E1,official,71,fixed_review_budget,1111007,480,331,149
E1,official,71,fixed_review_budget,562,8,5,3
E1,official,71,fixed_review_budget,445,59,49,10
E1,official,71,fixed_review_budget,277,259,199,60
E1,official,71,fixed_review_budget,561,7,6,1
E1,official,71,fixed_review_budget,321,56,50,6
E1,official,71,fixed_review_budget,205,16,13,3
E1,official,71,fixed_review_budget,411,11,10,1
E1,official,71,fixed_review_budget,1111002,7,3,4
E2,official,13,calibration_threshold,__dataset__,120,94,26
E2,official,13,fixed_review_budget,__dataset__,120,96,24
E2,official,37,calibration_threshold,__dataset__,120,99,21
E2,official,37,fixed_review_budget,__dataset__,120,96,24
E2,official,71,calibration_threshold,__dataset__,120,98,22
E2,official,71,fixed_review_budget,__dataset__,120,96,24
E3,official,13,calibration_threshold,__dataset__,120,83,37
E3,official,13,fixed_review_budget,__dataset__,120,96,24
E3,official,37,calibration_threshold,__dataset__,120,93,27
E3,official,37,fixed_review_budget,__dataset__,120,96,24
E3,official,71,calibration_threshold,__dataset__,120,90,30
E3,official,71,fixed_review_budget,__dataset__,120,96,24
P1,F1,13,calibration_threshold,BOL,15,12,3
P1,F1,13,calibration_threshold,KHM,30,29,1
P1,F1,13,calibration_threshold,NGA,18,15,3
P1,F1,13,calibration_threshold,ESP,30,29,1
P1,F1,13,fixed_review_budget,BOL,15,10,5
P1,F1,13,fixed_review_budget,KHM,30,28,2
P1,F1,13,fixed_review_budget,NGA,18,14,4
P1,F1,13,fixed_review_budget,ESP,30,23,7
P1,F1,37,calibration_threshold,BOL,15,12,3
P1,F1,37,calibration_threshold,KHM,30,28,2
P1,F1,37,calibration_threshold,NGA,18,15,3
P1,F1,37,calibration_threshold,ESP,30,23,7
P1,F1,37,fixed_review_budget,BOL,15,12,3
P1,F1,37,fixed_review_budget,KHM,30,28,2
P1,F1,37,fixed_review_budget,NGA,18,14,4
P1,F1,37,fixed_review_budget,ESP,30,21,9
P1,F1,71,calibration_threshold,BOL,15,10,5
P1,F1,71,calibration_threshold,KHM,30,27,3
P1,F1,71,calibration_threshold,NGA,18,15,3
P1,F1,71,calibration_threshold,ESP,30,24,6
P1,F1,71,fixed_review_budget,BOL,15,9,6
P1,F1,71,fixed_review_budget,KHM,30,27,3
P1,F1,71,fixed_review_budget,NGA,18,15,3
P1,F1,71,fixed_review_budget,ESP,30,24,6
P1,F2,13,calibration_threshold,GHA,48,48,0
P1,F2,13,calibration_threshold,PAK,28,20,8
P1,F2,13,calibration_threshold,USA,69,66,3
P1,F2,13,fixed_review_budget,GHA,48,46,2
P1,F2,13,fixed_review_budget,PAK,28,13,15
P1,F2,13,fixed_review_budget,USA,69,57,12
P1,F2,37,calibration_threshold,GHA,48,48,0
P1,F2,37,calibration_threshold,PAK,28,16,12
P1,F2,37,calibration_threshold,USA,69,57,12
P1,F2,37,fixed_review_budget,GHA,48,48,0
P1,F2,37,fixed_review_budget,PAK,28,15,13
P1,F2,37,fixed_review_budget,USA,69,53,16
P1,F2,71,calibration_threshold,GHA,48,48,0
P1,F2,71,calibration_threshold,PAK,28,15,13
P1,F2,71,calibration_threshold,USA,69,61,8
P1,F2,71,fixed_review_budget,GHA,48,48,0
P1,F2,71,fixed_review_budget,PAK,28,11,17
P1,F2,71,fixed_review_budget,USA,69,57,12
P1,F3,13,calibration_threshold,IND,68,47,21
P1,F3,13,calibration_threshold,PRY,66,50,16
P1,F3,13,calibration_threshold,SOM,26,23,3
P1,F3,13,calibration_threshold,LKA,42,31,11
P1,F3,13,fixed_review_budget,IND,68,52,16
P1,F3,13,fixed_review_budget,PRY,66,53,13
P1,F3,13,fixed_review_budget,SOM,26,26,0
P1,F3,13,fixed_review_budget,LKA,42,31,11
P1,F3,37,calibration_threshold,IND,68,45,23
P1,F3,37,calibration_threshold,PRY,66,41,25
P1,F3,37,calibration_threshold,SOM,26,23,3
P1,F3,37,calibration_threshold,LKA,42,30,12
P1,F3,37,fixed_review_budget,IND,68,56,12
P1,F3,37,fixed_review_budget,PRY,66,48,18
P1,F3,37,fixed_review_budget,SOM,26,25,1
P1,F3,37,fixed_review_budget,LKA,42,33,9
P1,F3,71,calibration_threshold,IND,68,30,38
P1,F3,71,calibration_threshold,PRY,66,32,34
P1,F3,71,calibration_threshold,SOM,26,19,7
P1,F3,71,calibration_threshold,LKA,42,21,21
P1,F3,71,fixed_review_budget,IND,68,53,15
P1,F3,71,fixed_review_budget,PRY,66,49,17
P1,F3,71,fixed_review_budget,SOM,26,25,1
P1,F3,71,fixed_review_budget,LKA,42,35,7
P2,F1,13,calibration_threshold,BOL,15,11,4
P2,F1,13,calibration_threshold,KHM,30,25,5
P2,F1,13,calibration_threshold,NGA,18,14,4
P2,F1,13,calibration_threshold,ESP,30,16,14
P2,F1,13,fixed_review_budget,BOL,15,11,4
P2,F1,13,fixed_review_budget,KHM,30,27,3
P2,F1,13,fixed_review_budget,NGA,18,14,4
P2,F1,13,fixed_review_budget,ESP,30,23,7
P2,F1,37,calibration_threshold,BOL,15,11,4
P2,F1,37,calibration_threshold,KHM,30,28,2
P2,F1,37,calibration_threshold,NGA,18,15,3
P2,F1,37,calibration_threshold,ESP,30,24,6
P2,F1,37,fixed_review_budget,BOL,15,11,4
P2,F1,37,fixed_review_budget,KHM,30,27,3
P2,F1,37,fixed_review_budget,NGA,18,15,3
P2,F1,37,fixed_review_budget,ESP,30,22,8
P2,F1,71,calibration_threshold,BOL,15,9,6
P2,F1,71,calibration_threshold,KHM,30,24,6
P2,F1,71,calibration_threshold,NGA,18,14,4
P2,F1,71,calibration_threshold,ESP,30,18,12
P2,F1,71,fixed_review_budget,BOL,15,11,4
P2,F1,71,fixed_review_budget,KHM,30,28,2
P2,F1,71,fixed_review_budget,NGA,18,16,2
P2,F1,71,fixed_review_budget,ESP,30,20,10
P2,F2,13,calibration_threshold,GHA,48,46,2
P2,F2,13,calibration_threshold,PAK,28,26,2
P2,F2,13,calibration_threshold,USA,69,63,6
P2,F2,13,fixed_review_budget,GHA,48,44,4
P2,F2,13,fixed_review_budget,PAK,28,17,11
P2,F2,13,fixed_review_budget,USA,69,55,14
P2,F2,37,calibration_threshold,GHA,48,45,3
P2,F2,37,calibration_threshold,PAK,28,25,3
P2,F2,37,calibration_threshold,USA,69,61,8
P2,F2,37,fixed_review_budget,GHA,48,43,5
P2,F2,37,fixed_review_budget,PAK,28,21,7
P2,F2,37,fixed_review_budget,USA,69,52,17
P2,F2,71,calibration_threshold,GHA,48,46,2
P2,F2,71,calibration_threshold,PAK,28,23,5
P2,F2,71,calibration_threshold,USA,69,62,7
P2,F2,71,fixed_review_budget,GHA,48,44,4
P2,F2,71,fixed_review_budget,PAK,28,17,11
P2,F2,71,fixed_review_budget,USA,69,55,14
P2,F3,13,calibration_threshold,IND,68,42,26
P2,F3,13,calibration_threshold,PRY,66,49,17
P2,F3,13,calibration_threshold,SOM,26,19,7
P2,F3,13,calibration_threshold,LKA,42,32,10
P2,F3,13,fixed_review_budget,IND,68,49,19
P2,F3,13,fixed_review_budget,PRY,66,54,12
P2,F3,13,fixed_review_budget,SOM,26,24,2
P2,F3,13,fixed_review_budget,LKA,42,35,7
P2,F3,37,calibration_threshold,IND,68,45,23
P2,F3,37,calibration_threshold,PRY,66,53,13
P2,F3,37,calibration_threshold,SOM,26,21,5
P2,F3,37,calibration_threshold,LKA,42,29,13
P2,F3,37,fixed_review_budget,IND,68,51,17
P2,F3,37,fixed_review_budget,PRY,66,57,9
P2,F3,37,fixed_review_budget,SOM,26,22,4
P2,F3,37,fixed_review_budget,LKA,42,32,10
P2,F3,71,calibration_threshold,IND,68,57,11
P2,F3,71,calibration_threshold,PRY,66,64,2
P2,F3,71,calibration_threshold,SOM,26,24,2
P2,F3,71,calibration_threshold,LKA,42,37,5
P2,F3,71,fixed_review_budget,IND,68,52,16
P2,F3,71,fixed_review_budget,PRY,66,62,4
P2,F3,71,fixed_review_budget,SOM,26,19,7
P2,F3,71,fixed_review_budget,LKA,42,29,13
