block,event_id,endpoint,risk_v2_at_080,risk_self_overlap_at_080,delta_at_080,delta_aurc_010_100,delta_partial_aurc_070_090,delta_mean_risk_070_090,delta_partial_aurc_080_100,delta_mean_risk_080_100
P1,BOL,fixed_full_event_class_miou_risk,0.20572606077732283,0.21826594024103382,-0.01253987946371099,-0.00850273988781304,-0.0019479393313248095,-0.009739696656624044,-0.0007205370679751044,-0.0036026853398755227
P1,BOL,foreground_dice_risk,0.2169723093319337,0.2128833223693243,0.0040889869626094255,0.05227178959281064,0.003048560864492547,0.015242804322462729,0.0011112490153598758,0.0055562450767993815
P1,BOL,foreground_iou_risk,0.35541533707509076,0.3500208271312953,0.00539450994379546,0.06926106932131902,0.0036552928043231177,0.01827646402161558,0.0014496961650946134,0.00724848082547307
P1,BOL,present_class_miou_risk,0.20572606077732283,0.21826594024103382,-0.01253987946371099,-0.00850273988781304,-0.0019479393313248095,-0.009739696656624044,-0.0007205370679751044,-0.0036026853398755227
P1,ESP,fixed_full_event_class_miou_risk,0.156107146481346,0.18141774078993644,-0.025310594308590468,-0.04675602455635805,-0.004972723993527758,-0.02486361996763879,-0.0026954991239199985,-0.013477495619599997
P1,ESP,foreground_dice_risk,0.15246360517536003,0.17451514944751753,-0.022051544272157508,-0.029739163836487,-0.004275618310936046,-0.021378091554680224,-0.002463683840280657,-0.012318419201403287
P1,ESP,foreground_iou_risk,0.2642094191376203,0.29676914707126156,-0.03255972793364128,-0.048431615981493294,-0.0063408382174775305,-0.03170419108738764,-0.0036021398310299275,-0.018010699155149638
P1,ESP,present_class_miou_risk,0.156107146481346,0.18141774078993644,-0.025310594308590468,-0.04675602455635805,-0.004972723993527758,-0.02486361996763879,-0.0026954991239199985,-0.013477495619599997
P1,GHA,fixed_full_event_class_miou_risk,0.2574602997237728,0.25857132432888275,-0.0011110246051099133,-0.024611797851402866,-0.00023911635537317505,-0.0011955817768658748,0.0005229972065306562,0.0026149860326532813
P1,GHA,foreground_dice_risk,0.3330113604711497,0.3088575071835377,0.024153853287611937,0.008776251813838244,0.00452979531163525,0.022648976558176243,0.0035052206579047466,0.017526103289523736
P1,GHA,foreground_iou_risk,0.49963400822601817,0.4716990570217601,0.027934951204258023,0.009452786766808522,0.005208298219793798,0.026041491098968975,0.003990796376025113,0.01995398188012557
P1,GHA,present_class_miou_risk,0.2574602997237728,0.25857132432888275,-0.0011110246051099133,-0.024611797851402866,-0.00023911635537317505,-0.0011955817768658748,0.0005229972065306562,0.0026149860326532813
P1,IND,fixed_full_event_class_miou_risk,0.27320766612504416,0.27480695341634137,-0.0015992872912972504,-0.0068431302281525665,-0.000634466755220167,-0.003172333776100834,-0.0005912551669687386,-0.0029562758348436937
P1,IND,foreground_dice_risk,0.3019890766041193,0.3031435835496143,-0.0011545069454950152,-0.0056190443732460045,-0.0006256969054017605,-0.003128484527008802,-0.0005915935279944912,-0.0029579676399724563
P1,IND,foreground_iou_risk,0.4638830155624245,0.46524201199371834,-0.0013589964312938168,-0.007755324338699504,-0.0007371425931643878,-0.0036857129658219383,-0.0006889207844226189,-0.003444603922113095
P1,IND,present_class_miou_risk,0.27320766612504416,0.27480695341634137,-0.0015992872912972504,-0.0068431302281525665,-0.000634466755220167,-0.003172333776100834,-0.0005912551669687386,-0.0029562758348436937
P1,KHM,fixed_full_event_class_miou_risk,0.09393042515147831,0.13059836643393707,-0.03666794128245875,-0.04339278301751065,-0.008186726375793095,-0.040933631878965454,-0.00444000064717702,-0.022200003235885103
P1,KHM,foreground_dice_risk,0.08113762551982653,0.10207697144917716,-0.020939345929350633,-0.014743284620229178,-0.004767670741914775,-0.023838353709573868,-0.0030462006031740387,-0.015231003015870196
P1,KHM,foreground_iou_risk,0.15004330030127946,0.18506877945915637,-0.035025479157876904,-0.025298626620817066,-0.008033847124899702,-0.0401692356244985,-0.00509423346827033,-0.025471167341351658
P1,KHM,present_class_miou_risk,0.09393042515147831,0.13059836643393707,-0.03666794128245875,-0.04339278301751065,-0.008186726375793095,-0.040933631878965454,-0.00444000064717702,-0.022200003235885103
P1,LKA,fixed_full_event_class_miou_risk,0.3286923763137813,0.36353890352850415,-0.0348465272147229,-0.025106408855661594,-0.005216756237727744,-0.026083781188638713,-0.00474508558897574,-0.023725427944878707
P1,LKA,foreground_dice_risk,0.4306170574521086,0.4814903735900779,-0.050873316137969304,-0.03299525385804186,-0.007800621113279581,-0.0390031055663979,-0.006895163256400066,-0.03447581628200033
P1,LKA,foreground_iou_risk,0.6010744392127801,0.6496700352487826,-0.04859559603600246,-0.03673823282955153,-0.007424609275859972,-0.03712304637929984,-0.006542570993589449,-0.03271285496794726
P1,LKA,present_class_miou_risk,0.3286923763137813,0.36353890352850415,-0.0348465272147229,-0.025106408855661594,-0.005216756237727744,-0.026083781188638713,-0.00474508558897574,-0.023725427944878707
P1,NGA,fixed_full_event_class_miou_risk,0.224703658380668,0.27985389645107794,-0.05515023807040997,-0.0878928724679414,-0.012410584051301056,-0.06205292025650525,-0.003923677422740578,-0.019618387113702895
P1,NGA,foreground_dice_risk,0.24515988930491836,0.2640955732937191,-0.018935683988800755,0.010060732835336386,-0.005758852118754893,-0.028794260593774452,-0.0012739546434430932,-0.0063697732172154665
P1,NGA,foreground_iou_risk,0.39056298540653617,0.4140157070686154,-0.023452721662079252,0.011467536405643576,-0.007364579496839887,-0.036822897484199424,-0.0015211251248323629,-0.007605625624161815
P1,NGA,present_class_miou_risk,0.224703658380668,0.27985389645107794,-0.05515023807040997,-0.0878928724679414,-0.012410584051301056,-0.06205292025650525,-0.003923677422740578,-0.019618387113702895
P1,PAK,fixed_full_event_class_miou_risk,0.411700946758617,0.41977437881729185,-0.008073432058674834,-0.041770607624895324,-0.0027590276647175074,-0.013795138323587532,-0.0008592918240982444,-0.004296459120491223
P1,PAK,foreground_dice_risk,0.5527855539578179,0.5613370055484171,-0.008551451590599224,-0.033874773867979095,-0.0035244429276276696,-0.01762221463813834,-0.0007440515881272608,-0.0037202579406363056
P1,PAK,foreground_iou_risk,0.7119911249262101,0.7190168105950211,-0.007025685668810862,-0.033563142483882306,-0.003005392065727574,-0.015026960328637866,-0.0006072826951724987,-0.0030364134758624948
P1,PAK,present_class_miou_risk,0.411700946758617,0.41977437881729185,-0.008073432058674834,-0.041770607624895324,-0.0027590276647175074,-0.013795138323587532,-0.0008592918240982444,-0.004296459120491223
P1,PRY,fixed_full_event_class_miou_risk,0.25558404125793815,0.27754906093854886,-0.021965019680610643,-0.020026217033231545,-0.004975706728551458,-0.024878533642757276,-0.0015136265687952035,-0.007568132843976019
P1,PRY,foreground_dice_risk,0.30312821279553304,0.33182107629761365,-0.02869286350208063,-0.02408314287629712,-0.006566308333478051,-0.03283154166739024,-0.0020025290237252065,-0.010012645118626035
P1,PRY,foreground_iou_risk,0.46141781894439315,0.49765731656439494,-0.0362394976200018,-0.03260335239126599,-0.008209355381077353,-0.04104677690538675,-0.0024439939667883896,-0.01221996983394195
P1,PRY,present_class_miou_risk,0.25558404125793815,0.27754906093854886,-0.021965019680610643,-0.020026217033231545,-0.004975706728551458,-0.024878533642757276,-0.0015136265687952035,-0.007568132843976019
P1,SOM,fixed_full_event_class_miou_risk,0.5043221723170214,0.5102348064884711,-0.005912634171449734,-0.016714624909995947,-0.0011108224457423348,-0.005554112228711672,-0.0004717257253300329,-0.002358628626650165
P1,SOM,foreground_dice_risk,0.7076757793556657,0.7110962373620402,-0.0034204580063746195,-0.016811773735573392,-0.0006140426217363892,-0.0030702131086819454,-0.00030581342927047886,-0.0015290671463523947
P1,SOM,foreground_iou_risk,0.8281464530459899,0.8305548512033974,-0.0024083981574076394,-0.012269334186911085,-0.00043675681015427364,-0.002183784050771367,-0.00021783533463676347,-0.0010891766731838176
P1,SOM,present_class_miou_risk,0.5043221723170214,0.5102348064884711,-0.005912634171449734,-0.016714624909995947,-0.0011108224457423348,-0.005554112228711672,-0.0004717257253300329,-0.002358628626650165
P1,USA,fixed_full_event_class_miou_risk,0.28429566663353406,0.33713863037215264,-0.0528429637386186,-0.051211987279207276,-0.009812384727907532,-0.04906192363953763,-0.004946449543140864,-0.024732247715704325
P1,USA,foreground_dice_risk,0.3580215110338587,0.4367810241221746,-0.07875951308831591,-0.04725225556085048,-0.014478920941336263,-0.0723946047066813,-0.007498080020644407,-0.03749040010322204
P1,USA,foreground_iou_risk,0.527196546138842,0.6074732761049626,-0.08027672996612052,-0.05343679987432004,-0.014796490255756257,-0.07398245127878127,-0.007480332678848996,-0.03740166339424499
P1,USA,present_class_miou_risk,0.28429566663353406,0.33713863037215264,-0.0528429637386186,-0.051211987279207276,-0.009812384727907532,-0.04906192363953763,-0.004946449543140864,-0.024732247715704325
P2,BOL,fixed_full_event_class_miou_risk,0.26239006915898494,0.3122065585764802,-0.04981648941749531,-0.039566936818112186,-0.011470817547202855,-0.057354087736014255,-0.005313427785708304,-0.026567138928541525
P2,BOL,foreground_dice_risk,0.29497800913989375,0.3439291900523036,-0.048951180912409846,0.009990418592393907,-0.010422981180860094,-0.052114905904300436,-0.005373555822372908,-0.026867779111864543
P2,BOL,foreground_iou_risk,0.4544384670967337,0.5079639197960898,-0.05352545269935612,0.012592050576329929,-0.011564972991737898,-0.057824864958689465,-0.00593758957558678,-0.02968794787793391
P2,BOL,present_class_miou_risk,0.26239006915898494,0.3122065585764802,-0.04981648941749531,-0.039566936818112186,-0.011470817547202855,-0.057354087736014255,-0.005313427785708304,-0.026567138928541525
P2,ESP,fixed_full_event_class_miou_risk,0.24376977263841726,0.26043161535812376,-0.0166618427197065,-0.04784077779059448,-0.0039570299201633205,-0.019785149600816596,-0.0020916898589759658,-0.01045844929487983
P2,ESP,foreground_dice_risk,0.25001061419625364,0.25732957465386525,-0.007318960457611619,-0.026068669349622504,-0.002573677223297024,-0.012868386116485116,-0.0017666320781116495,-0.008833160390558249
P2,ESP,foreground_iou_risk,0.39847204342074266,0.40868937846115316,-0.010217335040410558,-0.03922295240615462,-0.003459537409689317,-0.017297687048446583,-0.002291144271747365,-0.011455721358736827
P2,ESP,present_class_miou_risk,0.24376977263841726,0.26043161535812376,-0.0166618427197065,-0.04784077779059448,-0.0039570299201633205,-0.019785149600816596,-0.0020916898589759658,-0.01045844929487983
P2,GHA,fixed_full_event_class_miou_risk,0.21308426122163068,0.21355611859784107,-0.00047185737621039764,-0.033651115569139654,-0.0003772448618116306,-0.0018862243090581523,0.0006885156705596823,0.0034425783527984124
P2,GHA,foreground_dice_risk,0.24668945499722406,0.24013001422082048,0.006559440776403608,-0.015569681259628057,0.0010335370047829268,0.005167685023914632,0.0017296656728794048,0.008648328364397025
P2,GHA,foreground_iou_risk,0.39572969746909425,0.38725681160029213,0.008472885868802108,-0.02229438783891699,0.0012743117060229159,0.0063715585301145775,0.0022220377087327965,0.011110188543663987
P2,GHA,present_class_miou_risk,0.21308426122163068,0.21355611859784107,-0.00047185737621039764,-0.033651115569139654,-0.0003772448618116306,-0.0018862243090581523,0.0006885156705596823,0.0034425783527984124
P2,IND,fixed_full_event_class_miou_risk,0.29731889358546276,0.3008998118710758,-0.003580918285612985,-0.012870193551054218,-0.0008762268511422911,-0.004381134255711454,-0.0004859717408121993,-0.002429858704060997
P2,IND,foreground_dice_risk,0.33242348596374166,0.33440810909179364,-0.0019846231280519024,-0.0075801300000677375,-0.0006742962901416712,-0.003371481450708355,-0.00042454664253450063,-0.0021227332126725032
P2,IND,foreground_iou_risk,0.49887721502190124,0.5011518926368768,-0.0022746776149755363,-0.010010247536755978,-0.0007684389078683108,-0.0038421945393415525,-0.00047348292975317436,-0.002367414648765872
P2,IND,present_class_miou_risk,0.29731889358546276,0.3008998118710758,-0.003580918285612985,-0.012870193551054218,-0.0008762268511422911,-0.004381134255711454,-0.0004859717408121993,-0.002429858704060997
P2,KHM,fixed_full_event_class_miou_risk,0.11071085897802309,0.1369535798737546,-0.02624272089573151,-0.03259769242817876,-0.00528326674458721,-0.02641633372293604,-0.002894344304453418,-0.014471721522267092
P2,KHM,foreground_dice_risk,0.0999382403440443,0.1069301507581986,-0.0069919104141543025,0.0002644860968493091,-0.0012659849107488463,-0.006329924553744229,-0.0014295923085098578,-0.007147961542549291
P2,KHM,foreground_iou_risk,0.18167914819720313,0.19319320801777626,-0.011514059820573103,0.0006052736158075755,-0.0020839478670371136,-0.010419739335185566,-0.002346212500108797,-0.011731062500543989
P2,KHM,present_class_miou_risk,0.11071085897802309,0.1369535798737546,-0.02624272089573151,-0.03259769242817876,-0.00528326674458721,-0.02641633372293604,-0.002894344304453418,-0.014471721522267092
P2,LKA,fixed_full_event_class_miou_risk,0.3681997059776336,0.37513628798445237,-0.006936582006818737,-0.04031285945228224,-0.002385507965430683,-0.011927539827153411,-0.0011029865678893148,-0.005514932839446575
P2,LKA,foreground_dice_risk,0.4686471001593649,0.47793246077160134,-0.009285360612236412,-0.03778437364079406,-0.003021037334719605,-0.015105186673598019,-0.0013614736751959842,-0.006807368375979922
P2,LKA,foreground_iou_risk,0.6318757372006352,0.6422170316216879,-0.01034129442105273,-0.04185486265769502,-0.0031357209906138065,-0.01567860495306903,-0.001463529089203432,-0.007317645446017163
P2,LKA,present_class_miou_risk,0.3681997059776336,0.37513628798445237,-0.006936582006818737,-0.04031285945228224,-0.002385507965430683,-0.011927539827153411,-0.0011029865678893148,-0.005514932839446575
P2,NGA,fixed_full_event_class_miou_risk,0.21726156691135176,0.261578919605578,-0.044317352694226236,-0.0980089615339141,-0.009968071076202194,-0.04984035538101095,-0.002684127483709649,-0.013420637418548246
P2,NGA,foreground_dice_risk,0.2264393017760934,0.23980076963319527,-0.013361467857101877,-0.031998030569764566,-0.004267186439498077,-0.021335932197490377,-0.000901244445146446,-0.004506222225732231
P2,NGA,foreground_iou_risk,0.36897316110866935,0.385967635436889,-0.01699447432821956,-0.047579191694980205,-0.005785276329613836,-0.02892638164806917,-0.0011438717758236096,-0.00571935887911805
P2,NGA,present_class_miou_risk,0.21726156691135176,0.261578919605578,-0.044317352694226236,-0.0980089615339141,-0.009968071076202194,-0.04984035538101095,-0.002684127483709649,-0.013420637418548246
P2,PAK,fixed_full_event_class_miou_risk,0.4090683367032311,0.44725426689302444,-0.038185930189793306,-0.0498930619976073,-0.00704519211169061,-0.03522596055845304,-0.0034371626139677418,-0.017185813069838712
P2,PAK,foreground_dice_risk,0.5335450195737024,0.578244347072404,-0.04469932749870168,-0.018531659249580727,-0.008373989420980187,-0.04186994710490091,-0.004249045685532007,-0.02124522842766004
P2,PAK,foreground_iou_risk,0.694747533751435,0.7326964919163425,-0.03794895816490732,-0.017789206847713186,-0.007040300707075519,-0.035201503535377585,-0.0035179618711039602,-0.017589809355519806
P2,PAK,present_class_miou_risk,0.4090683367032311,0.44725426689302444,-0.038185930189793306,-0.0498930619976073,-0.00704519211169061,-0.03522596055845304,-0.0034371626139677418,-0.017185813069838712
P2,PRY,fixed_full_event_class_miou_risk,0.32957264432572236,0.32807686743503034,0.001495776890692006,-0.023658234138286396,-0.0007270326218088841,-0.003635163109044419,-5.261373733736152e-05,-0.00026306868668680766
P2,PRY,foreground_dice_risk,0.4042029163243573,0.40152966248174726,0.0026732538426100794,-0.022358085457553283,-0.0009403379390363828,-0.004701689695181912,1.2320507112761054e-05,6.16025355638054e-05
P2,PRY,foreground_iou_risk,0.5751844007801736,0.5722082032012857,0.002976197578887896,-0.025639842929377918,-0.00094060640257254,-0.004703032012862698,2.4782485486031253e-05,0.00012391242743015613
P2,PRY,present_class_miou_risk,0.32957264432572236,0.32807686743503034,0.001495776890692006,-0.023658234138286396,-0.0007270326218088841,-0.003635163109044419,-5.261373733736152e-05,-0.00026306868668680766
P2,SOM,fixed_full_event_class_miou_risk,0.4757915207465399,0.484518750784575,-0.00872723003803516,-0.025436313675783195,-0.0018169701923252664,-0.009084850961626329,-0.0003440623802918716,-0.001720311901459358
P2,SOM,foreground_dice_risk,0.6422181255894136,0.6521775300804366,-0.009959404491022875,-0.022673223961180752,-0.00200389115172088,-0.010019455758604396,-0.0004164791918752747,-0.002082395959376374
P2,SOM,foreground_iou_risk,0.7815712344409356,0.7886244603650564,-0.0070532259241209054,-0.0182657356932641,-0.0014388104891687112,-0.007194052445843553,-0.0002927195388313535,-0.001463597694156768
P2,SOM,present_class_miou_risk,0.4757915207465399,0.484518750784575,-0.00872723003803516,-0.025436313675783195,-0.0018169701923252664,-0.009084850961626329,-0.0003440623802918716,-0.001720311901459358
P2,USA,fixed_full_event_class_miou_risk,0.2887072598224844,0.3054732013737947,-0.016765941551310354,-0.03604312435560177,-0.0033073228079197737,-0.016536614039598864,-0.0015045090727845694,-0.007522545363922848
P2,USA,foreground_dice_risk,0.3651156539028506,0.38666213667219457,-0.021546482769343938,-0.03925201147888991,-0.0041963287044426865,-0.02098164352221343,-0.001945772923385749,-0.009728864616928746
P2,USA,foreground_iou_risk,0.5348851024443945,0.5576234112130173,-0.02273830876862278,-0.045702320686473834,-0.004442229633953729,-0.02221114816976864,-0.0020398707398424543,-0.010199353699212274
P2,USA,present_class_miou_risk,0.2887072598224844,0.3054732013737947,-0.016765941551310354,-0.03604312435560177,-0.0033073228079197737,-0.016536614039598864,-0.0015045090727845694,-0.007522545363922848
