block,partition,seed,tiles,retained_tiles,review_tiles,event_macro_coverage,pooled_tile_coverage,pooled_coverage_error,event_macro_review_ratio,pooled_review_ratio,threshold
E1,official,13,2000,1717,283,0.8661518517060403,0.8585,0.058499999999999996,0.6692407414697987,0.7074999999999998,0.7988702182685272
E1,official,37,2000,1436,564,0.7100784179758037,0.718,-0.08200000000000007,1.4496079101209813,1.4100000000000001,0.7854504942681336
E1,official,71,2000,1576,424,0.7556247645746162,0.788,-0.01200000000000001,1.2218761771269187,1.0599999999999998,0.7783213955570967
E2,official,13,120,94,26,0.7833333333333333,0.7833333333333333,-0.01666666666666672,1.0833333333333333,1.0833333333333333,0.7047365239838119
E2,official,37,120,99,21,0.825,0.825,0.02499999999999991,0.8750000000000002,0.8750000000000002,0.723470521343293
E2,official,71,120,98,22,0.8166666666666667,0.8166666666666667,0.016666666666666607,0.9166666666666667,0.9166666666666667,0.686109945344725
E3,official,13,120,83,37,0.6916666666666667,0.6916666666666667,-0.10833333333333339,1.5416666666666667,1.5416666666666667,0.6554781041121835
E3,official,37,120,93,27,0.775,0.775,-0.025000000000000022,1.1249999999999998,1.1249999999999998,0.6728771037122987
E3,official,71,120,90,30,0.75,0.75,-0.050000000000000044,1.25,1.25,0.6785239069676499
P1,F1,13,93,85,8,0.8916666666666667,0.9139784946236559,0.11397849462365583,0.5416666666666664,0.4301075268817206,0.6389126779380967
P1,F1,37,93,78,15,0.8333333333333334,0.8387096774193549,0.03870967741935483,0.8333333333333331,0.8064516129032256,0.6038866023153775
P1,F1,71,93,76,17,0.8,0.8172043010752689,0.017204301075268824,0.9999999999999998,0.9139784946236557,0.6098831232700738
P1,F2,13,145,134,11,0.8902691511387163,0.9241379310344827,0.12413793103448267,0.5486542443064185,0.3793103448275864,0.6103118331067008
P1,F2,37,145,121,24,0.7991718426501034,0.8344827586206897,0.03448275862068961,1.0041407867494827,0.8275862068965517,0.596825457107237
P1,F2,71,145,124,21,0.8065907522429261,0.8551724137931035,0.05517241379310345,0.9670462387853695,0.7241379310344825,0.5881210451345897
P1,F3,13,202,151,51,0.7678657127186539,0.7475247524752475,-0.05247524752475252,1.1606714364067305,1.2623762376237624,0.657124951675925
P1,F3,37,202,139,63,0.7204694814988932,0.6881188118811881,-0.11188118811881198,1.3976525925055339,1.5594059405940597,0.7027250618756575
P1,F3,71,202,102,100,0.5391985465514877,0.504950495049505,-0.2950495049504951,2.3040072672425613,2.4752475247524752,0.6476073830882109
P2,F1,13,93,66,27,0.7194444444444444,0.7096774193548387,-0.0903225806451613,1.4027777777777777,1.4516129032258063,0.635119496960839
P2,F1,37,93,78,15,0.8250000000000001,0.8387096774193549,0.03870967741935483,0.8749999999999997,0.8064516129032256,0.6069150833721484
P2,F1,71,93,65,28,0.6944444444444444,0.6989247311827957,-0.1010752688172043,1.527777777777778,1.5053763440860213,0.6289698592055004
P2,F2,13,145,135,10,0.9333160800552105,0.9310344827586207,0.13103448275862062,0.3334195997239475,0.3448275862068967,0.5703999371492448
P2,F2,37,145,131,14,0.9048050379572118,0.903448275862069,0.10344827586206895,0.47597481021394106,0.482758620689655,0.5581503901632544
P2,F2,71,145,131,14,0.8927708764665286,0.903448275862069,0.10344827586206895,0.5361456176673568,0.482758620689655,0.5602993040025211
P2,F3,13,202,142,60,0.7131863234804412,0.7029702970297029,-0.09702970297029712,1.434068382597794,1.4851485148514854,0.631493903450986
P2,F3,37,202,148,54,0.7407408767702885,0.7326732673267327,-0.06732673267326739,1.2962956161485573,1.3366336633663367,0.6292048442833953
P2,F3,71,202,182,20,0.9029903919609803,0.900990099009901,0.10099009900990097,0.4850480401950985,0.49504950495049493,0.6291015259786397
