"fold","role","event_code","event","hand_labeled_samples"
"F1","train","IND","India","68"
"F1","train","PRY","Paraguay","66"
"F1","train","SOM","Somalia","26"
"F1","train","LKA","Sri-Lanka","42"
"F1","calibration","GHA","Ghana","48"
"F1","calibration","PAK","Pakistan","28"
"F1","calibration","USA","USA","69"
"F1","test","KHM","Mekong","30"
"F1","test","NGA","Nigeria","18"
"F1","test","BOL","Bolivia","15"
"F1","test","ESP","Spain","30"
"F2","train","KHM","Mekong","30"
"F2","train","NGA","Nigeria","18"
"F2","train","BOL","Bolivia","15"
"F2","train","ESP","Spain","30"
"F2","calibration","IND","India","68"
"F2","calibration","PRY","Paraguay","66"
"F2","calibration","SOM","Somalia","26"
"F2","calibration","LKA","Sri-Lanka","42"
"F2","test","GHA","Ghana","48"
"F2","test","PAK","Pakistan","28"
"F2","test","USA","USA","69"
"F3","train","GHA","Ghana","48"
"F3","train","PAK","Pakistan","28"
"F3","train","USA","USA","69"
"F3","calibration","KHM","Mekong","30"
"F3","calibration","NGA","Nigeria","18"
"F3","calibration","BOL","Bolivia","15"
"F3","calibration","ESP","Spain","30"
"F3","test","IND","India","68"
"F3","test","PRY","Paraguay","66"
"F3","test","SOM","Somalia","26"
"F3","test","LKA","Sri-Lanka","42"
