block,partition,seed,arm,delta_test_pooled_tile_coverage,delta_test_event_macro_coverage,delta_pooled_review_ratio,delta_absolute_pooled_coverage_error,delta_pooled_hazard_coverage
P1,F1,13,t1_v2_frozen_mapping,0.06451612903225812,0.08611111111111114,-0.3225806451612906,0.06451612903225812,0.08887424123429755
P1,F1,37,t1_v2_frozen_mapping,0.12903225806451613,0.12777777777777766,-0.6451612903225806,0.12903225806451613,0.17343551120207057
P1,F1,71,t1_v2_frozen_mapping,0.09677419354838701,0.09722222222222221,-0.48387096774193505,0.09677419354838701,0.03918209989979837
P1,F2,13,t1_v2_frozen_mapping,0.06206896551724139,0.09299516908212568,-0.31034482758620696,0.06206896551724139,0.005642328779629335
P1,F2,37,t1_v2_frozen_mapping,0.1586206896551724,0.1889233954451347,-0.793103448275862,0.1586206896551724,0.20806269403556443
P1,F2,71,t1_v2_frozen_mapping,0.13793103448275856,0.18857832988267775,-0.6896551724137928,0.13793103448275856,0.028665875448700695
P1,F3,13,t1_v2_frozen_mapping,0.09900990099009899,0.08812878298172422,-0.49504950495049493,-0.005940594059406057,0.021538430923581875
P1,F3,37,t1_v2_frozen_mapping,0.07425742574257432,0.0696350218409042,-0.3712871287128716,-0.07425742574257432,0.0342452181512104
P1,F3,71,t1_v2_frozen_mapping,0.19801980198019797,0.19596335037511503,-0.9900990099009899,-0.19801980198019797,0.10141423156782314
P1,F1,13,t1_v2_new_ecdf_fixed_weights,0.0,0.0,0.0,0.0,0.0
P1,F1,37,t1_v2_new_ecdf_fixed_weights,0.021505376344086002,0.01666666666666672,-0.10752688172043001,0.021505376344086002,0.041367480530333234
P1,F1,71,t1_v2_new_ecdf_fixed_weights,0.010752688172043001,0.008333333333333304,-0.053763440860215006,0.010752688172043001,0.0005873301119239116
P1,F2,13,t1_v2_new_ecdf_fixed_weights,-0.020689655172413723,-0.02864044168391988,0.10344827586206862,-0.020689655172413723,-0.10129531603818243
P1,F2,37,t1_v2_new_ecdf_fixed_weights,-0.006896551724137945,0.002242926155969771,0.034482758620689724,-0.006896551724137945,0.015227678663943145
P1,F2,71,t1_v2_new_ecdf_fixed_weights,-0.02758620689655178,-0.02639751552795022,0.1379310344827589,-0.02758620689655178,-0.10315928965130583
P1,F3,13,t1_v2_new_ecdf_fixed_weights,0.00990099009900991,0.0015254353489647654,-0.04950495049504955,-0.00990099009900991,0.0031384322784531182
P1,F3,37,t1_v2_new_ecdf_fixed_weights,-0.04950495049504944,-0.05203007776537183,0.24752475247524708,0.04950495049504944,-0.018192745680501
P1,F3,71,t1_v2_new_ecdf_fixed_weights,0.00990099009900991,0.0015254353489648764,-0.04950495049504955,-0.00990099009900991,0.010939950411711474
P1,F1,13,t1_v2_refit,-0.010752688172043001,-0.008333333333333304,0.053763440860215006,-0.010752688172043001,-0.0237279914422448
P1,F1,37,t1_v2_refit,0.010752688172043001,0.008333333333333415,-0.053763440860215006,0.010752688172043001,0.0350625679455584
P1,F1,71,t1_v2_refit,0.010752688172043001,0.008333333333333304,-0.053763440860215006,0.010752688172043001,0.0005873301119239116
P1,F2,13,t1_v2_refit,-0.020689655172413723,-0.02864044168391988,0.10344827586206862,-0.020689655172413723,-0.10129531603818243
P1,F2,37,t1_v2_refit,-0.006896551724137945,-0.004830917874396157,0.034482758620689724,-0.006896551724137945,0.017348732772386244
P1,F2,71,t1_v2_refit,-0.006896551724137945,-0.011904761904761862,0.034482758620689724,-0.006896551724137945,-0.09628364660001243
P1,F3,13,t1_v2_refit,-0.03960396039603964,-0.03546208693267505,0.1980198019801982,0.03960396039603964,-0.009689658267593826
P1,F3,37,t1_v2_refit,-0.03465346534653457,-0.03850193923723333,0.17326732673267276,0.03465346534653457,-0.01249699387936909
P1,F3,71,t1_v2_refit,0.01980198019801982,0.011265695089224481,-0.0990099009900991,-0.01980198019801982,0.020999022799096267
P2,F1,13,t1_v2_frozen_mapping,0.10752688172043012,0.09166666666666667,-0.5376344086021506,-0.07311827956989247,0.030398262528097075
P2,F1,37,t1_v2_frozen_mapping,0.08602150537634401,0.08055555555555549,-0.43010752688172005,0.08602150537634401,0.13715548458482119
P2,F1,71,t1_v2_frozen_mapping,0.06451612903225801,0.05833333333333335,-0.32258064516129004,-0.06451612903225801,0.009004599986846107
P2,F2,13,t1_v2_frozen_mapping,0.06206896551724139,0.059739475500344974,-0.31034482758620696,0.06206896551724139,0.018436984193750172
P2,F2,37,t1_v2_frozen_mapping,0.08275862068965512,0.08130607315389937,-0.4137931034482756,0.08275862068965512,0.04056999058491684
P2,F2,71,t1_v2_frozen_mapping,0.08965517241379306,0.10028467908902683,-0.4482758620689653,0.08965517241379306,0.06013779290513832
P2,F3,13,t1_v2_frozen_mapping,0.15841584158415845,0.15733653601300657,-0.7920792079207922,-0.035643564356435786,0.07389510247907571
P2,F3,37,t1_v2_frozen_mapping,0.2376237623762376,0.2348129811365105,-1.188118811881188,0.10297029702970284,0.11524175137434756
P2,F3,71,t1_v2_frozen_mapping,0.034653465346534684,0.028122612681436232,-0.17326732673267342,0.034653465346534684,0.011752873173887513
P2,F1,13,t1_v2_new_ecdf_fixed_weights,0.010752688172043001,0.008333333333333304,-0.053763440860215006,-0.010752688172043001,0.012659635792462876
P2,F1,37,t1_v2_new_ecdf_fixed_weights,0.053763440860215006,0.0527777777777777,-0.26881720430107503,0.053763440860215006,0.1805823683935639
P2,F1,71,t1_v2_new_ecdf_fixed_weights,0.010752688172043001,0.016666666666666607,-0.053763440860215006,-0.010752688172043001,0.004763201265866879
P2,F2,13,t1_v2_new_ecdf_fixed_weights,-0.03448275862068961,-0.047489648033126275,0.17241379310344807,-0.03448275862068961,-0.06980211522919089
P2,F2,37,t1_v2_new_ecdf_fixed_weights,0.0,0.0,0.0,0.0,0.0006698655172162615
P2,F2,71,t1_v2_new_ecdf_fixed_weights,0.0,0.0,0.0,0.0,-0.004310999068573351
P2,F3,13,t1_v2_new_ecdf_fixed_weights,0.03960396039603964,0.04173522555875486,-0.1980198019801982,-0.03960396039603964,0.010787315695167554
P2,F3,37,t1_v2_new_ecdf_fixed_weights,0.01980198019801982,0.01720460911637378,-0.0990099009900991,-0.01980198019801982,0.0009405770396739843
P2,F3,71,t1_v2_new_ecdf_fixed_weights,0.004950495049504955,0.005952380952380931,-0.024752475247524774,0.004950495049504955,0.0014558515196574362
P2,F1,13,t1_v2_refit,0.010752688172043001,0.008333333333333304,-0.053763440860215006,-0.010752688172043001,0.012659635792462876
P2,F1,37,t1_v2_refit,0.010752688172043001,0.008333333333333304,-0.053763440860215006,0.010752688172043001,0.0350625679455584
P2,F1,71,t1_v2_refit,0.010752688172043001,0.016666666666666607,-0.053763440860215006,-0.010752688172043001,0.004763201265866879
P2,F2,13,t1_v2_refit,-0.027586206896551668,-0.03558488612836441,0.13793103448275834,-0.027586206896551668,-0.06980211522919089
P2,F2,37,t1_v2_refit,-0.006896551724137945,-0.004830917874396157,0.034482758620689724,-0.006896551724137945,-0.007977336590059725
P2,F2,71,t1_v2_refit,0.0,0.0,0.0,0.0,0.0
P2,F3,13,t1_v2_refit,0.044554455445544594,0.045411696146990144,-0.22277227722772297,-0.044554455445544594,0.019942011509631485
P2,F3,37,t1_v2_refit,0.024752475247524774,0.024544083367612823,-0.12376237623762387,-0.024752475247524774,0.010542592071970724
P2,F3,71,t1_v2_refit,0.004950495049504955,0.005952380952380931,-0.024752475247524774,0.004950495049504955,0.0014558515196574362
