block,partition,seed,split,records,temperature,uncertainty_replay_error,top_tail_msp_replay_error,spatial_inconsistency_replay_error,soft_dice_risk_binary_replay_error,sdc_exact_replay_error,cal_confusion_mismatches,temperature_changed_hard_pixels,temperature_changed_reference_valid_hard_pixels,temperature_changed_tile_losses
P1,F1,13,calibration,145,1.2861149456146719,0.0,0.0,0.0,0.0,0.0,0,0,0,0
P1,F1,13,test,93,1.2861149456146719,0.0,0.0,0.0,0.0,0.0,0,0,0,0
P1,F1,37,calibration,145,1.329013433773798,0.0,0.0,0.0,0.0,0.0,0,0,0,0
P1,F1,37,test,93,1.329013433773798,0.0,0.0,0.0,0.0,0.0,0,0,0,0
P1,F1,71,calibration,145,1.3992437478750352,0.0,0.0,0.0,0.0,0.0,0,0,0,0
P1,F1,71,test,93,1.3992437478750352,0.0,0.0,0.0,0.0,0.0,0,0,0,0
P1,F2,13,calibration,202,1.827537773044166,0.0,0.0,0.0,0.0,0.0,0,0,0,0
P1,F2,13,test,145,1.827537773044166,0.0,0.0,0.0,0.0,0.0,0,0,0,0
P1,F2,37,calibration,202,1.9472980369096413,0.0,0.0,0.0,0.0,0.0,0,0,0,0
P1,F2,37,test,145,1.9472980369096413,0.0,0.0,0.0,0.0,0.0,0,0,0,0
P1,F2,71,calibration,202,1.8636171955692646,0.0,0.0,0.0,0.0,0.0,0,0,0,0
P1,F2,71,test,145,1.8636171955692646,0.0,0.0,0.0,0.0,0.0,0,0,0,0
P1,F3,13,calibration,93,1.1338991717612819,0.0,0.0,0.0,0.0,0.0,0,0,0,0
P1,F3,13,test,202,1.1338991717612819,0.0,0.0,0.0,0.0,0.0,0,0,0,0
P1,F3,37,calibration,93,1.1342273049202038,0.0,0.0,0.0,0.0,0.0,0,0,0,0
P1,F3,37,test,202,1.1342273049202038,0.0,0.0,0.0,0.0,0.0,0,0,0,0
P1,F3,71,calibration,93,1.2109042184261218,0.0,0.0,0.0,0.0,0.0,0,0,0,0
P1,F3,71,test,202,1.2109042184261218,0.0,0.0,0.0,0.0,0.0,0,0,0,0
P2,F1,13,calibration,145,1.183432090332312,0.0,0.0,0.0,0.0,0.0,0,0,0,0
P2,F1,13,test,93,1.183432090332312,0.0,0.0,0.0,0.0,0.0,0,0,0,0
P2,F1,37,calibration,145,1.1632191993979653,0.0,0.0,0.0,0.0,0.0,0,0,0,0
P2,F1,37,test,93,1.1632191993979653,0.0,0.0,0.0,0.0,0.0,0,0,0,0
P2,F1,71,calibration,145,1.1710781219619135,0.0,0.0,0.0,0.0,0.0,0,0,0,0
P2,F1,71,test,93,1.1710781219619135,0.0,0.0,0.0,0.0,0.0,0,0,0,0
P2,F2,13,calibration,202,1.7294048565216196,0.0,0.0,0.0,0.0,0.0,0,0,0,0
P2,F2,13,test,145,1.7294048565216196,0.0,0.0,0.0,0.0,0.0,0,0,0,0
P2,F2,37,calibration,202,1.666260542348892,0.0,0.0,0.0,0.0,0.0,0,0,0,0
P2,F2,37,test,145,1.666260542348892,0.0,0.0,0.0,0.0,0.0,0,0,0,0
P2,F2,71,calibration,202,1.6327150318668142,0.0,0.0,0.0,0.0,0.0,0,0,0,0
P2,F2,71,test,145,1.6327150318668142,0.0,0.0,0.0,0.0,0.0,0,0,0,0
P2,F3,13,calibration,93,1.192337520819031,0.0,0.0,0.0,0.0,0.0,0,0,0,0
P2,F3,13,test,202,1.192337520819031,0.0,0.0,0.0,0.0,0.0,0,0,0,0
P2,F3,37,calibration,93,1.178275005455045,0.0,0.0,0.0,0.0,0.0,0,0,0,0
P2,F3,37,test,202,1.178275005455045,0.0,0.0,0.0,0.0,0.0,0,0,0,0
P2,F3,71,calibration,93,1.0412534116224255,0.0,0.0,0.0,0.0,0.0,0,0,0,0
P2,F3,71,test,202,1.0412534116224255,0.0,0.0,0.0,0.0,0.0,0,0,0,0
