block,arm,coverage_measure,mean_delta,minimum,maximum
P1,t1_v2_frozen_mapping,event_macro_area_coverage,-0.006041694211950961,-0.019949741437334856,0.0036489509462354075
P1,t1_v2_frozen_mapping,event_macro_hazard_coverage,0.011700191598978282,-0.12916221230428837,0.19495943698583174
P1,t1_v2_new_ecdf_fixed_weights,event_macro_area_coverage,0.00026566190060028916,-0.0017782880598751216,0.005649395251310252
P1,t1_v2_new_ecdf_fixed_weights,event_macro_hazard_coverage,-0.014576540393417233,-0.12914632527222825,0.02966779757683491
P1,t1_v2_refit,event_macro_area_coverage,0.001659125299880129,-0.000788116835975905,0.00835915867510939
P1,t1_v2_refit,event_macro_hazard_coverage,-0.008445390418237244,-0.1277365465532171,0.06697324870682453
P2,t1_v2_frozen_mapping,event_macro_area_coverage,0.001410140103347995,-0.005814128437088506,0.011526444762007926
P2,t1_v2_frozen_mapping,event_macro_hazard_coverage,-0.018752528506635533,-0.05788109657989704,0.0024950203968390205
P2,t1_v2_new_ecdf_fixed_weights,event_macro_area_coverage,-0.0015039251030501595,-0.008795798701677904,0.002655197446457258
P2,t1_v2_new_ecdf_fixed_weights,event_macro_hazard_coverage,-0.003763195468517913,-0.0478132474908497,0.03677373339891776
P2,t1_v2_refit,event_macro_area_coverage,-0.0012272036381957038,-0.011196832009946256,0.0026659784733655822
P2,t1_v2_refit,event_macro_hazard_coverage,0.0022796628433402345,-0.050234566124162994,0.03677373339891776
