block,arm,endpoint,metric,n,mean,sd,median,minimum,maximum,negative
P1,t1_sdc_exact,mean_tile_dice,delta_aurc,9,-0.005158400772912035,0.0034583561560723036,-0.004616605160112031,-0.009747433912176584,0.0007964500303719868,8
P1,t1_sdc_exact,mean_tile_dice,delta_risk_080,9,-0.0004002673704408975,0.004116967323362332,0.0005529486127311412,-0.006773702880258248,0.004358455887532364,4
P1,t1_sdc_exact,mean_tile_dice,delta_mean_risk_070_090,9,-0.0008843100321547719,0.003354368451892587,0.00015400782346441932,-0.0057384324312362844,0.004075834438683645,4
P1,t1_sdc_exact,mean_tile_iou,delta_aurc,9,-0.005225219753857226,0.003392029689228903,-0.0049457470807222625,-0.009752452841844172,0.0004084077384363116,8
P1,t1_sdc_exact,mean_tile_iou,delta_risk_080,9,-0.0005391121077752353,0.0029837308633679322,0.0003581986071584109,-0.005846586513346241,0.0026193691450379086,4
P1,t1_sdc_exact,mean_tile_iou,delta_mean_risk_070_090,9,-0.0008488795355924283,0.00238561104921096,-1.7090757616466945e-05,-0.004507029043422817,0.002635781309961005,5
P1,t1_sdc_exact,mean_tile_miou,delta_aurc,9,-0.005694284591487664,0.004603506134273054,-0.005002458171801616,-0.01748340279591873,-0.002295386608897665,9
P1,t1_sdc_exact,mean_tile_miou,delta_risk_080,9,-0.0012382103692222073,0.002321718838990106,-0.00016765055520340244,-0.005995934587255114,0.0012321217947235397,6
P1,t1_sdc_exact,mean_tile_miou,delta_mean_risk_070_090,9,-0.0009992476700153945,0.0012627967671245488,-0.00022715740615575353,-0.002836254483507439,0.0003391052322249122,7
P1,t1_sdc_exact,pooled_dice,delta_aurc,9,-0.0048528937742439065,0.002409726503338869,-0.0037650832288549374,-0.009511031967824907,-0.0027870386801235325,9
P1,t1_sdc_exact,pooled_dice,delta_risk_080,9,-0.0039117555580271595,0.008818892221962952,-0.0004910962455686452,-0.027172532747154143,-0.0002502842518575521,9
P1,t1_sdc_exact,pooled_dice,delta_mean_risk_070_090,9,-0.0025859767108383346,0.004968058139358748,-0.0005085827152115918,-0.01548177248063981,-3.234178314642788e-05,9
P1,t1_sdc_exact,pooled_iou,delta_aurc,9,-0.005824610105137952,0.0033666080751788455,-0.0041701316794893195,-0.013537729249328334,-0.0033395288901100217,9
P1,t1_sdc_exact,pooled_iou,delta_risk_080,9,-0.003891318773548295,0.008571101394156306,-0.0005759941554714931,-0.026537367776114706,-0.0003617559357936839,9
P1,t1_sdc_exact,pooled_iou,delta_mean_risk_070_090,9,-0.002594221036690757,0.004857261113362516,-0.000541236530326783,-0.015257960882791632,-7.855607662921038e-05,9
P1,t1_sdc_exact,pooled_miou,delta_aurc,9,-0.006576364692189727,0.0056243332064357335,-0.005254320191406536,-0.020693597683022535,-0.0024383059784724437,9
P1,t1_sdc_exact,pooled_miou,delta_risk_080,9,-0.0029337039941637086,0.00641643094529451,-0.000667579076582242,-0.019912201657239392,-0.00021946858576382677,9
P1,t1_sdc_exact,pooled_miou,delta_mean_risk_070_090,9,-0.0019379219357593155,0.0036504120446819717,-0.0007119408139022732,-0.011515113628295048,-0.00016009482671452968,9
P1,t1_soft_dice_risk_binary,mean_tile_dice,delta_aurc,9,-0.005158400772912035,0.0034583561560723036,-0.004616605160112031,-0.009747433912176584,0.0007964500303719868,8
P1,t1_soft_dice_risk_binary,mean_tile_dice,delta_risk_080,9,-0.0004002673704408975,0.004116967323362332,0.0005529486127311412,-0.006773702880258248,0.004358455887532364,4
P1,t1_soft_dice_risk_binary,mean_tile_dice,delta_mean_risk_070_090,9,-0.0008843100321547719,0.003354368451892587,0.00015400782346441932,-0.0057384324312362844,0.004075834438683645,4
P1,t1_soft_dice_risk_binary,mean_tile_iou,delta_aurc,9,-0.005225219753857226,0.003392029689228903,-0.0049457470807222625,-0.009752452841844172,0.0004084077384363116,8
P1,t1_soft_dice_risk_binary,mean_tile_iou,delta_risk_080,9,-0.0005391121077752353,0.0029837308633679322,0.0003581986071584109,-0.005846586513346241,0.0026193691450379086,4
P1,t1_soft_dice_risk_binary,mean_tile_iou,delta_mean_risk_070_090,9,-0.0008488795355924283,0.00238561104921096,-1.7090757616466945e-05,-0.004507029043422817,0.002635781309961005,5
P1,t1_soft_dice_risk_binary,mean_tile_miou,delta_aurc,9,-0.0056946100061517286,0.00460444366598261,-0.005002458171801616,-0.01748633152789536,-0.002295386608897665,9
P1,t1_soft_dice_risk_binary,mean_tile_miou,delta_risk_080,9,-0.0012382103692222257,0.0023217188389901165,-0.00016765055520340244,-0.005995934587255114,0.0012321217947235397,6
P1,t1_soft_dice_risk_binary,mean_tile_miou,delta_mean_risk_070_090,9,-0.0010000612066755868,0.0012618287655420393,-0.00022715740615575353,-0.00283625448350755,0.0003317834022833477,7
P1,t1_soft_dice_risk_binary,pooled_dice,delta_aurc,9,-0.004854342515872735,0.0024128789231270694,-0.0037650832288549374,-0.009524070642484422,-0.0027870386801235325,9
P1,t1_soft_dice_risk_binary,pooled_dice,delta_risk_080,9,-0.003911755558027147,0.008818892221962957,-0.0004910962455685342,-0.027172532747154143,-0.0002502842518575521,9
P1,t1_soft_dice_risk_binary,pooled_dice,delta_mean_risk_070_090,9,-0.0025895985649104255,0.004966517117025377,-0.0005085827152115363,-0.01548177248063981,-3.2341783146483394e-05,9
P1,t1_soft_dice_risk_binary,pooled_iou,delta_aurc,9,-0.005826194436743089,0.0033706924858693896,-0.0041701316794893195,-0.01355198823377457,-0.0033395288901100217,9
P1,t1_soft_dice_risk_binary,pooled_iou,delta_risk_080,9,-0.003891318773548295,0.008571101394156306,-0.0005759941554713821,-0.026537367776114706,-0.0003617559357936839,9
P1,t1_soft_dice_risk_binary,pooled_iou,delta_mean_risk_070_090,9,-0.002598181865703585,0.004855772444600455,-0.000541236530326783,-0.015257960882791632,-7.855607662921038e-05,9
P1,t1_soft_dice_risk_binary,pooled_miou,delta_aurc,9,-0.00657661901718764,0.0056250513705175245,-0.005254320191406536,-0.020695886608003755,-0.0024383059784725547,9
P1,t1_soft_dice_risk_binary,pooled_miou,delta_risk_080,9,-0.0029337039941636964,0.006416430945294515,-0.000667579076582242,-0.019912201657239392,-0.00021946858576377126,9
P1,t1_soft_dice_risk_binary,pooled_miou,delta_mean_risk_070_090,9,-0.001938557748254105,0.00365017230723657,-0.0007176631263553779,-0.011515113628295048,-0.00016009482671452968,9
P1,t1_spatial_inconsistency,mean_tile_dice,delta_aurc,9,0.005194151203004347,0.005395827303977588,0.0024401509589982995,0.0003275885993444527,0.016075526023098363,0
P1,t1_spatial_inconsistency,mean_tile_dice,delta_risk_080,9,0.005715865944655365,0.007916204574469862,0.004442637600902577,-0.002969595509127454,0.020104113224202913,1
P1,t1_spatial_inconsistency,mean_tile_dice,delta_mean_risk_070_090,9,0.004022873714959469,0.004547447604127475,0.001993674603812501,-0.00048182035382871025,0.01097762251275547,2
P1,t1_spatial_inconsistency,mean_tile_iou,delta_aurc,9,0.004380381365351694,0.004695533083421924,0.002501941393769691,9.92182987578083e-05,0.014420204830131289,0
P1,t1_spatial_inconsistency,mean_tile_iou,delta_risk_080,9,0.004837693821775951,0.006419435909689686,0.0041984521452602674,-0.002405695071397318,0.016710407968317242,1
P1,t1_spatial_inconsistency,mean_tile_iou,delta_mean_risk_070_090,9,0.003539581480487065,0.003899980489941054,0.002158001287456468,-0.00037128513265494156,0.00958740313922235,2
P1,t1_spatial_inconsistency,mean_tile_miou,delta_aurc,9,-0.0005586420758436566,0.0022516458339627743,0.0004903631904284445,-0.005128169920572023,0.0014484182672780954,3
P1,t1_spatial_inconsistency,mean_tile_miou,delta_risk_080,9,0.00266309363160449,0.003708090093659023,0.002113866555861932,-0.0016214259678658527,0.00902096826248927,1
P1,t1_spatial_inconsistency,mean_tile_miou,delta_mean_risk_070_090,9,0.001742932046423525,0.0018543752412238088,0.0009982163516139564,-0.00029572403140115666,0.004368825052148417,1
P1,t1_spatial_inconsistency,pooled_dice,delta_aurc,9,0.018703548480554697,0.026120054864599288,0.002111997446650138,3.140095143266963e-05,0.07313569101789286,0
P1,t1_spatial_inconsistency,pooled_dice,delta_risk_080,9,0.004594912593397104,0.013458808119897418,0.0,-0.01712493103377133,0.03180255923076375,2
P1,t1_spatial_inconsistency,pooled_dice,delta_mean_risk_070_090,9,0.0058450500603285695,0.00988537132806869,0.0010197740113572495,-0.0019208527140832932,0.024103183742159917,2
P1,t1_spatial_inconsistency,pooled_iou,delta_aurc,9,0.013549434654260457,0.019735497473604258,0.0024855603148066785,-0.0006117175105694872,0.057386778591842824,1
P1,t1_spatial_inconsistency,pooled_iou,delta_risk_080,9,0.003056706842094581,0.013104757814145574,0.0,-0.02323197675748312,0.024902279514909642,2
P1,t1_spatial_inconsistency,pooled_iou,delta_mean_risk_070_090,9,0.004668706688676805,0.008376929168278962,0.0016180969514133503,-0.0028947794427471862,0.019172309853410452,2
P1,t1_spatial_inconsistency,pooled_miou,delta_aurc,9,0.006238256572162892,0.00961382313387607,0.0014130759165617846,-0.00025712158211960157,0.02865726056354545,1
P1,t1_spatial_inconsistency,pooled_miou,delta_risk_080,9,0.0014337082227636497,0.006580625602596728,0.0,-0.01187993708148738,0.01208672401337052,2
P1,t1_spatial_inconsistency,pooled_miou,delta_mean_risk_070_090,9,0.0022506911700052898,0.004126145369737997,0.0007616346976617727,-0.001753387594639555,0.009476527352601682,3
P1,t1_top_tail_msp,mean_tile_dice,delta_aurc,9,0.0010280924303406017,0.0017980993716870425,0.0006225495065784736,-0.0013002574760726526,0.004628711895726667,3
P1,t1_top_tail_msp,mean_tile_dice,delta_risk_080,9,1.2335811384723961e-17,3.700743415417188e-17,0.0,0.0,1.1102230246251565e-16,0
P1,t1_top_tail_msp,mean_tile_dice,delta_mean_risk_070_090,9,0.00029219027327095605,0.0006858541955548551,5.551115123125783e-17,-0.0006177393109957352,0.001821636588976272,1
P1,t1_top_tail_msp,mean_tile_iou,delta_aurc,9,0.0008199488930885747,0.0016216565528584424,0.0005802676294015541,-0.0013805196559255606,0.004010412006430264,3
P1,t1_top_tail_msp,mean_tile_iou,delta_risk_080,9,0.0,0.0,0.0,0.0,0.0,0
P1,t1_top_tail_msp,mean_tile_iou,delta_mean_risk_070_090,9,0.0002527010155648737,0.0005930552674453701,1.1102230246251565e-16,-0.0005941863648658563,0.0015292534852575645,1
P1,t1_top_tail_msp,mean_tile_miou,delta_aurc,9,-0.0010776420472875525,0.002541671817608295,-8.916729305513682e-05,-0.006803274071655097,0.0020943325724026574,6
P1,t1_top_tail_msp,mean_tile_miou,delta_risk_080,9,0.0,0.0,0.0,0.0,0.0,0
P1,t1_top_tail_msp,mean_tile_miou,delta_mean_risk_070_090,9,0.0001333689560238074,0.0002993464281444302,0.0,-0.0002960527075496211,0.0007582520967129858,1
P1,t1_top_tail_msp,pooled_dice,delta_aurc,9,0.006475640463028568,0.010131905833742683,0.00039662500622542063,-0.0009222891152103063,0.022840071634375514,4
P1,t1_top_tail_msp,pooled_dice,delta_risk_080,9,0.0,0.0,0.0,0.0,0.0,0
P1,t1_top_tail_msp,pooled_dice,delta_mean_risk_070_090,9,0.001011730044253102,0.001970000926849345,0.0,-0.0015679878501014821,0.004469408675141229,1
P1,t1_top_tail_msp,pooled_iou,delta_aurc,9,0.004645168953270305,0.007268452461804844,0.0004778399560796953,-0.0009472031449978546,0.015926018810275,4
P1,t1_top_tail_msp,pooled_iou,delta_risk_080,9,0.0,0.0,0.0,0.0,0.0,0
P1,t1_top_tail_msp,pooled_iou,delta_mean_risk_070_090,9,0.0008802778519639842,0.0017500420691248344,0.0,-0.0015374348475969413,0.003956843125074383,1
P1,t1_top_tail_msp,pooled_miou,delta_aurc,9,0.0023456265431022905,0.0036404957206721492,0.00024097814280948926,-0.0004776136452805946,0.007974868285237413,4
P1,t1_top_tail_msp,pooled_miou,delta_risk_080,9,0.0,0.0,0.0,0.0,0.0,0
P1,t1_top_tail_msp,pooled_miou,delta_mean_risk_070_090,9,0.00044768289709115307,0.0008810952123075001,0.0,-0.000767314259656926,0.0019705919460596966,1
P1,t1_uncertainty,mean_tile_dice,delta_aurc,9,0.0016804856529458426,0.002418330630032346,0.0009081686954947044,-0.001977044358651092,0.005774391278093982,1
P1,t1_uncertainty,mean_tile_dice,delta_risk_080,9,0.0007341531370582195,0.002202459411174783,0.0,-1.1102230246251565e-16,0.006607378233524308,3
P1,t1_uncertainty,mean_tile_dice,delta_mean_risk_070_090,9,0.0002739217493596464,0.0007263130004841339,0.0,-0.00042882726101434177,0.0016182276299936404,3
P1,t1_uncertainty,mean_tile_iou,delta_aurc,9,0.001270671152982973,0.0021067210492358595,0.0008951610157951206,-0.0023997161435734826,0.004782965795398275,1
P1,t1_uncertainty,mean_tile_iou,delta_risk_080,9,0.0006665656708586543,0.0019996970125759628,0.0,0.0,0.005999091037727888,0
P1,t1_uncertainty,mean_tile_iou,delta_mean_risk_070_090,9,0.00023718374510866495,0.0006613540184299023,0.0,-0.0004516561319244383,0.0014394589826577375,2
P1,t1_uncertainty,mean_tile_miou,delta_aurc,9,-0.0001980161715950267,0.0016054120122268086,9.218585313774952e-06,-0.0023756642025674624,0.0027736746689691616,4
P1,t1_uncertainty,mean_tile_miou,delta_risk_080,9,0.0007175709062700227,0.002152712718810131,0.0,-1.1102230246251565e-16,0.006458138156430371,2
P1,t1_uncertainty,mean_tile_miou,delta_mean_risk_070_090,9,0.00023661115844973867,0.0005749530940205084,0.0,-0.00023441877112190257,0.0015656194095916565,2
P1,t1_uncertainty,pooled_dice,delta_aurc,9,0.008301873626511278,0.012823953822008651,0.0033828055669765655,-0.00408735027643764,0.039476506221683194,2
P1,t1_uncertainty,pooled_dice,delta_risk_080,9,0.0063446013250642525,0.01903380397519276,0.0,0.0,0.05710141192557827,0
P1,t1_uncertainty,pooled_dice,delta_mean_risk_070_090,9,0.002575099586320918,0.005241583454365081,0.0,-0.0011403977774965268,0.014370722483285414,2
P1,t1_uncertainty,pooled_iou,delta_aurc,9,0.005588270487057678,0.009620300941123245,0.00258244939978558,-0.005675215758366492,0.02828983352421599,2
P1,t1_uncertainty,pooled_iou,delta_risk_080,9,0.0045545415766312285,0.013663624729893686,0.0,0.0,0.04099087418968106,0
P1,t1_uncertainty,pooled_iou,delta_mean_risk_070_090,9,0.001974293649269993,0.003940256002688326,0.0,-0.0008346384273136831,0.010363998642993533,2
P1,t1_uncertainty,pooled_miou,delta_aurc,9,0.0029500842539262762,0.004815010650168568,0.0015094674813913578,-0.002846210179069719,0.014087619329590462,2
P1,t1_uncertainty,pooled_miou,delta_risk_080,9,0.002705140386872492,0.008115421160617475,0.0,0.0,0.024346263481852426,0
P1,t1_uncertainty,pooled_miou,delta_mean_risk_070_090,9,0.0010998770445165469,0.0022397692172054498,0.0,-0.00042853850100588176,0.006131323361195762,2
P1,t1_v2_frozen_mapping,mean_tile_dice,delta_aurc,9,0.015865172271505204,0.020845485940303127,0.010951457866702707,-0.003125165145079878,0.06767743966519357,1
P1,t1_v2_frozen_mapping,mean_tile_dice,delta_risk_080,9,-0.004708521983370418,0.008939442149099796,-0.0029386884060704777,-0.020349500497203188,0.006440196451668434,7
P1,t1_v2_frozen_mapping,mean_tile_dice,delta_mean_risk_070_090,9,-0.0025217277155156637,0.008826514295557704,0.00024671423432731654,-0.017634261549815067,0.00747773054035189,4
P1,t1_v2_frozen_mapping,mean_tile_iou,delta_aurc,9,0.01545373431698805,0.0207804745657472,0.012491622118771528,-0.002284074540384151,0.06770922902472076,1
P1,t1_v2_frozen_mapping,mean_tile_iou,delta_risk_080,9,-0.0032573903027790876,0.0076470310013814925,-0.001944254087341557,-0.015877144942938792,0.008143210543549717,7
P1,t1_v2_frozen_mapping,mean_tile_iou,delta_mean_risk_070_090,9,-0.0013834778246828439,0.0078113291718785016,0.00020142679417389786,-0.014002369533727244,0.009318865456804937,4
P1,t1_v2_frozen_mapping,mean_tile_miou,delta_aurc,9,0.007975142910757441,0.010699631826327955,0.0071488534610003596,-0.0035272016797178174,0.03047325275775875,3
P1,t1_v2_frozen_mapping,mean_tile_miou,delta_risk_080,9,0.004895579551062469,0.008703102453926715,0.001167394433067681,-0.006325293271982002,0.017962602571981734,4
P1,t1_v2_frozen_mapping,mean_tile_miou,delta_mean_risk_070_090,9,0.005661552411673099,0.008842523478852624,0.00262566666480446,-0.004454565115909803,0.017845378263739886,4
P1,t1_v2_frozen_mapping,pooled_dice,delta_aurc,9,0.010755824642837468,0.020441507728501358,0.004529353326703067,-0.00946906980861345,0.045619827001512764,4
P1,t1_v2_frozen_mapping,pooled_dice,delta_risk_080,9,-0.004962814284525157,0.015076038018062999,-0.00033068973322103457,-0.033193721277526955,0.02024258138394089,5
P1,t1_v2_frozen_mapping,pooled_dice,delta_mean_risk_070_090,9,-0.002364167948569837,0.011086112991890362,-0.002608383723867458,-0.016999349098166028,0.016935072778857307,5
P1,t1_v2_frozen_mapping,pooled_iou,delta_aurc,9,0.011886323434001157,0.021527129460876485,0.004485679139068721,-0.009628899458570928,0.04696394183710345,4
P1,t1_v2_frozen_mapping,pooled_iou,delta_risk_080,9,-0.004355174021449717,0.01649477871703014,-0.00039999291685388627,-0.029821861960048657,0.02576722151916383,5
P1,t1_v2_frozen_mapping,pooled_iou,delta_mean_risk_070_090,9,-0.0012731195606082836,0.0128055969807661,-0.0025722882885083065,-0.016838061659036452,0.02193023705901298,7
P1,t1_v2_frozen_mapping,pooled_miou,delta_aurc,9,0.002647812981546507,0.010571566498027235,0.001785425636575605,-0.008979724386444898,0.021746534755306274,4
P1,t1_v2_frozen_mapping,pooled_miou,delta_risk_080,9,-0.0025484304294500124,0.00965836043866026,-0.0004160965146469131,-0.02136712012924169,0.012042006141891382,5
P1,t1_v2_frozen_mapping,pooled_miou,delta_mean_risk_070_090,9,-0.0010485999776968452,0.0063892933597771455,-0.0014521618574590556,-0.008827525721133767,0.010079556701208858,7
P1,t1_v2_new_ecdf_fixed_weights,mean_tile_dice,delta_aurc,9,0.000915838017414282,0.005424502391271199,0.00044880226017396385,-0.005874962055243793,0.009836903250354856,4
P1,t1_v2_new_ecdf_fixed_weights,mean_tile_dice,delta_risk_080,9,-0.0009197016331118851,0.0024956380578783073,5.551115123125783e-17,-0.006779720911235576,0.0014837809658911905,4
P1,t1_v2_new_ecdf_fixed_weights,mean_tile_dice,delta_mean_risk_070_090,9,-0.00021624527038893726,0.0035763673685460335,0.0008076695527272637,-0.007900828590129583,0.004632423590326562,4
P1,t1_v2_new_ecdf_fixed_weights,mean_tile_iou,delta_aurc,9,0.0008024501815250273,0.004750732151028444,0.0007065988978071092,-0.0046694334774372015,0.009341152120106444,4
P1,t1_v2_new_ecdf_fixed_weights,mean_tile_iou,delta_risk_080,9,-0.0010105207013452805,0.0023732947898964956,-6.1293811735030346e-06,-0.006903086339814735,0.0008262789724589048,5
P1,t1_v2_new_ecdf_fixed_weights,mean_tile_iou,delta_mean_risk_070_090,9,-0.0005992460920236272,0.003230859098563158,0.0004483437099525034,-0.008182106447460313,0.003011316019879473,4
P1,t1_v2_new_ecdf_fixed_weights,mean_tile_miou,delta_aurc,9,-0.0010117564109618504,0.003352235727324343,-0.0013142003780846068,-0.006860232415638046,0.00435209553569893,5
P1,t1_v2_new_ecdf_fixed_weights,mean_tile_miou,delta_risk_080,9,-0.0012172672921393778,0.0014668169576665894,-0.0005216472729061561,-0.004458879894289169,0.0,8
P1,t1_v2_new_ecdf_fixed_weights,mean_tile_miou,delta_mean_risk_070_090,9,-0.0005195152196500649,0.0011572710514871358,-0.0005123818082191645,-0.003154396913259472,0.0009122353769011604,6
P1,t1_v2_new_ecdf_fixed_weights,pooled_dice,delta_aurc,9,-0.0038387608238083424,0.003984912766082875,-0.003580129913418162,-0.011436804678441381,0.003938241428893985,8
P1,t1_v2_new_ecdf_fixed_weights,pooled_dice,delta_risk_080,9,-0.006336763596600172,0.008837994411123956,-0.0020703291847357086,-0.025191001440881877,0.0,8
P1,t1_v2_new_ecdf_fixed_weights,pooled_dice,delta_mean_risk_070_090,9,-0.0040126031688458574,0.004151231245383132,-0.00421717677013167,-0.011596555907674444,0.003420547414015679,8
P1,t1_v2_new_ecdf_fixed_weights,pooled_iou,delta_aurc,9,-0.0038518660755482745,0.004340619192859389,-0.0038242766270210615,-0.010794290048247612,0.005253079736845856,8
P1,t1_v2_new_ecdf_fixed_weights,pooled_iou,delta_risk_080,9,-0.006709223944056992,0.008859186107635083,-0.001721112128743263,-0.021966582409680413,0.0,8
P1,t1_v2_new_ecdf_fixed_weights,pooled_iou,delta_mean_risk_070_090,9,-0.004658597885970833,0.005568924936177884,-0.004434097625413358,-0.01576059173319977,0.004186754188719333,8
P1,t1_v2_new_ecdf_fixed_weights,pooled_miou,delta_aurc,9,-0.003962305984610929,0.0035706823065506776,-0.003707663123600158,-0.010754043275303216,0.002467950320149598,8
P1,t1_v2_new_ecdf_fixed_weights,pooled_miou,delta_risk_080,9,-0.004369730450745673,0.006202897580024304,-0.0014602355660192634,-0.016593644965858412,0.00020978415290912045,7
P1,t1_v2_new_ecdf_fixed_weights,pooled_miou,delta_mean_risk_070_090,9,-0.002949014551011949,0.003501706767004463,-0.0033781040216265823,-0.009960085480915426,0.0030151493051497336,8
P1,t1_v2_refit,mean_tile_dice,delta_aurc,9,-0.0024031045355787806,0.008487303646689138,-0.0009769585549686544,-0.01877586584174551,0.008292544647761746,5
P1,t1_v2_refit,mean_tile_dice,delta_risk_080,9,-0.0013822626717418702,0.0027249702570737618,5.551115123125783e-17,-0.0061025994151732155,0.0017803486649609068,4
P1,t1_v2_refit,mean_tile_dice,delta_mean_risk_070_090,9,-0.001498115819369551,0.002471902515656853,-0.0005787612360833028,-0.0063468549544158925,0.0010831695590983736,7
P1,t1_v2_refit,mean_tile_iou,delta_aurc,9,-0.0017928799798635547,0.0075878294423687605,-0.0006591948766113687,-0.01672930033213782,0.007903899848274498,5
P1,t1_v2_refit,mean_tile_iou,delta_risk_080,9,-0.0010659634584025597,0.0018603921181950791,-0.0003676204477114364,-0.004612827256946894,0.0011241546973232985,5
P1,t1_v2_refit,mean_tile_iou,delta_mean_risk_070_090,9,-0.001134580524751029,0.0018936323120532339,-0.00023614860014009587,-0.0047400905051651065,0.0009535635447930346,7
P1,t1_v2_refit,mean_tile_miou,delta_aurc,9,-0.00016536167584478104,0.0029492463794139586,0.0003792882582354107,-0.005023715988885513,0.004029899050295993,3
P1,t1_v2_refit,mean_tile_miou,delta_risk_080,9,-0.0003402724648419484,0.0024313906533763004,-0.0002450706081891796,-0.004112444864257769,0.00464312591984084,5
P1,t1_v2_refit,mean_tile_miou,delta_mean_risk_070_090,9,0.001018327192907151,0.002010445275354066,0.00029405149483408,-0.0012997750983270717,0.005367785573745343,3
P1,t1_v2_refit,pooled_dice,delta_aurc,9,-0.0027919553449768006,0.003404066655713522,-0.0021533744615476746,-0.00805762813289157,0.0035822678541174435,8
P1,t1_v2_refit,pooled_dice,delta_risk_080,9,-0.002496805208485482,0.01034869167085299,-8.564197575511301e-05,-0.022063778366558318,0.014187441470992823,5
P1,t1_v2_refit,pooled_dice,delta_mean_risk_070_090,9,0.001206632420777432,0.00570884714773222,0.00021918574064222485,-0.0071859974848275665,0.011286612025466491,4
P1,t1_v2_refit,pooled_iou,delta_aurc,9,-0.0026678013650196044,0.003507881789171232,-0.003267259728521321,-0.0072537538043902505,0.004704263291302968,7
P1,t1_v2_refit,pooled_iou,delta_risk_080,9,-0.0024157571095332034,0.01078712496587912,-0.00010150638393158218,-0.019601787620189715,0.015528837400732298,5
P1,t1_v2_refit,pooled_iou,delta_mean_risk_070_090,9,0.0015584227917698448,0.006596521580552307,0.0003353023954622558,-0.009726062924182544,0.012599274900209623,4
P1,t1_v2_refit,pooled_miou,delta_aurc,9,-0.0018284603629276364,0.0024058364934895406,-0.0012933591437200576,-0.006734331414149142,0.002470489394190367,8
P1,t1_v2_refit,pooled_miou,delta_risk_080,9,-0.0016900806950788784,0.007337828623411814,-2.396146738842253e-05,-0.014686520342972798,0.010427706268718584,5
P1,t1_v2_refit,pooled_miou,delta_mean_risk_070_090,9,0.000916002024333232,0.004332887434510749,4.553325287917631e-05,-0.0061223143472046715,0.008235875398665327,4
P2,t1_sdc_exact,mean_tile_dice,delta_aurc,9,-0.0018262339922895264,0.0025069822895403037,-0.001999921884433209,-0.005980840943349441,0.002940616141450414,8
P2,t1_sdc_exact,mean_tile_dice,delta_risk_080,9,-0.0004922024650454499,0.0013191352702073642,0.0,-0.0039403077908233275,0.00029593662976296065,4
P2,t1_sdc_exact,mean_tile_dice,delta_mean_risk_070_090,9,-0.0004332051270812203,0.0010710589363519683,-0.0003983586258539118,-0.0018847226301008657,0.0018251278999426024,8
P2,t1_sdc_exact,mean_tile_iou,delta_aurc,9,-0.0014981684209829556,0.002268686982364021,-0.001640449269810551,-0.005032032815158405,0.0028941299838987633,7
P2,t1_sdc_exact,mean_tile_iou,delta_risk_080,9,-0.00032185490940001623,0.0008180284434380322,0.0,-0.002431173322785307,0.0001686364632300652,3
P2,t1_sdc_exact,mean_tile_iou,delta_mean_risk_070_090,9,-0.0003413353722625399,0.0007611466817225302,-0.00022101378331051968,-0.0012561728074588219,0.001194976621757604,8
P2,t1_sdc_exact,mean_tile_miou,delta_aurc,9,-0.0032485242722305,0.0020568844138354955,-0.0028274862802973866,-0.006306729312731324,-0.0005326017128606253,9
P2,t1_sdc_exact,mean_tile_miou,delta_risk_080,9,-0.00020244696154903604,0.0003982865337002438,-1.1102230246251565e-16,-0.0012006242512302978,3.0342164743513145e-06,5
P2,t1_sdc_exact,mean_tile_miou,delta_mean_risk_070_090,9,-0.00022963590019250044,0.0003574116803192547,-9.921594548251145e-05,-0.0007478127424159209,0.0003855499751310165,8
P2,t1_sdc_exact,pooled_dice,delta_aurc,9,-0.002260835524297816,0.0012618104355504658,-0.002331957501451598,-0.004454051355845423,0.0004131868895665969,8
P2,t1_sdc_exact,pooled_dice,delta_risk_080,9,-0.00019243962179261534,0.0002777259450260416,0.0,-0.0005661842337189582,0.0001386099661435103,4
P2,t1_sdc_exact,pooled_dice,delta_mean_risk_070_090,9,-0.00035889891235223333,0.0005649475901978327,-0.00015431424238515623,-0.0017847032317765965,-4.291999162686633e-06,9
P2,t1_sdc_exact,pooled_iou,delta_aurc,9,-0.002898172401760873,0.0018002760222668964,-0.002607567528984389,-0.006103037106368947,0.00020287176851951916,8
P2,t1_sdc_exact,pooled_iou,delta_risk_080,9,-0.00017509267648999996,0.0002783794826071205,0.0,-0.0005670432063714648,0.00021316269669058308,4
P2,t1_sdc_exact,pooled_iou,delta_mean_risk_070_090,9,-0.0004400180260812779,0.0007361386585410809,-0.0001195070047516067,-0.00224958717337842,-4.355463895544531e-06,9
P2,t1_sdc_exact,pooled_miou,delta_aurc,9,-0.004191637963607057,0.0035894709461046686,-0.002632492494325178,-0.009543441762785487,-0.0005736382096478976,9
P2,t1_sdc_exact,pooled_miou,delta_risk_080,9,-4.621745200799548e-05,0.000321660271507711,0.0,-0.0005634324575053973,0.0005571082263350347,3
P2,t1_sdc_exact,pooled_miou,delta_mean_risk_070_090,9,-0.00038671929237508854,0.0007388419794292901,-0.00015391333623282488,-0.002286626887752552,4.464234431278413e-05,8
P2,t1_soft_dice_risk_binary,mean_tile_dice,delta_aurc,9,-0.0018262339922895264,0.0025069822895403037,-0.001999921884433209,-0.005980840943349441,0.002940616141450414,8
P2,t1_soft_dice_risk_binary,mean_tile_dice,delta_risk_080,9,-0.0004922024650454499,0.0013191352702073642,0.0,-0.0039403077908233275,0.00029593662976296065,4
P2,t1_soft_dice_risk_binary,mean_tile_dice,delta_mean_risk_070_090,9,-0.0004332051270812203,0.0010710589363519683,-0.0003983586258539118,-0.0018847226301008657,0.0018251278999426024,8
P2,t1_soft_dice_risk_binary,mean_tile_iou,delta_aurc,9,-0.0014981684209829556,0.002268686982364021,-0.001640449269810551,-0.005032032815158405,0.0028941299838987633,7
P2,t1_soft_dice_risk_binary,mean_tile_iou,delta_risk_080,9,-0.00032185490940001623,0.0008180284434380322,0.0,-0.002431173322785307,0.0001686364632300652,3
P2,t1_soft_dice_risk_binary,mean_tile_iou,delta_mean_risk_070_090,9,-0.0003413353722625399,0.0007611466817225302,-0.00022101378331051968,-0.0012561728074588219,0.001194976621757604,8
P2,t1_soft_dice_risk_binary,mean_tile_miou,delta_aurc,9,-0.003342424033256146,0.0020079545348924764,-0.003044388499629569,-0.006306729312731324,-0.0005326017128606253,9
P2,t1_soft_dice_risk_binary,mean_tile_miou,delta_risk_080,9,-0.0006890744515283758,0.0014236530954476504,-3.7506426898703538e-06,-0.004338044386643702,3.0342164743513145e-06,5
P2,t1_soft_dice_risk_binary,mean_tile_miou,delta_mean_risk_070_090,9,-0.0005933542049935619,0.0008285906876466739,-0.0005289405096209343,-0.0024503621259873154,0.0003855499751310165,8
P2,t1_soft_dice_risk_binary,pooled_dice,delta_aurc,9,-0.0022880455176440212,0.0012342095387695437,-0.0023761584957474047,-0.004454051355845423,0.00030199742017028575,8
P2,t1_soft_dice_risk_binary,pooled_dice,delta_risk_080,9,-0.0003508900871237977,0.00043329604291948357,-0.00026620447540162684,-0.0010811471805952655,0.0001386099661435103,5
P2,t1_soft_dice_risk_binary,pooled_dice,delta_mean_risk_070_090,9,-0.0004501105379612655,0.0005589224759653553,-0.00022529697064199716,-0.0017847032317765965,-3.519843468607897e-05,9
P2,t1_soft_dice_risk_binary,pooled_iou,delta_aurc,9,-0.002932964044486397,0.0017654621198230803,-0.0026857955953316637,-0.006103037106368947,5.8141659357802133e-05,8
P2,t1_soft_dice_risk_binary,pooled_iou,delta_risk_080,9,-0.0003807810816146562,0.0005218593889628518,-0.00032484489224771096,-0.0012565025374111638,0.00021316269669058308,5
P2,t1_soft_dice_risk_binary,pooled_iou,delta_mean_risk_070_090,9,-0.0005586420719185803,0.00072555409514457,-0.0002907697950776944,-0.00224958717337842,-3.126383981333358e-05,9
P2,t1_soft_dice_risk_binary,pooled_miou,delta_aurc,9,-0.004215884935940874,0.003567864354997362,-0.0026539297702054543,-0.009543441762785487,-0.0006609004858535439,9
P2,t1_soft_dice_risk_binary,pooled_miou,delta_risk_080,9,-0.00016596643660745278,0.00043191584494194687,0.0,-0.0007516683851400696,0.0005571082263350347,4
P2,t1_soft_dice_risk_binary,pooled_miou,delta_mean_risk_070_090,9,-0.0004499635093749936,0.0007228957264834621,-0.00017184617076476671,-0.002286626887752552,2.107192603451047e-05,8
P2,t1_spatial_inconsistency,mean_tile_dice,delta_aurc,9,0.002111067009894089,0.002053681029611491,0.0016144444610461939,-0.00048405836048648343,0.006697680537896322,1
P2,t1_spatial_inconsistency,mean_tile_dice,delta_risk_080,9,0.003223044895397351,0.00354050744083398,0.001760203900074253,0.0,0.009154096147465873,0
P2,t1_spatial_inconsistency,mean_tile_dice,delta_mean_risk_070_090,9,0.0023633000631213172,0.0017345614723045522,0.002288524036866524,0.0005285651688247128,0.005881902953347784,0
P2,t1_spatial_inconsistency,mean_tile_iou,delta_aurc,9,0.001712224502089521,0.0017710346234008985,0.0012827639024277637,-0.0002678022756480436,0.005906788119916406,1
P2,t1_spatial_inconsistency,mean_tile_iou,delta_risk_080,9,0.0025104607519336433,0.002694749750934467,0.0012871451193050554,0.0,0.006976262565280944,0
P2,t1_spatial_inconsistency,mean_tile_iou,delta_mean_risk_070_090,9,0.001737397620025733,0.0013657063613125445,0.001744065641320236,0.00027715305356945663,0.004583978566387814,0
P2,t1_spatial_inconsistency,mean_tile_miou,delta_aurc,9,-0.0007317373908833234,0.0032894296707590216,0.0004102763415141375,-0.006804925089834879,0.0026674384866041123,3
P2,t1_spatial_inconsistency,mean_tile_miou,delta_risk_080,9,0.0005147096378096652,0.00122083182488661,0.0003660655856657091,-0.001466532499020512,0.0029192374185292858,2
P2,t1_spatial_inconsistency,mean_tile_miou,delta_mean_risk_070_090,9,0.0006528550262115407,0.0008653133566911053,0.0005261931486889027,-0.00036663312475515575,0.002109892310105499,2
P2,t1_spatial_inconsistency,pooled_dice,delta_aurc,9,0.0008453220919794489,0.0029002713675199093,0.0016356643452785646,-0.006038999389848976,0.0038933312806838094,2
P2,t1_spatial_inconsistency,pooled_dice,delta_risk_080,9,0.0007190260638426525,0.0038705272874805397,0.0,-0.005810495231716284,0.008072919527002287,4
P2,t1_spatial_inconsistency,pooled_dice,delta_mean_risk_070_090,9,0.0007465570374802469,0.004774059495236576,0.000706458354626821,-0.00950950767527814,0.006974453368696565,3
P2,t1_spatial_inconsistency,pooled_iou,delta_aurc,9,0.0008325820543940278,0.0023040762313711943,0.001589969489311005,-0.004695545110089072,0.002984154940204986,2
P2,t1_spatial_inconsistency,pooled_iou,delta_risk_080,9,0.0004982236052342529,0.004177252824748521,0.0,-0.007512871413986155,0.007638667053680992,4
P2,t1_spatial_inconsistency,pooled_iou,delta_mean_risk_070_090,9,0.00036492114499359074,0.0048518014992972956,0.0008401316015198002,-0.010811664048927416,0.006144956602162632,3
P2,t1_spatial_inconsistency,pooled_miou,delta_aurc,9,-1.4241392054809627e-05,0.001983352531519418,0.000620020795693732,-0.0040831324692046644,0.0021184973142506225,3
P2,t1_spatial_inconsistency,pooled_miou,delta_risk_080,9,-0.0004422480064327587,0.0032776194291413954,0.0,-0.008326542371215773,0.0033575411581296954,4
P2,t1_spatial_inconsistency,pooled_miou,delta_mean_risk_070_090,9,-4.143670847407533e-05,0.0027150579660686126,0.0006968561212637447,-0.006184493794218926,0.0028969046417254285,3
P2,t1_top_tail_msp,mean_tile_dice,delta_aurc,9,0.00011714050391130481,0.0005059738783722167,0.0,-0.0002957120408576541,0.0013483418839983496,4
P2,t1_top_tail_msp,mean_tile_dice,delta_risk_080,9,0.0,0.0,0.0,0.0,0.0,0
P2,t1_top_tail_msp,mean_tile_dice,delta_mean_risk_070_090,9,1.225748409133192e-05,0.00025333152809725113,0.0,-0.0004508384165079482,0.0004958633141995961,3
P2,t1_top_tail_msp,mean_tile_iou,delta_aurc,9,2.141123410073467e-05,0.0004462777370545946,0.0,-0.000531771202086806,0.001066432389012606,4
P2,t1_top_tail_msp,mean_tile_iou,delta_risk_080,9,0.0,5.551115123125783e-17,0.0,-1.1102230246251565e-16,1.1102230246251565e-16,1
P2,t1_top_tail_msp,mean_tile_iou,delta_mean_risk_070_090,9,2.6396110107228408e-05,0.0002579209183388268,0.0,-0.00035838442262658976,0.0005815129449837642,2
P2,t1_top_tail_msp,mean_tile_miou,delta_aurc,9,-9.221942665315557e-05,0.00041353539869397413,-4.500390700035162e-05,-0.0008501908951381587,0.0007298196479663677,5
P2,t1_top_tail_msp,mean_tile_miou,delta_risk_080,9,0.0,0.0,0.0,0.0,0.0,0
P2,t1_top_tail_msp,mean_tile_miou,delta_mean_risk_070_090,9,1.3208597164021057e-05,0.00012963260563306266,0.0,-0.00018437418889455381,0.00029003107595249045,2
P2,t1_top_tail_msp,pooled_dice,delta_aurc,9,0.0006856850704101198,0.0025925570972609073,0.0,-0.0014400004347810968,0.007202729817247677,4
P2,t1_top_tail_msp,pooled_dice,delta_risk_080,9,0.0,0.0,0.0,0.0,0.0,0
P2,t1_top_tail_msp,pooled_dice,delta_mean_risk_070_090,9,0.00038608006994547385,0.0016302566066921467,0.0,-0.0007512064511295824,0.004626803121986656,2
P2,t1_top_tail_msp,pooled_iou,delta_aurc,9,0.0004059851043120751,0.0015330764689101188,0.0,-0.0009735465526639064,0.004182458072372719,4
P2,t1_top_tail_msp,pooled_iou,delta_risk_080,9,0.0,0.0,0.0,0.0,0.0,0
P2,t1_top_tail_msp,pooled_iou,delta_mean_risk_070_090,9,0.0002911532601298012,0.0013219999058401172,0.0,-0.0008027162170096691,0.0037105717556897844,2
P2,t1_top_tail_msp,pooled_miou,delta_aurc,9,0.00020162567444312638,0.0007684822626262301,0.0,-0.00044142886624715105,0.0021007370201934217,4
P2,t1_top_tail_msp,pooled_miou,delta_risk_080,9,0.0,0.0,0.0,0.0,0.0,0
P2,t1_top_tail_msp,pooled_miou,delta_mean_risk_070_090,9,0.00014505583722613914,0.0006611124347438484,0.0,-0.00040097247190712393,0.0018541605764019753,2
P2,t1_uncertainty,mean_tile_dice,delta_aurc,9,0.00029181825515540224,0.0008905877530846226,7.618568805134451e-05,-0.0006057527190360679,0.0025070039962259427,3
P2,t1_uncertainty,mean_tile_dice,delta_risk_080,9,-0.0001984511359092167,0.0005953534077276501,0.0,-0.0017860602231829503,0.0,1
P2,t1_uncertainty,mean_tile_dice,delta_mean_risk_070_090,9,-6.579895220739897e-05,0.00015067827126354094,0.0,-0.0004465150557957376,0.0,2
P2,t1_uncertainty,mean_tile_iou,delta_aurc,9,0.00021846272542673054,0.0006718260925675241,7.868211551298465e-06,-0.00046490981000801845,0.0018810318674552517,4
P2,t1_uncertainty,mean_tile_iou,delta_risk_080,9,-0.00018177548095194625,0.0005453264428558386,0.0,-0.0016359793285675162,0.0,1
P2,t1_uncertainty,mean_tile_iou,delta_mean_risk_070_090,9,-6.994532214218048e-05,0.0001465740651901994,0.0,-0.00040899483214174026,0.0,2
P2,t1_uncertainty,mean_tile_miou,delta_aurc,9,-0.00011415537490043019,0.0006935191016732761,-2.0872461011955945e-05,-0.0011179667493371181,0.0013114869049882238,6
P2,t1_uncertainty,mean_tile_miou,delta_risk_080,9,-7.625921448085727e-05,0.00022877764344257182,0.0,-0.0006863329303277155,0.0,1
P2,t1_uncertainty,mean_tile_miou,delta_mean_risk_070_090,9,-7.187602766439088e-05,0.00016157675873889436,0.0,-0.00047530101639758904,0.0,2
P2,t1_uncertainty,pooled_dice,delta_aurc,9,0.002114739280914916,0.004459877117436816,0.00010936134387451446,-0.0010733688103976013,0.013122727022385594,4
P2,t1_uncertainty,pooled_dice,delta_risk_080,9,-0.00020624959287559832,0.000618748778626795,0.0,-0.001856246335880385,0.0,1
P2,t1_uncertainty,pooled_dice,delta_mean_risk_070_090,9,-6.089796260588809e-05,0.00015371868413894356,0.0,-0.0004640615839701656,0.0,2
P2,t1_uncertainty,pooled_iou,delta_aurc,9,0.0014477193658897953,0.0032180519275825143,7.934355425598394e-05,-0.0005779343066064646,0.00960381981785391,4
P2,t1_uncertainty,pooled_iou,delta_risk_080,9,-0.00023302064580045368,0.000699061937401361,0.0,-0.002097185812204083,0.0,1
P2,t1_uncertainty,pooled_iou,delta_mean_risk_070_090,9,-6.885163032045572e-05,0.00017367964224974575,0.0,-0.0005242964530510763,0.0,2
P2,t1_uncertainty,pooled_miou,delta_aurc,9,0.0007328587698344707,0.0017356570796001575,4.053892901856315e-05,-0.0004624334670813024,0.005137983983448224,4
P2,t1_uncertainty,pooled_miou,delta_risk_080,9,-0.0001031125254470232,0.00030933757634106956,0.0,-0.0009280127290232087,0.0,1
P2,t1_uncertainty,pooled_miou,delta_mean_risk_070_090,9,-2.8856508999826797e-05,7.67290547082485e-05,0.0,-0.00023200318225574668,0.0,2
P2,t1_v2_frozen_mapping,mean_tile_dice,delta_aurc,9,0.010548081581411493,0.012291443731496422,0.00781770463261311,-0.003756167651710607,0.02872915757005967,2
P2,t1_v2_frozen_mapping,mean_tile_dice,delta_risk_080,9,0.0012583743790523577,0.003529436463952748,7.614942262990088e-05,-0.002261389699990124,0.007270449338641072,3
P2,t1_v2_frozen_mapping,mean_tile_dice,delta_mean_risk_070_090,9,0.001228432304574059,0.0036493360521326146,0.0007694332930374692,-0.004326960413336689,0.007898621681431739,4
P2,t1_v2_frozen_mapping,mean_tile_iou,delta_aurc,9,0.009919144562488566,0.010478894817207238,0.007839967222584177,-0.0016894537105889285,0.02638003700267655,2
P2,t1_v2_frozen_mapping,mean_tile_iou,delta_risk_080,9,0.0015066065296234345,0.0031080346628176757,0.0007524091323054538,-0.0012604264115434471,0.0069798695363234575,3
P2,t1_v2_frozen_mapping,mean_tile_iou,delta_mean_risk_070_090,9,0.0014358013239699947,0.0033036276351208283,0.00100817902978656,-0.0036202653635597493,0.007900340095314262,4
P2,t1_v2_frozen_mapping,mean_tile_miou,delta_aurc,9,0.010483041680176972,0.014189114669996422,0.005161481900653797,-0.0031254714693926267,0.03365060603530662,2
P2,t1_v2_frozen_mapping,mean_tile_miou,delta_risk_080,9,0.006621080019275916,0.009952230820280076,0.0006222556881807506,-0.0005385982472948525,0.02192021595671606,3
P2,t1_v2_frozen_mapping,mean_tile_miou,delta_mean_risk_070_090,9,0.006308336950400272,0.008320336331103871,0.0013124954787755438,0.00016270615593727555,0.01871157379960392,0
P2,t1_v2_frozen_mapping,pooled_dice,delta_aurc,9,0.014879154478319924,0.020866592436154543,0.005167137763286256,-0.008523261206054455,0.0442208907140022,2
P2,t1_v2_frozen_mapping,pooled_dice,delta_risk_080,9,0.007189206187188978,0.008248322474493645,0.004619179808393048,-0.0003976521679726619,0.020566996216537847,1
P2,t1_v2_frozen_mapping,pooled_dice,delta_mean_risk_070_090,9,0.006622668310668782,0.006068144608195941,0.0034394207518952113,0.000239383328963505,0.017034168006197337,0
P2,t1_v2_frozen_mapping,pooled_iou,delta_aurc,9,0.013079424879678274,0.01695449229167375,0.0074303646529527145,-0.009062542759238124,0.04030444891937773,2
P2,t1_v2_frozen_mapping,pooled_iou,delta_risk_080,9,0.007508904337556206,0.007775994788305392,0.007178058797078668,0.0,0.019584304316279777,0
P2,t1_v2_frozen_mapping,pooled_iou,delta_mean_risk_070_090,9,0.006907020009977807,0.005720319196775037,0.004710557451842068,0.0006921253893853452,0.016704593784711785,0
P2,t1_v2_frozen_mapping,pooled_miou,delta_aurc,9,0.0034697357845608562,0.00628179827615561,0.003553411167486864,-0.008543099305643176,0.011576646650391376,2
P2,t1_v2_frozen_mapping,pooled_miou,delta_risk_080,9,0.003055653350763826,0.0033912462182724584,0.0024930541131813477,-9.692061289556797e-05,0.008536129523614544,1
P2,t1_v2_frozen_mapping,pooled_miou,delta_mean_risk_070_090,9,0.0027226797182316404,0.0023984623253437403,0.001821409873628388,0.0002685158736142057,0.006866018415614683,0
P2,t1_v2_new_ecdf_fixed_weights,mean_tile_dice,delta_aurc,9,0.00034331945158070737,0.003823676621068614,0.0001225409250900089,-0.004566911497821957,0.00792808173821613,4
P2,t1_v2_new_ecdf_fixed_weights,mean_tile_dice,delta_risk_080,9,-0.0009673946994708249,0.0038037791814566056,-0.0008074510101097054,-0.0071887952577468495,0.006086700433985848,5
P2,t1_v2_new_ecdf_fixed_weights,mean_tile_dice,delta_mean_risk_070_090,9,0.0007297151361626132,0.002375392629851424,0.0007248275253022296,-0.0023630323815667653,0.0042573180325768956,4
P2,t1_v2_new_ecdf_fixed_weights,mean_tile_iou,delta_aurc,9,0.0004366579621049274,0.0033612125172507463,0.0001045586917894914,-0.0044009595863319095,0.006895838544880184,4
P2,t1_v2_new_ecdf_fixed_weights,mean_tile_iou,delta_risk_080,9,-0.0011211352506717257,0.003041434462246521,-0.00042343597763416785,-0.0065031067082605976,0.003882924690950418,5
P2,t1_v2_new_ecdf_fixed_weights,mean_tile_iou,delta_mean_risk_070_090,9,0.0003906434923427336,0.0017864506375300374,0.0005407976458416952,-0.0020647361991403823,0.0028287863472076236,4
P2,t1_v2_new_ecdf_fixed_weights,mean_tile_miou,delta_aurc,9,0.00016680414379196786,0.0014609821384320603,0.0008571898973986913,-0.0029305352354561665,0.0018477507149656791,3
P2,t1_v2_new_ecdf_fixed_weights,mean_tile_miou,delta_risk_080,9,-0.0013729097581114773,0.0016849383031222254,-0.0009396726999548743,-0.004338044386643591,0.000847693830383689,7
P2,t1_v2_new_ecdf_fixed_weights,mean_tile_miou,delta_mean_risk_070_090,9,-0.00021740592033776048,0.0006185548901890249,-0.0003858290525885488,-0.0011019731623134188,0.0006101936568021493,5
P2,t1_v2_new_ecdf_fixed_weights,pooled_dice,delta_aurc,9,-0.000313737015476064,0.003775961175036367,-0.0001431217278545227,-0.0075693918122134995,0.004724308738772831,5
P2,t1_v2_new_ecdf_fixed_weights,pooled_dice,delta_risk_080,9,-0.003968994527678762,0.003268264015470649,-0.002563407512901572,-0.008342604995898228,0.00036334016545302994,8
P2,t1_v2_new_ecdf_fixed_weights,pooled_dice,delta_mean_risk_070_090,9,-0.0018259874503734619,0.002394659037843283,-0.0019154405609685121,-0.005075588301753087,0.001987010115899135,7
P2,t1_v2_new_ecdf_fixed_weights,pooled_iou,delta_aurc,9,-0.0008858847773286555,0.004555372150991991,-0.00015635703010608015,-0.011241173428565343,0.004309679747938722,5
P2,t1_v2_new_ecdf_fixed_weights,pooled_iou,delta_risk_080,9,-0.004491138379344599,0.0038026480809400043,-0.002681140869882359,-0.010552129931321985,0.0003235582680793936,8
P2,t1_v2_new_ecdf_fixed_weights,pooled_iou,delta_mean_risk_070_090,9,-0.0022777299979777435,0.002996106100615114,-0.002536044794207881,-0.008072959116073197,0.002014126224974877,7
P2,t1_v2_new_ecdf_fixed_weights,pooled_miou,delta_aurc,9,-0.0013315380698923412,0.002691457471675951,-0.0001289114584370754,-0.005917380430156605,0.0012792799802199273,7
P2,t1_v2_new_ecdf_fixed_weights,pooled_miou,delta_risk_080,9,-0.002754626770103969,0.002523836613603707,-0.0026435063326005204,-0.006748357857495613,0.00015558979644553217,8
P2,t1_v2_new_ecdf_fixed_weights,pooled_miou,delta_mean_risk_070_090,9,-0.0014799253377928948,0.0018811481506377965,-0.0014624917818308603,-0.004731634262111595,0.0012117914740903402,7
P2,t1_v2_refit,mean_tile_dice,delta_aurc,9,-0.0019385586774844242,0.006665988771336063,-0.0001676190076779216,-0.010965824486959708,0.006009407436669112,5
P2,t1_v2_refit,mean_tile_dice,delta_risk_080,9,-0.0024533186873121338,0.003729330919294923,-0.0018504441933354654,-0.008378599768001704,0.001965569253778332,6
P2,t1_v2_refit,mean_tile_dice,delta_mean_risk_070_090,9,-0.000570024730725871,0.0022633852273078155,-0.0010644884609510852,-0.004380637378665786,0.0022540140089352123,5
P2,t1_v2_refit,mean_tile_iou,delta_aurc,9,-0.0014336040484639507,0.005728733930490923,-0.0001680580621927774,-0.009450398469778687,0.005100404201397235,5
P2,t1_v2_refit,mean_tile_iou,delta_risk_080,9,-0.002226476439884273,0.0030281430798297015,-0.0015016419992832652,-0.00670261670882466,0.0012192406528763744,6
P2,t1_v2_refit,mean_tile_iou,delta_mean_risk_070_090,9,-0.0006268335379860071,0.0016826840316426224,-0.0009288757818096682,-0.003415330319878729,0.0013700380987508032,5
P2,t1_v2_refit,mean_tile_miou,delta_aurc,9,0.000303034372332663,0.0015533286847003135,0.0007765470721649015,-0.0028064803076748857,0.002094927121704393,4
P2,t1_v2_refit,mean_tile_miou,delta_risk_080,9,-0.0007350461365554198,0.001684059314723978,-0.0005841117104100069,-0.0032324654605850878,0.0013992816655415408,6
P2,t1_v2_refit,mean_tile_miou,delta_mean_risk_070_090,9,7.68726123607788e-05,0.000625448647172313,6.752094075135329e-06,-0.0006551778006450015,0.0011363623166125714,4
P2,t1_v2_refit,pooled_dice,delta_aurc,9,-2.8231890108208296e-05,0.0050998064632976955,-0.0005496097828537327,-0.007910776771645534,0.010100784257995099,5
P2,t1_v2_refit,pooled_dice,delta_risk_080,9,-0.0011068578373351593,0.006430122231335973,-0.0012498128709552692,-0.009001237203602408,0.009296506129301552,7
P2,t1_v2_refit,pooled_dice,delta_mean_risk_070_090,9,-0.00019231851156016456,0.0015884198988838944,-0.00043094251648520543,-0.0019481790821543332,0.0021324013126713948,5
P2,t1_v2_refit,pooled_iou,delta_aurc,9,-0.000402601573690949,0.006763373084962032,-0.0004132898628524395,-0.011186889410253142,0.011741754422962325,5
P2,t1_v2_refit,pooled_iou,delta_risk_080,9,-0.0018323584704533892,0.006288313372754994,-0.0012728182180246073,-0.009774700823957871,0.007362233248093597,7
P2,t1_v2_refit,pooled_iou,delta_mean_risk_070_090,9,-0.0005332160758848262,0.0015335833733755072,-0.0005204678321697465,-0.002378277640049109,0.0015318916476004807,5
P2,t1_v2_refit,pooled_miou,delta_aurc,9,-0.00045190052420226073,0.0035753476525688154,-0.0004063551018730349,-0.004991410798074192,0.006731874856194975,5
P2,t1_v2_refit,pooled_miou,delta_risk_080,9,-0.0006217853170294255,0.004719997729030217,-0.000740822562333987,-0.007411866051886096,0.007172160389348425,7
P2,t1_v2_refit,pooled_miou,delta_mean_risk_070_090,9,-0.00012222770562470627,0.0012198091378183343,-1.0888714841894576e-05,-0.0015716149174646588,0.0014458056447465006,5
