block,condition,endpoint,mean_delta_aurc,sd,minimum,maximum,negative
P1,calibrated,mean_tile_miou,-0.006170234373094435,0.022251406646147238,-0.03435112654976252,0.03516148069728045,6
P1,calibrated,pooled_miou,-0.03433076034036639,0.016162440370394212,-0.06576905113689677,-0.013761625109284858,9
P1,calibrated,mean_tile_dice,0.06022967594140284,0.07364411012684155,-0.01819195694604836,0.17805297718479754,2
P1,calibrated,pooled_dice,-0.01319416641585134,0.017432516821913865,-0.034626566294069294,0.020983755767571055,7
P1,t1_refit,mean_tile_miou,-0.0006413114574515513,0.025285644426249206,-0.028333967092447954,0.04129826127589367,6
P1,t1_refit,pooled_miou,-0.0295828560111043,0.012182779688064195,-0.04312632455987053,-0.009397919179927328,9
P1,t1_refit,mean_tile_dice,0.06298497217873611,0.07842763090488143,-0.0202537700933495,0.18006287457989698,2
P1,t1_refit,pooled_dice,-0.011133227986584233,0.018576687190481098,-0.03612744394340617,0.0219814988418241,7
P2,calibrated,mean_tile_miou,-0.009316893043115719,0.016242842291907117,-0.02959051422400577,0.013321470012402747,6
P2,calibrated,pooled_miou,-0.04006573757044683,0.014782251387454516,-0.06584194829070436,-0.021917985632997683,9
P2,calibrated,mean_tile_dice,0.07300989872772018,0.05901751018859284,-0.0020250167087597637,0.15830177880959562,1
P2,calibrated,pooled_dice,-0.019825136952635374,0.01341738043956779,-0.045619590187380765,-0.0010672897274650595,9
P2,t1_refit,mean_tile_miou,-0.005765334398552557,0.017754043391019773,-0.025041397675521382,0.01889713793905967,6
P2,t1_refit,pooled_miou,-0.036326000131042036,0.011269575696186857,-0.05629421324858411,-0.01905374573041191,9
P2,t1_refit,mean_tile_dice,0.0728975740425253,0.057968850062001476,0.00026742317066424937,0.15524212747224014,0
P2,t1_refit,pooled_dice,-0.017592533318445767,0.011677867541887377,-0.03303653226221509,0.005370665432887056,8
