block,event_id,mean,minimum,maximum,count
P1,BOL,0.5447365684076823,0.41674393285254957,0.7015872945623046,0.8000000000000002
P1,ESP,0.8478803082472536,0.7157058534185932,0.9336871618298082,0.8000000000000002
P1,GHA,0.375450342849098,0.3448801124443491,0.3919332950210141,0.8125
P1,IND,0.9443530138573207,0.92918406671237,0.9551013942383592,0.8088235294117648
P1,KHM,0.5686205879400238,0.55446920390761,0.5969233560048514,0.8000000000000002
P1,LKA,0.5387698430591512,0.4929041841534578,0.5732326820150568,0.8095238095238096
P1,NGA,0.46632472569599487,0.3420704564479166,0.528451860320034,0.8333333333333334
P1,PAK,0.9945845643960536,0.9917490889515687,0.9962987494635419,0.8214285714285715
P1,PRY,0.8282357308153495,0.741900231612599,0.8830474998591344,0.8030303030303031
P1,SOM,0.9322727458944158,0.8419036839502785,0.9774572768664843,0.8076923076923078
P1,USA,0.8056096184773396,0.7650847980035247,0.8667243337832363,0.8115942028985508
P2,BOL,0.5176045195739775,0.41674393285254957,0.7015872945623046,0.8000000000000002
P2,ESP,0.805791441219872,0.7612051155927201,0.8289434333497294,0.8000000000000002
P2,GHA,0.7562442156475822,0.7355342145166762,0.7718155192588644,0.8125
P2,IND,0.9395608376243234,0.8993843033025305,0.9628895141251246,0.8088235294117648
P2,KHM,0.510287070490242,0.48819600378155803,0.55446920390761,0.8000000000000002
P2,LKA,0.9577980241237604,0.9017960526147875,0.9859155648534853,0.8095238095238096
P2,NGA,0.543838852136744,0.528451860320034,0.5746128357701642,0.8333333333333334
P2,PAK,0.9142105363257563,0.8323968574100673,0.9621415653908267,0.8214285714285715
P2,PRY,0.9493662533622379,0.9373949068952939,0.970581344657934,0.8030303030303031
P2,SOM,0.9959051340168273,0.9904964429543629,0.9998971043447691,0.8076923076923078
P2,USA,0.8868962248752409,0.872954619459172,0.9115468458324323,0.8115942028985508
