block,partition,seed,held_event,endpoint,nonnegative_ridge,soft_dice,delta
P1,F1,13,GHA,fixed_full_event_class_miou_risk,0.22192541236477847,0.2670765217850802,-0.045151109420301705
P1,F1,13,GHA,foreground_dice_risk,0.2869800854986661,0.30376105520512353,-0.016780969706457427
P1,F1,13,GHA,foreground_iou_risk,0.43312392425387186,0.45416591798510364,-0.02104199373123178
P1,F1,13,GHA,present_class_miou_risk,0.22192541236477847,0.2670765217850802,-0.045151109420301705
P1,F1,13,GHA,tile_mean_present_class_miou_risk,0.24278991035134834,0.3087586394376246,-0.06596872908627627
P1,F1,13,PAK,fixed_full_event_class_miou_risk,0.3853719194435468,0.40973317976672646,-0.024361260323179645
P1,F1,13,PAK,foreground_dice_risk,0.5401719525791626,0.49952730556998187,0.040644647009180745
P1,F1,13,PAK,foreground_iou_risk,0.6682973316242526,0.6419631876505922,0.026334143973660407
P1,F1,13,PAK,present_class_miou_risk,0.3853719194435468,0.40973317976672646,-0.024361260323179645
P1,F1,13,PAK,tile_mean_present_class_miou_risk,0.40649706526349455,0.42620261723073294,-0.01970555196723839
P1,F1,13,USA,fixed_full_event_class_miou_risk,0.21225216852450762,0.19181646946747544,0.020435699057032186
P1,F1,13,USA,foreground_dice_risk,0.2714185577509722,0.21326476917565418,0.058153788575318
P1,F1,13,USA,foreground_iou_risk,0.41272470825075946,0.3438389644053711,0.06888574384538837
P1,F1,13,USA,present_class_miou_risk,0.21225216852450762,0.19181646946747544,0.020435699057032186
P1,F1,13,USA,tile_mean_present_class_miou_risk,0.27873903422331475,0.23397191476041368,0.04476711946290107
P1,F1,37,GHA,fixed_full_event_class_miou_risk,0.20825950441891097,0.2439527105414306,-0.03569320612251964
P1,F1,37,GHA,foreground_dice_risk,0.25998690036046856,0.2679826274342192,-0.007995727073750625
P1,F1,37,GHA,foreground_iou_risk,0.40253434112203273,0.4129597273711786,-0.010425386249145852
P1,F1,37,GHA,present_class_miou_risk,0.20825950441891097,0.2439527105414306,-0.03569320612251964
P1,F1,37,GHA,tile_mean_present_class_miou_risk,0.24910743376545552,0.2992771612930375,-0.050169727527581975
P1,F1,37,PAK,fixed_full_event_class_miou_risk,0.3823835899400806,0.41743700488203195,-0.035053414941951355
P1,F1,37,PAK,foreground_dice_risk,0.5338510499903547,0.4982700505670961,0.0355809994232586
P1,F1,37,PAK,foreground_iou_risk,0.6620493954367074,0.6411181719714095,0.020931223465297855
P1,F1,37,PAK,present_class_miou_risk,0.3823835899400806,0.41743700488203195,-0.035053414941951355
P1,F1,37,PAK,tile_mean_present_class_miou_risk,0.4187747497848368,0.42932323158364827,-0.01054848179881146
P1,F1,37,USA,fixed_full_event_class_miou_risk,0.2404996830789238,0.2279231280595431,0.012576555019380709
P1,F1,37,USA,foreground_dice_risk,0.3153574772206809,0.261059681981876,0.0542977952388049
P1,F1,37,USA,foreground_iou_risk,0.46191542290610477,0.4029159225531464,0.05899950035295837
P1,F1,37,USA,present_class_miou_risk,0.2404996830789238,0.2279231280595431,0.012576555019380709
P1,F1,37,USA,tile_mean_present_class_miou_risk,0.30968419711032197,0.27550322258324655,0.034180974527075414
P1,F1,71,GHA,fixed_full_event_class_miou_risk,0.2466413587900222,0.3102212855431565,-0.06357992675313429
P1,F1,71,GHA,foreground_dice_risk,0.3109033630690813,0.37531628021361435,-0.06441291714453307
P1,F1,71,GHA,foreground_iou_risk,0.4590670711587827,0.5296615354453407,-0.07059446428655797
P1,F1,71,GHA,present_class_miou_risk,0.2466413587900222,0.3102212855431565,-0.06357992675313429
P1,F1,71,GHA,tile_mean_present_class_miou_risk,0.2739602081917429,0.32422768441189287,-0.05026747622014999
P1,F1,71,PAK,fixed_full_event_class_miou_risk,0.3073763168921676,0.37549038323335515,-0.06811406634118755
P1,F1,71,PAK,foreground_dice_risk,0.3818029161388772,0.44913307528157626,-0.06733015914269908
P1,F1,71,PAK,foreground_iou_risk,0.5276491365240878,0.5961617017540118,-0.068512565229924
P1,F1,71,PAK,present_class_miou_risk,0.3073763168921676,0.37549038323335515,-0.06811406634118755
P1,F1,71,PAK,tile_mean_present_class_miou_risk,0.3736179930998533,0.39074982688111176,-0.017131833781258488
P1,F1,71,USA,fixed_full_event_class_miou_risk,0.26671095940030004,0.20327914958984508,0.06343180981045496
P1,F1,71,USA,foreground_dice_risk,0.3914113405353221,0.23250852071368752,0.1589028198216346
P1,F1,71,USA,foreground_iou_risk,0.5211326657371421,0.368226498918771,0.1529061668183711
P1,F1,71,USA,present_class_miou_risk,0.26671095940030004,0.20327914958984508,0.06343180981045496
P1,F1,71,USA,tile_mean_present_class_miou_risk,0.37310685068467847,0.27086455956520833,0.10224229111947014
P1,F2,13,IND,fixed_full_event_class_miou_risk,0.17074564979027843,0.22405985980185103,-0.053314210011572605
P1,F2,13,IND,foreground_dice_risk,0.17607668775745228,0.21745020207096766,-0.04137351431351538
P1,F2,13,IND,foreground_iou_risk,0.2903960214027803,0.34648951039243914,-0.056093488989658824
P1,F2,13,IND,present_class_miou_risk,0.17074564979027843,0.22405985980185103,-0.053314210011572605
P1,F2,13,IND,tile_mean_present_class_miou_risk,0.3300611204611553,0.31054347069266,0.01951764976849535
P1,F2,13,LKA,fixed_full_event_class_miou_risk,0.22786679851240488,0.27961521718415705,-0.05174841867175217
P1,F2,13,LKA,foreground_dice_risk,0.28425114661940865,0.3298705931748081,-0.04561944655539946
P1,F2,13,LKA,foreground_iou_risk,0.42870167230044914,0.47584096614126015,-0.047139293840811
P1,F2,13,LKA,present_class_miou_risk,0.22786679851240488,0.27961521718415705,-0.05174841867175217
P1,F2,13,LKA,tile_mean_present_class_miou_risk,0.29250041402057353,0.28133099338272266,0.011169420637850869
P1,F2,13,PRY,fixed_full_event_class_miou_risk,0.1435186654788006,0.2189866089375622,-0.0754679434587616
P1,F2,13,PRY,foreground_dice_risk,0.16058832362076036,0.2470896026112142,-0.08650127899045384
P1,F2,13,PRY,foreground_iou_risk,0.2620583980796945,0.3802674873872397,-0.1182090893075452
P1,F2,13,PRY,present_class_miou_risk,0.1435186654788006,0.2189866089375622,-0.0754679434587616
P1,F2,13,PRY,tile_mean_present_class_miou_risk,0.2354695727354197,0.22773834631419895,0.00773122642122076
P1,F2,13,SOM,fixed_full_event_class_miou_risk,0.6043252051062828,0.6086760450224343,-0.004350839916151483
P1,F2,13,SOM,foreground_dice_risk,0.722969153388023,0.7190726746434274,0.003896478744595644
P1,F2,13,SOM,foreground_iou_risk,0.8010430328146976,0.798813381960326,0.0022296508543715454
P1,F2,13,SOM,present_class_miou_risk,0.6043252051062828,0.6086760450224343,-0.004350839916151483
P1,F2,13,SOM,tile_mean_present_class_miou_risk,0.6061405024791124,0.6086514007273294,-0.0025108982482169306
P1,F2,37,IND,fixed_full_event_class_miou_risk,0.2475331778128451,0.22517875455174055,0.02235442326110454
P1,F2,37,IND,foreground_dice_risk,0.30758863528101144,0.21912550375714096,0.08846313152387048
P1,F2,37,IND,foreground_iou_risk,0.45253150940589154,0.34824084652294707,0.10429066288294447
P1,F2,37,IND,present_class_miou_risk,0.2475331778128451,0.22517875455174055,0.02235442326110454
P1,F2,37,IND,tile_mean_present_class_miou_risk,0.35836530721782694,0.31364856341390474,0.04471674380392221
P1,F2,37,LKA,fixed_full_event_class_miou_risk,0.326716037231453,0.34144845292247794,-0.014732415691024958
P1,F2,37,LKA,foreground_dice_risk,0.48189096756888017,0.44326246926977275,0.03862849829910742
P1,F2,37,LKA,foreground_iou_risk,0.623698058053623,0.5913954810223162,0.03230257703130679
P1,F2,37,LKA,present_class_miou_risk,0.326716037231453,0.34144845292247794,-0.014732415691024958
P1,F2,37,LKA,tile_mean_present_class_miou_risk,0.34683038226199087,0.34733681885706025,-0.0005064365950693817
P1,F2,37,PRY,fixed_full_event_class_miou_risk,0.12139889025111379,0.22356134200108657,-0.10216245174997278
P1,F2,37,PRY,foreground_dice_risk,0.13393874558479396,0.2548905402175068,-0.12095179463271283
P1,F2,37,PRY,foreground_iou_risk,0.22447758118135464,0.38697180750327786,-0.16249422632192323
P1,F2,37,PRY,present_class_miou_risk,0.12139889025111379,0.22356134200108657,-0.10216245174997278
P1,F2,37,PRY,tile_mean_present_class_miou_risk,0.22083338448846082,0.2233702532252743,-0.002536868736813469
P1,F2,37,SOM,fixed_full_event_class_miou_risk,0.638319016335635,0.6700813870827178,-0.03176237074708277
P1,F2,37,SOM,foreground_dice_risk,0.7581877958578858,0.7451998369967173,0.012987958861168436
P1,F2,37,SOM,foreground_iou_risk,0.8217277147377736,0.8142325104137843,0.007495204323989313
P1,F2,37,SOM,present_class_miou_risk,0.638319016335635,0.6700813870827178,-0.03176237074708277
P1,F2,37,SOM,tile_mean_present_class_miou_risk,0.6492267697242645,0.6708711555013622,-0.021644385777097708
P1,F2,71,IND,fixed_full_event_class_miou_risk,0.1852115956635052,0.22375458222433345,-0.038542986560828246
P1,F2,71,IND,foreground_dice_risk,0.19667170706792597,0.21963195759366888,-0.02296025052574291
P1,F2,71,IND,foreground_iou_risk,0.32004313547195606,0.34831246036378377,-0.028269324891827707
P1,F2,71,IND,present_class_miou_risk,0.1852115956635052,0.22375458222433345,-0.038542986560828246
P1,F2,71,IND,tile_mean_present_class_miou_risk,0.34090138333112513,0.315642977172505,0.025258406158620128
P1,F2,71,LKA,fixed_full_event_class_miou_risk,0.29388892624051105,0.3074027659713489,-0.013513839730837862
P1,F2,71,LKA,foreground_dice_risk,0.4135067737644593,0.3980602234459028,0.015446550318556518
P1,F2,71,LKA,foreground_iou_risk,0.5601767746967043,0.5472391329382588,0.012937641758445584
P1,F2,71,LKA,present_class_miou_risk,0.29388892624051105,0.3074027659713489,-0.013513839730837862
P1,F2,71,LKA,tile_mean_present_class_miou_risk,0.3365624099680704,0.3313812768418435,0.005181133126226922
P1,F2,71,PRY,fixed_full_event_class_miou_risk,0.12503938819061547,0.19766205200086767,-0.0726226638102522
P1,F2,71,PRY,foreground_dice_risk,0.13795989670816203,0.22439179595932077,-0.08643189925115874
P1,F2,71,PRY,foreground_iou_risk,0.23068839643760392,0.3468790672551315,-0.1161906708175276
P1,F2,71,PRY,present_class_miou_risk,0.12503938819061547,0.19766205200086767,-0.0726226638102522
P1,F2,71,PRY,tile_mean_present_class_miou_risk,0.22765818274021662,0.22286345468593685,0.004794728054279773
P1,F2,71,SOM,fixed_full_event_class_miou_risk,0.5937039527925891,0.6257492399249742,-0.03204528713238508
P1,F2,71,SOM,foreground_dice_risk,0.7461569055269823,0.7324644053533096,0.01369250017367274
P1,F2,71,SOM,foreground_iou_risk,0.814674009420673,0.8068540724541016,0.007819936966571461
P1,F2,71,SOM,present_class_miou_risk,0.5937039527925891,0.6257492399249742,-0.03204528713238508
P1,F2,71,SOM,tile_mean_present_class_miou_risk,0.5988656658604612,0.627777717573706,-0.028912051713244846
P1,F3,13,BOL,fixed_full_event_class_miou_risk,0.1942177410528372,0.19586824165708774,-0.0016505006042505377
P1,F3,13,BOL,foreground_dice_risk,0.1674784134466697,0.1629913206860801,0.004487092760589589
P1,F3,13,BOL,foreground_iou_risk,0.28166503709747226,0.2754297449981734,0.00623529209929885
P1,F3,13,BOL,present_class_miou_risk,0.1942177410528372,0.19586824165708774,-0.0016505006042505377
P1,F3,13,BOL,tile_mean_present_class_miou_risk,0.269099862392703,0.25337231943347777,0.015727542959225238
P1,F3,13,ESP,fixed_full_event_class_miou_risk,0.15701290939826051,0.16205636913422405,-0.00504345973596354
P1,F3,13,ESP,foreground_dice_risk,0.13369881418648752,0.13560350630412865,-0.0019046921176411324
P1,F3,13,ESP,foreground_iou_risk,0.23101842473647663,0.23403088946743564,-0.003012464730959008
P1,F3,13,ESP,present_class_miou_risk,0.15701290939826051,0.16205636913422405,-0.00504345973596354
P1,F3,13,ESP,tile_mean_present_class_miou_risk,0.22943202824766387,0.23259837359306282,-0.0031663453453989465
P1,F3,13,KHM,fixed_full_event_class_miou_risk,0.08222757299795908,0.1021255923872483,-0.01989801938928923
P1,F3,13,KHM,foreground_dice_risk,0.0551876901724065,0.0601924072510061,-0.005004717078599598
P1,F3,13,KHM,foreground_iou_risk,0.10369578130668465,0.11264446244854305,-0.0089486811418584
P1,F3,13,KHM,present_class_miou_risk,0.08222757299795908,0.1021255923872483,-0.01989801938928923
P1,F3,13,KHM,tile_mean_present_class_miou_risk,0.1355260329989071,0.15012334577243397,-0.014597312773526883
P1,F3,13,NGA,fixed_full_event_class_miou_risk,0.20198775396641638,0.207844122284438,-0.00585636831802161
P1,F3,13,NGA,foreground_dice_risk,0.13941605101086152,0.14138310011431568,-0.0019670491034541604
P1,F3,13,NGA,foreground_iou_risk,0.2404233016108828,0.24369309111305926,-0.0032697895021764622
P1,F3,13,NGA,present_class_miou_risk,0.20198775396641638,0.207844122284438,-0.00585636831802161
P1,F3,13,NGA,tile_mean_present_class_miou_risk,0.28480750586052794,0.29186036435055907,-0.007052858490031122
P1,F3,37,BOL,fixed_full_event_class_miou_risk,0.15106173962519975,0.15432962317298893,-0.0032678835477891743
P1,F3,37,BOL,foreground_dice_risk,0.12700996530927755,0.12349206653870051,0.003517898770577038
P1,F3,37,BOL,foreground_iou_risk,0.22148167297271867,0.21617728182939083,0.005304391143327841
P1,F3,37,BOL,present_class_miou_risk,0.15106173962519975,0.15432962317298893,-0.0032678835477891743
P1,F3,37,BOL,tile_mean_present_class_miou_risk,0.23220825876907664,0.22091633810365446,0.011291920665422173
P1,F3,37,ESP,fixed_full_event_class_miou_risk,0.12546705668301705,0.13440771815198155,-0.008940661468964495
P1,F3,37,ESP,foreground_dice_risk,0.1092759518382115,0.1136186196117633,-0.0043426677735518004
P1,F3,37,ESP,foreground_iou_risk,0.19282278533467845,0.2001858895403017,-0.00736310420562325
P1,F3,37,ESP,present_class_miou_risk,0.12546705668301705,0.13440771815198155,-0.008940661468964495
P1,F3,37,ESP,tile_mean_present_class_miou_risk,0.19719318084714874,0.20083212659090985,-0.003638945743761113
P1,F3,37,KHM,fixed_full_event_class_miou_risk,0.06811631838888124,0.0722632226632041,-0.004146904274322863
P1,F3,37,KHM,foreground_dice_risk,0.04821526096619623,0.050251754307106405,-0.0020364933409101754
P1,F3,37,KHM,foreground_iou_risk,0.09129176615668365,0.09499427962344302,-0.0037025134667593718
P1,F3,37,KHM,present_class_miou_risk,0.06811631838888124,0.0722632226632041,-0.004146904274322863
P1,F3,37,KHM,tile_mean_present_class_miou_risk,0.123054226652879,0.1293310751125529,-0.006276848459673898
P1,F3,37,NGA,fixed_full_event_class_miou_risk,0.16246836122550398,0.16062731281593132,0.0018410484095726654
P1,F3,37,NGA,foreground_dice_risk,0.11429311108528965,0.11505665941037685,-0.0007635483250871961
P1,F3,37,NGA,foreground_iou_risk,0.20222415415330208,0.20361883892828075,-0.0013946847749786717
P1,F3,37,NGA,present_class_miou_risk,0.16246836122550398,0.16062731281593132,0.0018410484095726654
P1,F3,37,NGA,tile_mean_present_class_miou_risk,0.2634264967693232,0.2667828129182493,-0.003356316148926064
P1,F3,71,BOL,fixed_full_event_class_miou_risk,0.20767057735315556,0.23555861711051646,-0.0278880397573609
P1,F3,71,BOL,foreground_dice_risk,0.21366540667681858,0.21984296897818942,-0.0061775623013708425
P1,F3,71,BOL,foreground_iou_risk,0.34352289148894105,0.353053367926236,-0.009530476437294932
P1,F3,71,BOL,present_class_miou_risk,0.20767057735315556,0.23555861711051646,-0.0278880397573609
P1,F3,71,BOL,tile_mean_present_class_miou_risk,0.23968014853801742,0.2509446627009598,-0.011264514162942357
P1,F3,71,ESP,fixed_full_event_class_miou_risk,0.11828544628056387,0.13279681511011804,-0.014511368829554172
P1,F3,71,ESP,foreground_dice_risk,0.10633069565085718,0.11218862686705149,-0.005857931216194309
P1,F3,71,ESP,foreground_iou_risk,0.18773994119484524,0.19783167781877803,-0.010091736623932784
P1,F3,71,ESP,present_class_miou_risk,0.11828544628056387,0.13279681511011804,-0.014511368829554172
P1,F3,71,ESP,tile_mean_present_class_miou_risk,0.19590835730137196,0.1985506937748504,-0.002642336473478446
P1,F3,71,KHM,fixed_full_event_class_miou_risk,0.06677428132769209,0.07406885143842563,-0.0072945701107335476
P1,F3,71,KHM,foreground_dice_risk,0.04964295504686215,0.04947860443276586,0.00016435061409628832
P1,F3,71,KHM,foreground_iou_risk,0.09390036713268302,0.09354119450641213,0.0003591726262708872
P1,F3,71,KHM,present_class_miou_risk,0.06677428132769209,0.07406885143842563,-0.0072945701107335476
P1,F3,71,KHM,tile_mean_present_class_miou_risk,0.11428374691125873,0.1247134254774772,-0.010429678566218473
P1,F3,71,NGA,fixed_full_event_class_miou_risk,0.15483196276321645,0.16970728138724078,-0.01487531862402433
P1,F3,71,NGA,foreground_dice_risk,0.11105907400716535,0.11663302132561168,-0.0055739473184463345
P1,F3,71,NGA,foreground_iou_risk,0.19681690770647403,0.2055378619287554,-0.008720954222281363
P1,F3,71,NGA,present_class_miou_risk,0.15483196276321645,0.16970728138724078,-0.01487531862402433
P1,F3,71,NGA,tile_mean_present_class_miou_risk,0.2513173664927833,0.26054305575401493,-0.009225689261231629
P2,F1,13,GHA,fixed_full_event_class_miou_risk,0.21558016157983267,0.24417612355090573,-0.02859596197107306
P2,F1,13,GHA,foreground_dice_risk,0.26377149860524063,0.2683185422506068,-0.004547043645366178
P2,F1,13,GHA,foreground_iou_risk,0.40777327255798523,0.41333937762866485,-0.005566105070679617
P2,F1,13,GHA,present_class_miou_risk,0.21558016157983267,0.24417612355090573,-0.02859596197107306
P2,F1,13,GHA,tile_mean_present_class_miou_risk,0.26341219563816776,0.3003781280657766,-0.036965932427608816
P2,F1,13,PAK,fixed_full_event_class_miou_risk,0.34014767498477766,0.36378608382267746,-0.023638408837899805
P2,F1,13,PAK,foreground_dice_risk,0.4854977321369261,0.4340435088647816,0.051454223272144495
P2,F1,13,PAK,foreground_iou_risk,0.6277398017249963,0.5798523545103721,0.047887447214624235
P2,F1,13,PAK,present_class_miou_risk,0.34014767498477766,0.36378608382267746,-0.023638408837899805
P2,F1,13,PAK,tile_mean_present_class_miou_risk,0.36193396098807074,0.380552748844308,-0.018618787856237273
P2,F1,13,USA,fixed_full_event_class_miou_risk,0.2639806538833027,0.32595069158488416,-0.06197003770158144
P2,F1,13,USA,foreground_dice_risk,0.33924328533788217,0.4006746153476324,-0.06143133000975021
P2,F1,13,USA,foreground_iou_risk,0.4883095306116931,0.5513977516181519,-0.06308822100645878
P2,F1,13,USA,present_class_miou_risk,0.2639806538833027,0.32595069158488416,-0.06197003770158144
P2,F1,13,USA,tile_mean_present_class_miou_risk,0.3646050345060197,0.35423452988577836,0.010370504620241361
P2,F1,37,GHA,fixed_full_event_class_miou_risk,0.24166327160402443,0.2735531544756167,-0.03188988287159225
P2,F1,37,GHA,foreground_dice_risk,0.29109834937641216,0.30137795021108393,-0.010279600834671776
P2,F1,37,GHA,foreground_iou_risk,0.43901829770756207,0.4514475344015536,-0.012429236693991541
P2,F1,37,GHA,present_class_miou_risk,0.24166327160402443,0.2735531544756167,-0.03188988287159225
P2,F1,37,GHA,tile_mean_present_class_miou_risk,0.3338245274957777,0.36074061866142637,-0.026916091165648692
P2,F1,37,PAK,fixed_full_event_class_miou_risk,0.3662856040342545,0.39012453511393264,-0.02383893107967816
P2,F1,37,PAK,foreground_dice_risk,0.48780923114751595,0.4696336202036393,0.018175610943876652
P2,F1,37,PAK,foreground_iou_risk,0.6307941224560424,0.6126440660271306,0.018150056428911765
P2,F1,37,PAK,present_class_miou_risk,0.3662856040342545,0.39012453511393264,-0.02383893107967816
P2,F1,37,PAK,tile_mean_present_class_miou_risk,0.4040181023663115,0.402798163081171,0.0012199392851405255
P2,F1,37,USA,fixed_full_event_class_miou_risk,0.29427762446788275,0.325683593505769,-0.03140596903788623
P2,F1,37,USA,foreground_dice_risk,0.36583533629902687,0.400434649592528,-0.03459931329350113
P2,F1,37,USA,foreground_iou_risk,0.5171741186215681,0.5506531906090537,-0.033479071987485565
P2,F1,37,USA,present_class_miou_risk,0.29427762446788275,0.325683593505769,-0.03140596903788623
P2,F1,37,USA,tile_mean_present_class_miou_risk,0.35914793270083023,0.3572109511426904,0.0019369815581398164
P2,F1,71,GHA,fixed_full_event_class_miou_risk,0.24989968915526523,0.2901475648718909,-0.04024787571662569
P2,F1,71,GHA,foreground_dice_risk,0.3140783299393291,0.3474725302752879,-0.0333942003359588
P2,F1,71,GHA,foreground_iou_risk,0.4648285100944379,0.5011980878270714,-0.03636957773263355
P2,F1,71,GHA,present_class_miou_risk,0.24989968915526523,0.2901475648718909,-0.04024787571662569
P2,F1,71,GHA,tile_mean_present_class_miou_risk,0.27726116577214904,0.3117841432153141,-0.03452297744316507
P2,F1,71,PAK,fixed_full_event_class_miou_risk,0.28936361726582155,0.3304193972317588,-0.041055779965937234
P2,F1,71,PAK,foreground_dice_risk,0.38193241432382474,0.3984032834222557,-0.016470869098430985
P2,F1,71,PAK,foreground_iou_risk,0.529649595820811,0.5435624644070116,-0.013912868586200666
P2,F1,71,PAK,present_class_miou_risk,0.28936361726582155,0.3304193972317588,-0.041055779965937234
P2,F1,71,PAK,tile_mean_present_class_miou_risk,0.36256106214397466,0.34730348225308977,0.015257579890884887
P2,F1,71,USA,fixed_full_event_class_miou_risk,0.2206000833661948,0.26301057944802997,-0.04241049608183517
P2,F1,71,USA,foreground_dice_risk,0.26626028436285787,0.3110156502330071,-0.04475536587014922
P2,F1,71,USA,foreground_iou_risk,0.40622350695240295,0.459905562988016,-0.053682056035613046
P2,F1,71,USA,present_class_miou_risk,0.2206000833661948,0.26301057944802997,-0.04241049608183517
P2,F1,71,USA,tile_mean_present_class_miou_risk,0.3293641762626312,0.30701108820539996,0.02235308805723124
P2,F2,13,IND,fixed_full_event_class_miou_risk,0.21658387925057837,0.24660512740624038,-0.03002124815566201
P2,F2,13,IND,foreground_dice_risk,0.24016453634021845,0.23675943306861488,0.0034051032716035656
P2,F2,13,IND,foreground_iou_risk,0.37726674000036176,0.37160109657389906,0.0056656434264626965
P2,F2,13,IND,present_class_miou_risk,0.21658387925057837,0.24660512740624038,-0.03002124815566201
P2,F2,13,IND,tile_mean_present_class_miou_risk,0.382816721002606,0.3329089615131176,0.04990775948948839
P2,F2,13,LKA,fixed_full_event_class_miou_risk,0.20516515775941607,0.3663463698036711,-0.161181212044255
P2,F2,13,LKA,foreground_dice_risk,0.24845501378209273,0.442021684757667,-0.19356667097557428
P2,F2,13,LKA,foreground_iou_risk,0.37655751939343995,0.5910251302578646,-0.21446761086442467
P2,F2,13,LKA,present_class_miou_risk,0.20516515775941607,0.3663463698036711,-0.161181212044255
P2,F2,13,LKA,tile_mean_present_class_miou_risk,0.2744376372489875,0.3319749763722455,-0.05753733912325798
P2,F2,13,PRY,fixed_full_event_class_miou_risk,0.2139927982789079,0.26486285178371066,-0.050870053504802754
P2,F2,13,PRY,foreground_dice_risk,0.25886178774320107,0.29208604703673013,-0.03322425929352907
P2,F2,13,PRY,foreground_iou_risk,0.4005726999447697,0.43780363497699676,-0.037230935032227075
P2,F2,13,PRY,present_class_miou_risk,0.2139927982789079,0.26486285178371066,-0.050870053504802754
P2,F2,13,PRY,tile_mean_present_class_miou_risk,0.3067884480967168,0.2910471024971266,0.015741345599590173
P2,F2,13,SOM,fixed_full_event_class_miou_risk,0.4501995519726665,0.48287894138264253,-0.032679389409976056
P2,F2,13,SOM,foreground_dice_risk,0.5640086121013586,0.5924344778184001,-0.028425865717041532
P2,F2,13,SOM,foreground_iou_risk,0.6927027788044162,0.714351093441219,-0.021648314636802835
P2,F2,13,SOM,present_class_miou_risk,0.4501995519726665,0.48287894138264253,-0.032679389409976056
P2,F2,13,SOM,tile_mean_present_class_miou_risk,0.47662999429766995,0.5030811603524791,-0.026451166054809128
P2,F2,37,IND,fixed_full_event_class_miou_risk,0.22003635360013032,0.25022959388476745,-0.03019324028463713
P2,F2,37,IND,foreground_dice_risk,0.24593678427365967,0.24196749766891468,0.003969286604744993
P2,F2,37,IND,foreground_iou_risk,0.38436023290950155,0.3780682846118262,0.006291948297675376
P2,F2,37,IND,present_class_miou_risk,0.22003635360013032,0.25022959388476745,-0.03019324028463713
P2,F2,37,IND,tile_mean_present_class_miou_risk,0.39223949733703484,0.341582909539537,0.05065658779749782
P2,F2,37,LKA,fixed_full_event_class_miou_risk,0.2102806999597096,0.3567677628131072,-0.14648706285339758
P2,F2,37,LKA,foreground_dice_risk,0.2632040140708834,0.4476787364881459,-0.18447472241726248
P2,F2,37,LKA,foreground_iou_risk,0.38592407234939957,0.589973322211088,-0.20404924986168843
P2,F2,37,LKA,present_class_miou_risk,0.2102806999597096,0.3567677628131072,-0.14648706285339758
P2,F2,37,LKA,tile_mean_present_class_miou_risk,0.3111159909756891,0.32938759060494566,-0.018271599629256563
P2,F2,37,PRY,fixed_full_event_class_miou_risk,0.19991789641811028,0.26252668987229216,-0.06260879345418188
P2,F2,37,PRY,foreground_dice_risk,0.23807433459878938,0.2903260143448676,-0.05225167974607822
P2,F2,37,PRY,foreground_iou_risk,0.37101069759763394,0.43586514531189596,-0.06485444771426202
P2,F2,37,PRY,present_class_miou_risk,0.19991789641811028,0.26252668987229216,-0.06260879345418188
P2,F2,37,PRY,tile_mean_present_class_miou_risk,0.2960482831958601,0.29466643574937146,0.0013818474464886155
P2,F2,37,SOM,fixed_full_event_class_miou_risk,0.46288871229610173,0.47233474347545545,-0.00944603117935372
P2,F2,37,SOM,foreground_dice_risk,0.5838313818775113,0.5915312745314416,-0.00769989265393034
P2,F2,37,SOM,foreground_iou_risk,0.7079863751320639,0.7137301439533444,-0.0057437688212805815
P2,F2,37,SOM,present_class_miou_risk,0.46288871229610173,0.47233474347545545,-0.00944603117935372
P2,F2,37,SOM,tile_mean_present_class_miou_risk,0.4827673185054095,0.491187563403123,-0.00842024489771348
P2,F2,71,IND,fixed_full_event_class_miou_risk,0.21041500147745903,0.25107051659429436,-0.04065551511683532
P2,F2,71,IND,foreground_dice_risk,0.22883069792523686,0.23888661628105023,-0.010055918355813376
P2,F2,71,IND,foreground_iou_risk,0.36280632669077284,0.374618152493505,-0.011811825802732157
P2,F2,71,IND,present_class_miou_risk,0.21041500147745903,0.25107051659429436,-0.04065551511683532
P2,F2,71,IND,tile_mean_present_class_miou_risk,0.3764332615416446,0.3377995498253175,0.03863371171632707
P2,F2,71,LKA,fixed_full_event_class_miou_risk,0.18591339086528028,0.3407991132004118,-0.1548857223351315
P2,F2,71,LKA,foreground_dice_risk,0.21992818570436537,0.3866863266689817,-0.1667581409646163
P2,F2,71,LKA,foreground_iou_risk,0.34289929895829296,0.5401310592048238,-0.19723176024653089
P2,F2,71,LKA,present_class_miou_risk,0.18591339086528028,0.3407991132004118,-0.1548857223351315
P2,F2,71,LKA,tile_mean_present_class_miou_risk,0.27695718035652545,0.3299111254952655,-0.05295394513874008
P2,F2,71,PRY,fixed_full_event_class_miou_risk,0.2144611744442186,0.26692022077817845,-0.05245904633395984
P2,F2,71,PRY,foreground_dice_risk,0.25908923550364593,0.29134375256922324,-0.032254517065577304
P2,F2,71,PRY,foreground_iou_risk,0.40000879614411794,0.4378380402451426,-0.03782924410102467
P2,F2,71,PRY,present_class_miou_risk,0.2144611744442186,0.26692022077817845,-0.05245904633395984
P2,F2,71,PRY,tile_mean_present_class_miou_risk,0.30024017083472315,0.297599487906624,0.0026406829280991584
P2,F2,71,SOM,fixed_full_event_class_miou_risk,0.4694628780902254,0.49958505447062496,-0.030122176380399546
P2,F2,71,SOM,foreground_dice_risk,0.5685576317911561,0.5936956579016817,-0.025138026110525513
P2,F2,71,SOM,foreground_iou_risk,0.6963296229636178,0.7152733007698675,-0.018943677806249726
P2,F2,71,SOM,present_class_miou_risk,0.4694628780902254,0.49958505447062496,-0.030122176380399546
P2,F2,71,SOM,tile_mean_present_class_miou_risk,0.4863468971115878,0.5190041036473875,-0.03265720653579968
P2,F3,13,BOL,fixed_full_event_class_miou_risk,0.21407788797666516,0.2237838703137697,-0.00970598233710454
P2,F3,13,BOL,foreground_dice_risk,0.1973964277688999,0.1849191312520847,0.0124772965168152
P2,F3,13,BOL,foreground_iou_risk,0.3229357338830292,0.30624007079565374,0.016695663087375467
P2,F3,13,BOL,present_class_miou_risk,0.21407788797666516,0.2237838703137697,-0.00970598233710454
P2,F3,13,BOL,tile_mean_present_class_miou_risk,0.3211678582754216,0.2805888184916197,0.040579039783801896
P2,F3,13,ESP,fixed_full_event_class_miou_risk,0.15103484664391953,0.17115242732461772,-0.02011758068069819
P2,F3,13,ESP,foreground_dice_risk,0.1309364142287472,0.14290082433553064,-0.011964410106783452
P2,F3,13,ESP,foreground_iou_risk,0.22660757709342652,0.24514029994513672,-0.018532722851710204
P2,F3,13,ESP,present_class_miou_risk,0.15103484664391953,0.17115242732461772,-0.02011758068069819
P2,F3,13,ESP,tile_mean_present_class_miou_risk,0.24790005209524824,0.2572341430753107,-0.009334090980062437
P2,F3,13,KHM,fixed_full_event_class_miou_risk,0.09936901902184665,0.12409539507005912,-0.02472637604821247
P2,F3,13,KHM,foreground_dice_risk,0.0720993093399242,0.07115520037474028,0.000944108965183918
P2,F3,13,KHM,foreground_iou_risk,0.13329199087560725,0.13156369652978814,0.0017282943458191147
P2,F3,13,KHM,present_class_miou_risk,0.09936901902184665,0.12409539507005912,-0.02472637604821247
P2,F3,13,KHM,tile_mean_present_class_miou_risk,0.16327768558967257,0.18820828514916615,-0.024930599559493588
P2,F3,13,NGA,fixed_full_event_class_miou_risk,0.1689660979665673,0.17902872552531704,-0.010062627558749732
P2,F3,13,NGA,foreground_dice_risk,0.11736743247101698,0.11897828815748669,-0.0016108556864697088
P2,F3,13,NGA,foreground_iou_risk,0.20681547139982195,0.20917584575732331,-0.0023603743575013603
P2,F3,13,NGA,present_class_miou_risk,0.1689660979665673,0.17902872552531704,-0.010062627558749732
P2,F3,13,NGA,tile_mean_present_class_miou_risk,0.2803053044980227,0.28739416646383414,-0.007088861965811433
P2,F3,37,BOL,fixed_full_event_class_miou_risk,0.21348764993903369,0.23471847751054203,-0.02123082757150835
P2,F3,37,BOL,foreground_dice_risk,0.1888507086941421,0.18857311543384217,0.0002775932602999409
P2,F3,37,BOL,foreground_iou_risk,0.31116718906364926,0.31120077794828127,-3.35888846320076e-05
P2,F3,37,BOL,present_class_miou_risk,0.21348764993903369,0.23471847751054203,-0.02123082757150835
P2,F3,37,BOL,tile_mean_present_class_miou_risk,0.32566997650989027,0.29828698130635467,0.0273829952035356
P2,F3,37,ESP,fixed_full_event_class_miou_risk,0.1785871846453738,0.1940211819608707,-0.015433997315496911
P2,F3,37,ESP,foreground_dice_risk,0.15023485768646702,0.1592596957171323,-0.009024838030665283
P2,F3,37,ESP,foreground_iou_risk,0.2556777800282839,0.2689225573437931,-0.013244777315509215
P2,F3,37,ESP,present_class_miou_risk,0.1785871846453738,0.1940211819608707,-0.015433997315496911
P2,F3,37,ESP,tile_mean_present_class_miou_risk,0.2740052475177799,0.2779687001615299,-0.003963452643750032
P2,F3,37,KHM,fixed_full_event_class_miou_risk,0.12522422174989276,0.15307049067577366,-0.027846268925880907
P2,F3,37,KHM,foreground_dice_risk,0.08423216470818483,0.08450510586910245,-0.0002729411609176252
P2,F3,37,KHM,foreground_iou_risk,0.15381232201849387,0.15422001292181872,-0.0004076909033248477
P2,F3,37,KHM,present_class_miou_risk,0.12522422174989276,0.15307049067577366,-0.027846268925880907
P2,F3,37,KHM,tile_mean_present_class_miou_risk,0.20023130536295122,0.21855197578748822,-0.018320670424537
P2,F3,37,NGA,fixed_full_event_class_miou_risk,0.158294985317264,0.17180785028259185,-0.013512864965327859
P2,F3,37,NGA,foreground_dice_risk,0.10955756163269946,0.10819109755861217,0.0013664640740872896
P2,F3,37,NGA,foreground_iou_risk,0.194707956337136,0.19219669759335622,0.002511258743779776
P2,F3,37,NGA,present_class_miou_risk,0.158294985317264,0.17180785028259185,-0.013512864965327859
P2,F3,37,NGA,tile_mean_present_class_miou_risk,0.2949234881373288,0.30359743469613387,-0.008673946558805046
P2,F3,71,BOL,fixed_full_event_class_miou_risk,0.20659480492448057,0.22522688402397775,-0.018632079099497184
P2,F3,71,BOL,foreground_dice_risk,0.18024137300934334,0.18112915728234558,-0.0008877842730022345
P2,F3,71,BOL,foreground_iou_risk,0.29985959893175895,0.3011884312395229,-0.0013288323077639275
P2,F3,71,BOL,present_class_miou_risk,0.20659480492448057,0.22522688402397775,-0.018632079099497184
P2,F3,71,BOL,tile_mean_present_class_miou_risk,0.33963938944170086,0.2961213238745541,0.04351806556714677
P2,F3,71,ESP,fixed_full_event_class_miou_risk,0.18594862225623132,0.20545861284411157,-0.01950999058788025
P2,F3,71,ESP,foreground_dice_risk,0.1557439407070131,0.1693924829226453,-0.013648542215632192
P2,F3,71,ESP,foreground_iou_risk,0.26336541920424245,0.28355883309971563,-0.02019341389547319
P2,F3,71,ESP,present_class_miou_risk,0.18594862225623132,0.20545861284411157,-0.01950999058788025
P2,F3,71,ESP,tile_mean_present_class_miou_risk,0.28246939413346095,0.2900097456833186,-0.00754035154985766
P2,F3,71,KHM,fixed_full_event_class_miou_risk,0.12357437012108577,0.14633982585902872,-0.022765455737942947
P2,F3,71,KHM,foreground_dice_risk,0.07824258407652099,0.08088698580915982,-0.002644401732638829
P2,F3,71,KHM,foreground_iou_risk,0.14366264085877944,0.14819359002173504,-0.0045309491629556
P2,F3,71,KHM,present_class_miou_risk,0.12357437012108577,0.14633982585902872,-0.022765455737942947
P2,F3,71,KHM,tile_mean_present_class_miou_risk,0.20584074980712155,0.21671894994245566,-0.01087820013533411
P2,F3,71,NGA,fixed_full_event_class_miou_risk,0.15007846699659913,0.16705507896964364,-0.01697661197304451
P2,F3,71,NGA,foreground_dice_risk,0.09711855901599728,0.10104141345765069,-0.003922854441653412
P2,F3,71,NGA,foreground_iou_risk,0.17456379602875147,0.18078785140389483,-0.006224055375143367
P2,F3,71,NGA,present_class_miou_risk,0.15007846699659913,0.16705507896964364,-0.01697661197304451
P2,F3,71,NGA,tile_mean_present_class_miou_risk,0.2879511254401428,0.3048964626337037,-0.016945337193560894
