block,event_id,score,outcome,spearman_rho
P1,BOL,georisk_v2,predicted_foreground_fraction,0.7035714285714284
P1,BOL,georisk_v2,reference_foreground_fraction,0.7428571428571429
P1,BOL,georisk_v2,tile_loss,-0.06904761904761902
P1,BOL,predicted_foreground_fraction,predicted_foreground_fraction,1.0
P1,BOL,predicted_foreground_fraction,reference_foreground_fraction,0.9607142857142855
P1,BOL,predicted_foreground_fraction,tile_loss,-0.5642857142857142
P1,BOL,predicted_foreground_scarcity,predicted_foreground_fraction,-1.0
P1,BOL,predicted_foreground_scarcity,reference_foreground_fraction,-0.9607142857142855
P1,BOL,predicted_foreground_scarcity,tile_loss,0.5642857142857142
P1,BOL,soft_dice_risk_binary,predicted_foreground_fraction,-0.8940476190476189
P1,BOL,soft_dice_risk_binary,reference_foreground_fraction,-0.8583333333333331
P1,BOL,soft_dice_risk_binary,tile_loss,0.7630952380952379
P1,ESP,georisk_v2,predicted_foreground_fraction,0.05583982202447163
P1,ESP,georisk_v2,reference_foreground_fraction,-0.07334074898034854
P1,ESP,georisk_v2,tile_loss,0.4791249536522062
P1,ESP,predicted_foreground_fraction,predicted_foreground_fraction,1.0
P1,ESP,predicted_foreground_fraction,reference_foreground_fraction,0.9191694475342973
P1,ESP,predicted_foreground_fraction,tile_loss,-0.6547274749721913
P1,ESP,predicted_foreground_scarcity,predicted_foreground_fraction,-1.0
P1,ESP,predicted_foreground_scarcity,reference_foreground_fraction,-0.9191694475342973
P1,ESP,predicted_foreground_scarcity,tile_loss,0.6547274749721913
P1,ESP,soft_dice_risk_binary,predicted_foreground_fraction,-0.9531331108639227
P1,ESP,soft_dice_risk_binary,reference_foreground_fraction,-0.9522432332220987
P1,ESP,soft_dice_risk_binary,tile_loss,0.7901371894697812
P1,GHA,georisk_v2,predicted_foreground_fraction,-0.18248536689133188
P1,GHA,georisk_v2,reference_foreground_fraction,-0.1172467866786037
P1,GHA,georisk_v2,tile_loss,-0.022929209676022428
P1,GHA,predicted_foreground_fraction,predicted_foreground_fraction,1.0
P1,GHA,predicted_foreground_fraction,reference_foreground_fraction,0.7468227077017572
P1,GHA,predicted_foreground_fraction,tile_loss,0.5768791621976589
P1,GHA,predicted_foreground_scarcity,predicted_foreground_fraction,-1.0
P1,GHA,predicted_foreground_scarcity,reference_foreground_fraction,-0.7468227077017572
P1,GHA,predicted_foreground_scarcity,tile_loss,-0.5768791621976589
P1,GHA,soft_dice_risk_binary,predicted_foreground_fraction,-0.9635833991679231
P1,GHA,soft_dice_risk_binary,reference_foreground_fraction,-0.7809629744843217
P1,GHA,soft_dice_risk_binary,tile_loss,-0.5026207868166522
P1,IND,georisk_v2,predicted_foreground_fraction,-0.8127289864446708
P1,IND,georisk_v2,reference_foreground_fraction,-0.6007886120474875
P1,IND,georisk_v2,tile_loss,0.7505082272246514
P1,IND,predicted_foreground_fraction,predicted_foreground_fraction,1.0
P1,IND,predicted_foreground_fraction,reference_foreground_fraction,0.7156612938953767
P1,IND,predicted_foreground_fraction,tile_loss,-0.60354239035004
P1,IND,predicted_foreground_scarcity,predicted_foreground_fraction,-1.0
P1,IND,predicted_foreground_scarcity,reference_foreground_fraction,-0.7156612938953767
P1,IND,predicted_foreground_scarcity,tile_loss,0.60354239035004
P1,IND,soft_dice_risk_binary,predicted_foreground_fraction,-0.931671565446425
P1,IND,soft_dice_risk_binary,reference_foreground_fraction,-0.6579060379926828
P1,IND,soft_dice_risk_binary,tile_loss,0.7140130549299538
P1,KHM,georisk_v2,predicted_foreground_fraction,0.25398591027067113
P1,KHM,georisk_v2,reference_foreground_fraction,0.1731553578049685
P1,KHM,georisk_v2,tile_loss,0.6959584723767148
P1,KHM,predicted_foreground_fraction,predicted_foreground_fraction,1.0
P1,KHM,predicted_foreground_fraction,reference_foreground_fraction,0.9587690025954764
P1,KHM,predicted_foreground_fraction,tile_loss,-0.3908787541713014
P1,KHM,predicted_foreground_scarcity,predicted_foreground_fraction,-1.0
P1,KHM,predicted_foreground_scarcity,reference_foreground_fraction,-0.9587690025954764
P1,KHM,predicted_foreground_scarcity,tile_loss,0.3908787541713014
P1,KHM,soft_dice_risk_binary,predicted_foreground_fraction,-0.9027067111605488
P1,KHM,soft_dice_risk_binary,reference_foreground_fraction,-0.892769744160178
P1,KHM,soft_dice_risk_binary,tile_loss,0.6483500185391176
P1,LKA,georisk_v2,predicted_foreground_fraction,-0.6340671469958159
P1,LKA,georisk_v2,reference_foreground_fraction,-0.20506041813328313
P1,LKA,georisk_v2,tile_loss,0.8350325932945987
P1,LKA,predicted_foreground_fraction,predicted_foreground_fraction,1.0
P1,LKA,predicted_foreground_fraction,reference_foreground_fraction,0.6381037688656958
P1,LKA,predicted_foreground_fraction,tile_loss,-0.45062482487512273
P1,LKA,predicted_foreground_scarcity,predicted_foreground_fraction,-1.0
P1,LKA,predicted_foreground_scarcity,reference_foreground_fraction,-0.6381037688656958
P1,LKA,predicted_foreground_scarcity,tile_loss,0.45062482487512273
P1,LKA,soft_dice_risk_binary,predicted_foreground_fraction,-0.8476325434898525
P1,LKA,soft_dice_risk_binary,reference_foreground_fraction,-0.4226192891385397
P1,LKA,soft_dice_risk_binary,tile_loss,0.7045620290089945
P1,NGA,georisk_v2,predicted_foreground_fraction,0.6382191689760354
P1,NGA,georisk_v2,reference_foreground_fraction,0.672514619883041
P1,NGA,georisk_v2,tile_loss,0.43171654626762984
P1,NGA,predicted_foreground_fraction,predicted_foreground_fraction,1.0
P1,NGA,predicted_foreground_fraction,reference_foreground_fraction,0.8350175698039731
P1,NGA,predicted_foreground_fraction,tile_loss,-0.092905192210746
P1,NGA,predicted_foreground_scarcity,predicted_foreground_fraction,-1.0
P1,NGA,predicted_foreground_scarcity,reference_foreground_fraction,-0.8350175698039731
P1,NGA,predicted_foreground_scarcity,tile_loss,0.092905192210746
P1,NGA,soft_dice_risk_binary,predicted_foreground_fraction,-0.941340963990197
P1,NGA,soft_dice_risk_binary,reference_foreground_fraction,-0.7949776401788785
P1,NGA,soft_dice_risk_binary,tile_loss,0.2631578947368421
P1,PAK,georisk_v2,predicted_foreground_fraction,-0.3680241104146855
P1,PAK,georisk_v2,reference_foreground_fraction,-0.38997301706386905
P1,PAK,georisk_v2,tile_loss,0.41908410873928115
P1,PAK,predicted_foreground_fraction,predicted_foreground_fraction,0.9999999999999999
P1,PAK,predicted_foreground_fraction,reference_foreground_fraction,0.6029145347428507
P1,PAK,predicted_foreground_fraction,tile_loss,-0.10546304970498722
P1,PAK,predicted_foreground_scarcity,predicted_foreground_fraction,-0.9999999999999999
P1,PAK,predicted_foreground_scarcity,reference_foreground_fraction,-0.6029145347428507
P1,PAK,predicted_foreground_scarcity,tile_loss,0.10546304970498722
P1,PAK,soft_dice_risk_binary,predicted_foreground_fraction,-0.9666563799848245
P1,PAK,soft_dice_risk_binary,reference_foreground_fraction,-0.5971864023684331
P1,PAK,soft_dice_risk_binary,tile_loss,0.16146688560481662
P1,PRY,georisk_v2,predicted_foreground_fraction,-0.7563286847449834
P1,PRY,georisk_v2,reference_foreground_fraction,-0.4134545734783373
P1,PRY,georisk_v2,tile_loss,0.7373094646442704
P1,PRY,predicted_foreground_fraction,predicted_foreground_fraction,1.0
P1,PRY,predicted_foreground_fraction,reference_foreground_fraction,0.5799714358655355
P1,PRY,predicted_foreground_fraction,tile_loss,-0.4596204695276274
P1,PRY,predicted_foreground_scarcity,predicted_foreground_fraction,-1.0
P1,PRY,predicted_foreground_scarcity,reference_foreground_fraction,-0.5799714358655355
P1,PRY,predicted_foreground_scarcity,tile_loss,0.4596204695276274
P1,PRY,soft_dice_risk_binary,predicted_foreground_fraction,-0.906243255831376
P1,PRY,soft_dice_risk_binary,reference_foreground_fraction,-0.49506756366047594
P1,PRY,soft_dice_risk_binary,tile_loss,0.6738127544097695
P1,SOM,georisk_v2,predicted_foreground_fraction,-0.5927065527065527
P1,SOM,georisk_v2,reference_foreground_fraction,-0.5242016817405343
P1,SOM,georisk_v2,tile_loss,-0.23920227920227918
P1,SOM,predicted_foreground_fraction,predicted_foreground_fraction,0.9999999999999999
P1,SOM,predicted_foreground_fraction,reference_foreground_fraction,0.5062792810364263
P1,SOM,predicted_foreground_fraction,tile_loss,0.6134472934472934
P1,SOM,predicted_foreground_scarcity,predicted_foreground_fraction,-0.9999999999999999
P1,SOM,predicted_foreground_scarcity,reference_foreground_fraction,-0.5062792810364263
P1,SOM,predicted_foreground_scarcity,tile_loss,-0.6134472934472934
P1,SOM,soft_dice_risk_binary,predicted_foreground_fraction,-0.847065527065527
P1,SOM,soft_dice_risk_binary,reference_foreground_fraction,-0.5694072274655455
P1,SOM,soft_dice_risk_binary,tile_loss,-0.4317948717948718
P1,USA,georisk_v2,predicted_foreground_fraction,0.36039459261965656
P1,USA,georisk_v2,reference_foreground_fraction,0.012130069419071984
P1,USA,georisk_v2,tile_loss,0.461259286323225
P1,USA,predicted_foreground_fraction,predicted_foreground_fraction,1.0
P1,USA,predicted_foreground_fraction,reference_foreground_fraction,0.6405797101449276
P1,USA,predicted_foreground_fraction,tile_loss,-0.000840336134453782
P1,USA,predicted_foreground_scarcity,predicted_foreground_fraction,-1.0
P1,USA,predicted_foreground_scarcity,reference_foreground_fraction,-0.6405797101449276
P1,USA,predicted_foreground_scarcity,tile_loss,0.000840336134453782
P1,USA,soft_dice_risk_binary,predicted_foreground_fraction,-0.9796127146510779
P1,USA,soft_dice_risk_binary,reference_foreground_fraction,-0.6806966264766778
P1,USA,soft_dice_risk_binary,tile_loss,0.09655340397028378
P2,BOL,georisk_v2,predicted_foreground_fraction,0.6654761904761903
P2,BOL,georisk_v2,reference_foreground_fraction,0.7273809523809524
P2,BOL,georisk_v2,tile_loss,0.1845238095238095
P2,BOL,predicted_foreground_fraction,predicted_foreground_fraction,1.0
P2,BOL,predicted_foreground_fraction,reference_foreground_fraction,0.913095238095238
P2,BOL,predicted_foreground_fraction,tile_loss,-0.36547619047619045
P2,BOL,predicted_foreground_scarcity,predicted_foreground_fraction,-1.0
P2,BOL,predicted_foreground_scarcity,reference_foreground_fraction,-0.913095238095238
P2,BOL,predicted_foreground_scarcity,tile_loss,0.36547619047619045
P2,BOL,soft_dice_risk_binary,predicted_foreground_fraction,-0.845238095238095
P2,BOL,soft_dice_risk_binary,reference_foreground_fraction,-0.6857142857142856
P2,BOL,soft_dice_risk_binary,tile_loss,0.6845238095238094
P2,ESP,georisk_v2,predicted_foreground_fraction,0.039080459770114935
P2,ESP,georisk_v2,reference_foreground_fraction,-0.18027437893956244
P2,ESP,georisk_v2,tile_loss,0.4917315535780497
P2,ESP,predicted_foreground_fraction,predicted_foreground_fraction,1.0
P2,ESP,predicted_foreground_fraction,reference_foreground_fraction,0.8745272525027808
P2,ESP,predicted_foreground_fraction,tile_loss,-0.5431961438635521
P2,ESP,predicted_foreground_scarcity,predicted_foreground_fraction,-1.0
P2,ESP,predicted_foreground_scarcity,reference_foreground_fraction,-0.8745272525027808
P2,ESP,predicted_foreground_scarcity,tile_loss,0.5431961438635521
P2,ESP,soft_dice_risk_binary,predicted_foreground_fraction,-0.9218390804597701
P2,ESP,soft_dice_risk_binary,reference_foreground_fraction,-0.9280682239525399
P2,ESP,soft_dice_risk_binary,tile_loss,0.7374860956618464
P2,GHA,georisk_v2,predicted_foreground_fraction,-0.0390502308677263
P2,GHA,georisk_v2,reference_foreground_fraction,0.025760789358978114
P2,GHA,georisk_v2,tile_loss,0.19798089480368974
P2,GHA,predicted_foreground_fraction,predicted_foreground_fraction,1.0
P2,GHA,predicted_foreground_fraction,reference_foreground_fraction,0.7780502019787093
P2,GHA,predicted_foreground_fraction,tile_loss,0.4460943086046274
P2,GHA,predicted_foreground_scarcity,predicted_foreground_fraction,-1.0
P2,GHA,predicted_foreground_scarcity,reference_foreground_fraction,-0.7780502019787093
P2,GHA,predicted_foreground_scarcity,tile_loss,-0.4460943086046274
P2,GHA,soft_dice_risk_binary,predicted_foreground_fraction,-0.9202834273021324
P2,GHA,soft_dice_risk_binary,reference_foreground_fraction,-0.6742811635445264
P2,GHA,soft_dice_risk_binary,tile_loss,-0.3095365568886829
P2,IND,georisk_v2,predicted_foreground_fraction,-0.6930795468172763
P2,IND,georisk_v2,reference_foreground_fraction,-0.4709294639184176
P2,IND,georisk_v2,tile_loss,0.6004160393257328
P2,IND,predicted_foreground_fraction,predicted_foreground_fraction,1.0
P2,IND,predicted_foreground_fraction,reference_foreground_fraction,0.7411190789004093
P2,IND,predicted_foreground_fraction,tile_loss,-0.6354037957163047
P2,IND,predicted_foreground_scarcity,predicted_foreground_fraction,-1.0
P2,IND,predicted_foreground_scarcity,reference_foreground_fraction,-0.7411190789004093
P2,IND,predicted_foreground_scarcity,tile_loss,0.6354037957163047
P2,IND,soft_dice_risk_binary,predicted_foreground_fraction,-0.952540439974099
P2,IND,soft_dice_risk_binary,reference_foreground_fraction,-0.6727170355407629
P2,IND,soft_dice_risk_binary,tile_loss,0.6626458500337188
P2,KHM,georisk_v2,predicted_foreground_fraction,0.2288052983262265
P2,KHM,georisk_v2,reference_foreground_fraction,0.20863797412361015
P2,KHM,georisk_v2,tile_loss,0.6471148147573846
P2,KHM,predicted_foreground_fraction,predicted_foreground_fraction,1.0
P2,KHM,predicted_foreground_fraction,reference_foreground_fraction,0.9654430849091583
P2,KHM,predicted_foreground_fraction,tile_loss,-0.30530218761586947
P2,KHM,predicted_foreground_scarcity,predicted_foreground_fraction,-1.0
P2,KHM,predicted_foreground_scarcity,reference_foreground_fraction,-0.9654430849091583
P2,KHM,predicted_foreground_scarcity,tile_loss,0.30530218761586947
P2,KHM,soft_dice_risk_binary,predicted_foreground_fraction,-0.904041527623285
P2,KHM,soft_dice_risk_binary,reference_foreground_fraction,-0.8806080830552466
P2,KHM,soft_dice_risk_binary,tile_loss,0.5512050426399703
P2,LKA,georisk_v2,predicted_foreground_fraction,-0.6946794925948684
P2,LKA,georisk_v2,reference_foreground_fraction,-0.3600340345729001
P2,LKA,georisk_v2,tile_loss,0.6364962320719553
P2,LKA,predicted_foreground_fraction,predicted_foreground_fraction,1.0
P2,LKA,predicted_foreground_fraction,reference_foreground_fraction,0.7747755204389755
P2,LKA,predicted_foreground_fraction,tile_loss,-0.4224345451805425
P2,LKA,predicted_foreground_scarcity,predicted_foreground_fraction,-1.0
P2,LKA,predicted_foreground_scarcity,reference_foreground_fraction,-0.7747755204389755
P2,LKA,predicted_foreground_scarcity,tile_loss,0.4224345451805425
P2,LKA,soft_dice_risk_binary,predicted_foreground_fraction,-0.9617467322103225
P2,LKA,soft_dice_risk_binary,reference_foreground_fraction,-0.6864929843701896
P2,LKA,soft_dice_risk_binary,tile_loss,0.5471463684736516
P2,NGA,georisk_v2,predicted_foreground_fraction,0.2748538011695907
P2,NGA,georisk_v2,reference_foreground_fraction,0.43240454076367385
P2,NGA,georisk_v2,tile_loss,0.543171654626763
P2,NGA,predicted_foreground_fraction,predicted_foreground_fraction,1.0
P2,NGA,predicted_foreground_fraction,reference_foreground_fraction,0.8245614035087719
P2,NGA,predicted_foreground_fraction,tile_loss,-0.21843825249398005
P2,NGA,predicted_foreground_scarcity,predicted_foreground_fraction,-1.0
P2,NGA,predicted_foreground_scarcity,reference_foreground_fraction,-0.8245614035087719
P2,NGA,predicted_foreground_scarcity,tile_loss,0.21843825249398005
P2,NGA,soft_dice_risk_binary,predicted_foreground_fraction,-0.956656346749226
P2,NGA,soft_dice_risk_binary,reference_foreground_fraction,-0.7550739594083247
P2,NGA,soft_dice_risk_binary,tile_loss,0.3973168214654283
P2,PAK,georisk_v2,predicted_foreground_fraction,-0.0566462292317689
P2,PAK,georisk_v2,reference_foreground_fraction,-0.24582457511286795
P2,PAK,georisk_v2,tile_loss,0.3742017879948914
P2,PAK,predicted_foreground_fraction,predicted_foreground_fraction,0.9999999999999999
P2,PAK,predicted_foreground_fraction,reference_foreground_fraction,0.5610711418038078
P2,PAK,predicted_foreground_fraction,tile_loss,0.11399515287819023
P2,PAK,predicted_foreground_scarcity,predicted_foreground_fraction,-0.9999999999999999
P2,PAK,predicted_foreground_scarcity,reference_foreground_fraction,-0.5610711418038078
P2,PAK,predicted_foreground_scarcity,tile_loss,-0.11399515287819023
P2,PAK,soft_dice_risk_binary,predicted_foreground_fraction,-0.9494839368043021
P2,PAK,soft_dice_risk_binary,reference_foreground_fraction,-0.5778808074642813
P2,PAK,soft_dice_risk_binary,tile_loss,-0.015873015873015876
P2,PRY,georisk_v2,predicted_foreground_fraction,-0.7247735015033689
P2,PRY,georisk_v2,reference_foreground_fraction,-0.44837170176105196
P2,PRY,georisk_v2,tile_loss,0.4809482420892834
P2,PRY,predicted_foreground_fraction,predicted_foreground_fraction,1.0
P2,PRY,predicted_foreground_fraction,reference_foreground_fraction,0.661196099071017
P2,PRY,predicted_foreground_fraction,tile_loss,-0.32640367176775453
P2,PRY,predicted_foreground_scarcity,predicted_foreground_fraction,-1.0
P2,PRY,predicted_foreground_scarcity,reference_foreground_fraction,-0.661196099071017
P2,PRY,predicted_foreground_scarcity,tile_loss,0.32640367176775453
P2,PRY,soft_dice_risk_binary,predicted_foreground_fraction,-0.9516525223314289
P2,PRY,soft_dice_risk_binary,reference_foreground_fraction,-0.6014541858009573
P2,PRY,soft_dice_risk_binary,tile_loss,0.39423756687101424
P2,SOM,georisk_v2,predicted_foreground_fraction,-0.5500131306956609
P2,SOM,georisk_v2,reference_foreground_fraction,-0.5727177346019731
P2,SOM,georisk_v2,tile_loss,-0.1349515338266253
P2,SOM,predicted_foreground_fraction,predicted_foreground_fraction,0.9999999999999999
P2,SOM,predicted_foreground_fraction,reference_foreground_fraction,0.6768644252686687
P2,SOM,predicted_foreground_fraction,tile_loss,0.50765341159322
P2,SOM,predicted_foreground_scarcity,predicted_foreground_fraction,-0.9999999999999999
P2,SOM,predicted_foreground_scarcity,reference_foreground_fraction,-0.6768644252686687
P2,SOM,predicted_foreground_scarcity,tile_loss,-0.50765341159322
P2,SOM,soft_dice_risk_binary,predicted_foreground_fraction,-0.9320193577289052
P2,SOM,soft_dice_risk_binary,reference_foreground_fraction,-0.7336768746834524
P2,SOM,soft_dice_risk_binary,tile_loss,-0.4089235728256814
P2,USA,georisk_v2,predicted_foreground_fraction,-0.2545848723630747
P2,USA,georisk_v2,reference_foreground_fraction,-0.29164535379369144
P2,USA,georisk_v2,tile_loss,0.49997564243088544
P2,USA,predicted_foreground_fraction,predicted_foreground_fraction,1.0
P2,USA,predicted_foreground_fraction,reference_foreground_fraction,0.7902323310788816
P2,USA,predicted_foreground_fraction,tile_loss,-0.4897323586790318
P2,USA,predicted_foreground_scarcity,predicted_foreground_fraction,-1.0
P2,USA,predicted_foreground_scarcity,reference_foreground_fraction,-0.7902323310788816
P2,USA,predicted_foreground_scarcity,tile_loss,0.4897323586790318
P2,USA,soft_dice_risk_binary,predicted_foreground_fraction,-0.9946229339436387
P2,USA,soft_dice_risk_binary,reference_foreground_fraction,-0.8026062598952626
P2,USA,soft_dice_risk_binary,tile_loss,0.522762148337596
