coverage,mean,q25,q75,block,endpoint
0.1,-0.04353838265195456,-0.05322299068593514,-0.020552587394101984,P1,present_class_miou_risk
0.15000000000000002,-0.06172333101182656,-0.10218719423179698,-0.039835679599030865,P1,present_class_miou_risk
0.20000000000000004,-0.06543943119860482,-0.0914889609054759,-0.028149327968732596,P1,present_class_miou_risk
0.25000000000000006,-0.06219574202613214,-0.0836307631795288,-0.037231095112586876,P1,present_class_miou_risk
0.30000000000000004,-0.052895503732488004,-0.0762014531255917,-0.022452874287041125,P1,present_class_miou_risk
0.3500000000000001,-0.051952937516027635,-0.06370751408486616,-0.024627620028196184,P1,present_class_miou_risk
0.40000000000000013,-0.045703602662679116,-0.04621105860817684,-0.03406292957518389,P1,present_class_miou_risk
0.45000000000000007,-0.04432798914277883,-0.05113739956072577,-0.0375151182883432,P1,present_class_miou_risk
0.5000000000000001,-0.040494198116751576,-0.0604470128282768,-0.023291909794790455,P1,present_class_miou_risk
0.5500000000000002,-0.03887755553383429,-0.05747756353917416,-0.029477533889267493,P1,present_class_miou_risk
0.6000000000000002,-0.04136194114076555,-0.05223526429066522,-0.027855202264032985,P1,present_class_miou_risk
0.6500000000000001,-0.037805482857080616,-0.0445797823575142,-0.03178512290968827,P1,present_class_miou_risk
0.7000000000000002,-0.0358937531399955,-0.04646843757411262,-0.028337676333667683,P1,present_class_miou_risk
0.7500000000000002,-0.031167465129530645,-0.044668895645762596,-0.023012689002277487,P1,present_class_miou_risk
0.8000000000000002,-0.02305794572387127,-0.031425076199381424,-0.019319603963835197,P1,present_class_miou_risk
0.8500000000000002,-0.01691290397792404,-0.021190943965036735,-0.008778329475054136,P1,present_class_miou_risk
0.9000000000000002,-0.010284386919083729,-0.013664785654956269,-0.008307697451590212,P1,present_class_miou_risk
0.9500000000000003,-0.0048488465624349,-0.0067961222369840035,-0.002795931818459052,P1,present_class_miou_risk
1.0000000000000004,0.0,0.0,0.0,P1,present_class_miou_risk
0.1,0.021343176189363777,-0.031251469331519344,0.02714627451650725,P1,foreground_dice_risk
0.15000000000000002,-0.011848867493011062,-0.02495538897416219,0.020179882735640087,P1,foreground_dice_risk
0.20000000000000004,-0.014393025781514848,-0.04343384898619776,0.01553679400335406,P1,foreground_dice_risk
0.25000000000000006,-0.012638535293048682,-0.047319768818143176,0.023157090520767726,P1,foreground_dice_risk
0.30000000000000004,-0.005960086928719654,-0.031861546463599094,0.02585282009553841,P1,foreground_dice_risk
0.3500000000000001,-0.017046474867890057,-0.03092341255025266,-0.004052484267470957,P1,foreground_dice_risk
0.40000000000000013,-0.013952517695605673,-0.03707010249401088,-0.004963145868697283,P1,foreground_dice_risk
0.45000000000000007,-0.015987797042152706,-0.03892427029693479,0.003238475221726017,P1,foreground_dice_risk
0.5000000000000001,-0.016711060419082144,-0.03364770412469609,-0.008999560544323548,P1,foreground_dice_risk
0.5500000000000002,-0.016185224228569637,-0.03955459188457511,-0.0017568295341538753,P1,foreground_dice_risk
0.6000000000000002,-0.02568663236019117,-0.034050542615572,-0.010221692676299021,P1,foreground_dice_risk
0.6500000000000001,-0.025424058065169463,-0.03632766866914333,-0.01567929041784244,P1,foreground_dice_risk
0.7000000000000002,-0.02722161527462059,-0.03633148587106455,-0.01381357094548294,P1,foreground_dice_risk
0.7500000000000002,-0.025429973378047206,-0.029906136606353412,-0.020596617186413035,P1,foreground_dice_risk
0.8000000000000002,-0.018849017806224173,-0.023165597126537762,-0.010873169552292089,P1,foreground_dice_risk
0.8500000000000002,-0.013597114438535658,-0.01767517837565724,-0.004834113478558499,P1,foreground_dice_risk
0.9000000000000002,-0.008109531337922622,-0.012233442280391471,-0.0015047463099508995,P1,foreground_dice_risk
0.9500000000000003,-0.005174796281680777,-0.0077134873857485076,-0.0030559134618141637,P1,foreground_dice_risk
1.0000000000000004,0.0,0.0,0.0,P1,foreground_dice_risk
0.1,-0.021243766392867264,-0.06311882008078962,-0.007622218098136346,P2,present_class_miou_risk
0.15000000000000002,-0.057272230982115965,-0.07522434462178565,-0.03719867065216653,P2,present_class_miou_risk
0.20000000000000004,-0.07551242629240315,-0.08716653502458077,-0.05564507447020178,P2,present_class_miou_risk
0.25000000000000006,-0.08232629149441001,-0.11021082272775709,-0.06227436753016824,P2,present_class_miou_risk
0.30000000000000004,-0.08223942377520742,-0.10647834511070833,-0.06272375452019757,P2,present_class_miou_risk
0.3500000000000001,-0.07632775701961846,-0.09422244779687747,-0.05427474538195426,P2,present_class_miou_risk
0.40000000000000013,-0.06724693630498596,-0.08449052566245116,-0.045136230513955655,P2,present_class_miou_risk
0.45000000000000007,-0.06143808007784059,-0.07186419371690617,-0.03123094650034658,P2,present_class_miou_risk
0.5000000000000001,-0.058648614707091436,-0.07141938192020741,-0.050570961936806935,P2,present_class_miou_risk
0.5500000000000002,-0.051269848754609944,-0.062167114398781864,-0.04631427252283632,P2,present_class_miou_risk
0.6000000000000002,-0.03980387170921632,-0.05201701220159438,-0.026008762193399537,P2,present_class_miou_risk
0.6500000000000001,-0.028809581638137446,-0.038358001668583025,-0.023546588106682836,P2,present_class_miou_risk
0.7000000000000002,-0.034118948592643604,-0.050619832277419785,-0.023551081875515578,P2,present_class_miou_risk
0.7500000000000002,-0.030004880656649906,-0.04109242616091274,-0.022172536911419183,P2,present_class_miou_risk
0.8000000000000002,-0.019057138721390542,-0.022583119160067777,-0.013643677531676224,P2,present_class_miou_risk
0.8500000000000002,-0.014585789021641803,-0.020010850625875376,-0.008738262650776929,P2,present_class_miou_risk
0.9000000000000002,-0.00788966558829867,-0.013816306256940553,-0.004401861264074269,P2,present_class_miou_risk
0.9500000000000003,-0.002396140275089066,-0.0034708491394436214,-0.0011229744965023936,P2,present_class_miou_risk
1.0000000000000004,0.0,0.0,0.0,P2,present_class_miou_risk
0.1,0.043687454496962874,-0.00012434692437079953,0.0745243085595386,P2,foreground_dice_risk
0.15000000000000002,-0.0012730680616384296,-0.0204179934308929,0.018637703149797125,P2,foreground_dice_risk
0.20000000000000004,-0.03245718010082521,-0.03588063548394893,-0.024594218805074092,P2,foreground_dice_risk
0.25000000000000006,-0.04039798922440902,-0.05169526277451231,-0.025606841950230053,P2,foreground_dice_risk
0.30000000000000004,-0.04157965597218686,-0.05586514378665308,-0.02140476938647823,P2,foreground_dice_risk
0.3500000000000001,-0.03695955818891387,-0.052480692053681444,-0.018752240627848082,P2,foreground_dice_risk
0.40000000000000013,-0.036386327741269237,-0.04653178069287445,-0.03304260073940085,P2,foreground_dice_risk
0.45000000000000007,-0.03673637118600621,-0.0631377060901126,-0.028610132745286343,P2,foreground_dice_risk
0.5000000000000001,-0.038493706718118754,-0.05112569021497598,-0.01824694448815528,P2,foreground_dice_risk
0.5500000000000002,-0.03279441448049339,-0.04469529798509697,-0.015562609771816338,P2,foreground_dice_risk
0.6000000000000002,-0.02041347342261551,-0.03920506709008775,-0.0104944063028799,P2,foreground_dice_risk
0.6500000000000001,-0.010496842702555936,-0.02707107260478181,0.0042045018852425176,P2,foreground_dice_risk
0.7000000000000002,-0.02608607510180835,-0.029983607222810515,-0.020444755776368895,P2,foreground_dice_risk
0.7500000000000002,-0.024482897184388466,-0.027447481544440988,-0.019530994093311327,P2,foreground_dice_risk
0.8000000000000002,-0.014563456668236231,-0.025356204281234362,0.0005331657952687974,P2,foreground_dice_risk
0.8500000000000002,-0.011594910249950904,-0.014386345668171402,-0.0010169617490329852,P2,foreground_dice_risk
0.9000000000000002,-0.0078039543515154635,-0.01163355670749705,-0.004170001580563298,P2,foreground_dice_risk
0.9500000000000003,-0.0026773085722238193,-0.004032119005252299,-0.0010533731145488945,P2,foreground_dice_risk
1.0000000000000004,0.0,0.0,0.0,P2,foreground_dice_risk
