block,partition,seed,arm,endpoint,original_audit,stored_logits,delta_aurc_raw_minus_stored
P1,F1,13,fit_dice_exact,mean_tile_dice,0.20960468515078906,0.20960468515078906,0.0
P1,F1,13,fit_dice_exact,mean_tile_iou,0.2976321412607641,0.2976321412607641,0.0
P1,F1,13,fit_dice_exact,mean_tile_miou,0.19960597840810523,0.19960597840810523,0.0
P1,F1,13,fit_dice_exact,pooled_dice,0.121090659166283,0.121090659166283,0.0
P1,F1,13,fit_dice_exact,pooled_iou,0.20874751314118978,0.20874751314118978,0.0
P1,F1,13,fit_dice_exact,pooled_miou,0.14365016529612004,0.14365016529612004,0.0
P1,F1,13,fit_iou_exact,mean_tile_dice,0.2098058555605647,0.2098058555605647,0.0
P1,F1,13,fit_iou_exact,mean_tile_iou,0.29847329114633064,0.29847329114633064,0.0
P1,F1,13,fit_iou_exact,mean_tile_miou,0.19878682374818168,0.19878682374818168,0.0
P1,F1,13,fit_iou_exact,pooled_dice,0.12139736099313342,0.12139736099313342,0.0
P1,F1,13,fit_iou_exact,pooled_iou,0.20927949502672863,0.20927949502672863,0.0
P1,F1,13,fit_iou_exact,pooled_miou,0.14264507778867822,0.14264507778867822,0.0
P1,F1,13,fit_miou_exact,mean_tile_dice,0.3881731338702403,0.3881731338702403,0.0
P1,F1,13,fit_miou_exact,mean_tile_iou,0.4698330035011501,0.4698330035011501,0.0
P1,F1,13,fit_miou_exact,mean_tile_miou,0.25341419854940767,0.25341419854940767,0.0
P1,F1,13,fit_miou_exact,pooled_dice,0.15000043624857454,0.15000043624857454,0.0
P1,F1,13,fit_miou_exact,pooled_iou,0.24597756973324764,0.24597756973324764,0.0
P1,F1,13,fit_miou_exact,pooled_miou,0.13610070527620127,0.13610070527620127,0.0
P1,F1,13,frozen_v2,mean_tile_dice,0.3863236658056587,0.3863236658056587,0.0
P1,F1,13,frozen_v2,mean_tile_iou,0.4674809161921479,0.4674809161921479,0.0
P1,F1,13,frozen_v2,mean_tile_miou,0.25235854597804036,0.25235854597804036,0.0
P1,F1,13,frozen_v2,pooled_dice,0.14986499317847518,0.14986499317847518,0.0
P1,F1,13,frozen_v2,pooled_iou,0.24576883684434753,0.24576883684434753,0.0
P1,F1,13,frozen_v2,pooled_miou,0.13608544088691973,0.13608544088691973,0.0
P1,F1,13,legacy_self_overlap,mean_tile_dice,0.20827068862086115,0.20827068862086115,0.0
P1,F1,13,legacy_self_overlap,mean_tile_iou,0.29626594018931296,0.29626594018931296,0.0
P1,F1,13,legacy_self_overlap,mean_tile_miou,0.2171970652807599,0.2171970652807599,0.0
P1,F1,13,legacy_self_overlap,pooled_dice,0.12888123741090413,0.12888123741090413,0.0
P1,F1,13,legacy_self_overlap,pooled_iou,0.2209351543347033,0.2209351543347033,0.0
P1,F1,13,legacy_self_overlap,pooled_miou,0.16783814401340788,0.16783814401340788,0.0
P1,F1,13,sdc_exact,mean_tile_dice,0.20827068862086115,0.20827068862086115,0.0
P1,F1,13,sdc_exact,mean_tile_iou,0.29626594018931296,0.29626594018931296,0.0
P1,F1,13,sdc_exact,mean_tile_miou,0.2171970652807599,0.2171970652807599,0.0
P1,F1,13,sdc_exact,pooled_dice,0.12888123741090413,0.12888123741090413,0.0
P1,F1,13,sdc_exact,pooled_iou,0.2209351543347033,0.2209351543347033,0.0
P1,F1,13,sdc_exact,pooled_miou,0.16783814401340788,0.16783814401340788,0.0
P1,F1,13,sdc_native,mean_tile_dice,0.20827068862086115,0.20827068862086115,0.0
P1,F1,13,sdc_native,mean_tile_iou,0.29626594018931296,0.29626594018931296,0.0
P1,F1,13,sdc_native,mean_tile_miou,0.2171970652807599,0.2171970652807599,0.0
P1,F1,13,sdc_native,pooled_dice,0.12888123741090413,0.12888123741090413,0.0
P1,F1,13,sdc_native,pooled_iou,0.2209351543347033,0.2209351543347033,0.0
P1,F1,13,sdc_native,pooled_miou,0.16783814401340788,0.16783814401340788,0.0
P1,F1,37,fit_dice_exact,mean_tile_dice,0.2125396517438898,0.2125396517438898,0.0
P1,F1,37,fit_dice_exact,mean_tile_iou,0.30286590895629917,0.30286590895629917,0.0
P1,F1,37,fit_dice_exact,mean_tile_miou,0.20210975231396416,0.20210975231396416,0.0
P1,F1,37,fit_dice_exact,pooled_dice,0.12705741694650752,0.12705741694650752,0.0
P1,F1,37,fit_dice_exact,pooled_iou,0.2186272060391102,0.2186272060391102,0.0
P1,F1,37,fit_dice_exact,pooled_miou,0.14815468000488435,0.14815468000488435,0.0
P1,F1,37,fit_iou_exact,mean_tile_dice,0.21486638155952348,0.21486638155952348,0.0
P1,F1,37,fit_iou_exact,mean_tile_iou,0.3048469058213932,0.3048469058213932,0.0
P1,F1,37,fit_iou_exact,mean_tile_miou,0.202539797441959,0.202539797441959,0.0
P1,F1,37,fit_iou_exact,pooled_dice,0.1271776340942781,0.1271776340942781,0.0
P1,F1,37,fit_iou_exact,pooled_iou,0.21882196572360277,0.21882196572360277,0.0
P1,F1,37,fit_iou_exact,pooled_miou,0.1476409605568614,0.1476409605568614,0.0
P1,F1,37,fit_miou_exact,mean_tile_dice,0.35436206880368615,0.35436206880368615,0.0
P1,F1,37,fit_miou_exact,mean_tile_iou,0.4374532896115438,0.4374532896115438,0.0
P1,F1,37,fit_miou_exact,mean_tile_miou,0.23942723614335953,0.23942723614335953,0.0
P1,F1,37,fit_miou_exact,pooled_dice,0.14078575916581795,0.14078575916581795,0.0
P1,F1,37,fit_miou_exact,pooled_iou,0.2342015890401512,0.2342015890401512,0.0
P1,F1,37,fit_miou_exact,pooled_miou,0.13195345562060085,0.13195345562060085,0.0
P1,F1,37,frozen_v2,mean_tile_dice,0.352685982555324,0.352685982555324,0.0
P1,F1,37,frozen_v2,mean_tile_iou,0.4356586128382511,0.4356586128382511,0.0
P1,F1,37,frozen_v2,mean_tile_miou,0.23871839721399818,0.23871839721399818,0.0
P1,F1,37,frozen_v2,pooled_dice,0.14040502474797362,0.14040502474797362,0.0
P1,F1,37,frozen_v2,pooled_iou,0.2335940736103317,0.2335940736103317,0.0
P1,F1,37,frozen_v2,pooled_miou,0.13176824115088195,0.13176824115088195,0.0
P1,F1,37,legacy_self_overlap,mean_tile_dice,0.21569965803259558,0.21569965803259558,0.0
P1,F1,37,legacy_self_overlap,mean_tile_iou,0.3043366627470395,0.3043366627470395,0.0
P1,F1,37,legacy_self_overlap,mean_tile_miou,0.22350370926105,0.22350370926105,0.0
P1,F1,37,legacy_self_overlap,pooled_dice,0.133696648023301,0.133696648023301,0.0
P1,F1,37,legacy_self_overlap,pooled_iou,0.22902336607605775,0.22902336607605775,0.0
P1,F1,37,legacy_self_overlap,pooled_miou,0.1741525129097332,0.1741525129097332,0.0
P1,F1,37,sdc_exact,mean_tile_dice,0.21569965803259558,0.21569965803259558,0.0
P1,F1,37,sdc_exact,mean_tile_iou,0.3043366627470395,0.3043366627470395,0.0
P1,F1,37,sdc_exact,mean_tile_miou,0.22350370926105,0.22350370926105,0.0
P1,F1,37,sdc_exact,pooled_dice,0.133696648023301,0.133696648023301,0.0
P1,F1,37,sdc_exact,pooled_iou,0.22902336607605775,0.22902336607605775,0.0
P1,F1,37,sdc_exact,pooled_miou,0.1741525129097332,0.1741525129097332,0.0
P1,F1,37,sdc_native,mean_tile_dice,0.21569965803259558,0.21569965803259558,0.0
P1,F1,37,sdc_native,mean_tile_iou,0.3043366627470395,0.3043366627470395,0.0
P1,F1,37,sdc_native,mean_tile_miou,0.22350370926105,0.22350370926105,0.0
P1,F1,37,sdc_native,pooled_dice,0.133696648023301,0.133696648023301,0.0
P1,F1,37,sdc_native,pooled_iou,0.22902336607605775,0.22902336607605775,0.0
P1,F1,37,sdc_native,pooled_miou,0.1741525129097332,0.1741525129097332,0.0
P1,F1,71,fit_dice_exact,mean_tile_dice,0.23528647631939414,0.23528647631939414,0.0
P1,F1,71,fit_dice_exact,mean_tile_iou,0.32810988543058384,0.32810988543058384,0.0
P1,F1,71,fit_dice_exact,mean_tile_miou,0.22487063319974557,0.22487063319974557,0.0
P1,F1,71,fit_dice_exact,pooled_dice,0.16362261079450532,0.16362261079450532,0.0
P1,F1,71,fit_dice_exact,pooled_iou,0.2664138315744331,0.2664138315744331,0.0
P1,F1,71,fit_dice_exact,pooled_miou,0.18358006809816366,0.18358006809816366,0.0
P1,F1,71,fit_iou_exact,mean_tile_dice,0.2392251565149919,0.2392251565149919,0.0
P1,F1,71,fit_iou_exact,mean_tile_iou,0.33084669707598613,0.33084669707598613,0.0
P1,F1,71,fit_iou_exact,mean_tile_miou,0.22357083971413427,0.22357083971413427,0.0
P1,F1,71,fit_iou_exact,pooled_dice,0.16079342754548012,0.16079342754548012,0.0
P1,F1,71,fit_iou_exact,pooled_iou,0.26257555974355656,0.26257555974355656,0.0
P1,F1,71,fit_iou_exact,pooled_miou,0.1788469417558835,0.1788469417558835,0.0
P1,F1,71,fit_miou_exact,mean_tile_dice,0.40472875310573087,0.40472875310573087,0.0
P1,F1,71,fit_miou_exact,mean_tile_iou,0.4775944829857164,0.4775944829857164,0.0
P1,F1,71,fit_miou_exact,mean_tile_miou,0.2585877395802367,0.2585877395802367,0.0
P1,F1,71,fit_miou_exact,pooled_dice,0.16550275796270839,0.16550275796270839,0.0
P1,F1,71,fit_miou_exact,pooled_iou,0.2626501055557491,0.2626501055557491,0.0
P1,F1,71,fit_miou_exact,pooled_miou,0.14568017375425704,0.14568017375425704,0.0
P1,F1,71,frozen_v2,mean_tile_dice,0.3887238840037964,0.3887238840037964,0.0
P1,F1,71,frozen_v2,mean_tile_iou,0.4631895768071542,0.4631895768071542,0.0
P1,F1,71,frozen_v2,mean_tile_miou,0.2522445221465578,0.2522445221465578,0.0
P1,F1,71,frozen_v2,pooled_dice,0.16041277321462927,0.16041277321462927,0.0
P1,F1,71,frozen_v2,pooled_iou,0.25868784256549426,0.25868784256549426,0.0
P1,F1,71,frozen_v2,pooled_miou,0.14441020008252942,0.14441020008252942,0.0
P1,F1,71,legacy_self_overlap,mean_tile_dice,0.24136904075752064,0.24136904075752064,0.0
P1,F1,71,legacy_self_overlap,mean_tile_iou,0.33709481384397344,0.33709481384397344,0.0
P1,F1,71,legacy_self_overlap,mean_tile_miou,0.2464162061539294,0.2464162061539294,0.0
P1,F1,71,legacy_self_overlap,pooled_dice,0.17471735022829984,0.17471735022829984,0.0
P1,F1,71,legacy_self_overlap,pooled_iou,0.28284346026592333,0.28284346026592333,0.0
P1,F1,71,legacy_self_overlap,pooled_miou,0.2101815401444074,0.2101815401444074,0.0
P1,F1,71,sdc_exact,mean_tile_dice,0.24136904075752064,0.24136904075752064,0.0
P1,F1,71,sdc_exact,mean_tile_iou,0.33709481384397344,0.33709481384397344,0.0
P1,F1,71,sdc_exact,mean_tile_miou,0.24641327742195276,0.24641327742195276,0.0
P1,F1,71,sdc_exact,pooled_dice,0.17470431155364033,0.17470431155364033,0.0
P1,F1,71,sdc_exact,pooled_iou,0.2828292012814771,0.2828292012814771,0.0
P1,F1,71,sdc_exact,pooled_miou,0.21017925121942618,0.21017925121942618,0.0
P1,F1,71,sdc_native,mean_tile_dice,0.24136904075752064,0.24136904075752064,0.0
P1,F1,71,sdc_native,mean_tile_iou,0.33709481384397344,0.33709481384397344,0.0
P1,F1,71,sdc_native,mean_tile_miou,0.24641327742195276,0.24641327742195276,0.0
P1,F1,71,sdc_native,pooled_dice,0.17470431155364033,0.17470431155364033,0.0
P1,F1,71,sdc_native,pooled_iou,0.2828292012814771,0.2828292012814771,0.0
P1,F1,71,sdc_native,pooled_miou,0.21017925121942618,0.21017925121942618,0.0
P1,F2,13,fit_dice_exact,mean_tile_dice,0.4783938166751072,0.4783938166751072,0.0
P1,F2,13,fit_dice_exact,mean_tile_iou,0.5765736825699221,0.5765736825699221,0.0
P1,F2,13,fit_dice_exact,mean_tile_miou,0.32911424597805145,0.32911424597805145,0.0
P1,F2,13,fit_dice_exact,pooled_dice,0.3519411089768972,0.3519411089768972,0.0
P1,F2,13,fit_dice_exact,pooled_iou,0.49896776259473385,0.49896776259473385,0.0
P1,F2,13,fit_dice_exact,pooled_miou,0.29271769390036695,0.29271769390036695,0.0
P1,F2,13,fit_iou_exact,mean_tile_dice,0.47474843122201954,0.47474843122201954,0.0
P1,F2,13,fit_iou_exact,mean_tile_iou,0.5734298435750583,0.5734298435750583,0.0
P1,F2,13,fit_iou_exact,mean_tile_miou,0.3225825545912926,0.3225825545912926,0.0
P1,F2,13,fit_iou_exact,pooled_dice,0.34553331795535547,0.34553331795535547,0.0
P1,F2,13,fit_iou_exact,pooled_iou,0.4924284858020811,0.4924284858020811,0.0
P1,F2,13,fit_iou_exact,pooled_miou,0.28796524293819126,0.28796524293819126,0.0
P1,F2,13,fit_miou_exact,mean_tile_dice,0.5110934227360134,0.5110934227360134,0.0
P1,F2,13,fit_miou_exact,mean_tile_iou,0.6034860412160111,0.6034860412160111,0.0
P1,F2,13,fit_miou_exact,mean_tile_miou,0.3130210776108323,0.3130210776108323,0.0
P1,F2,13,fit_miou_exact,pooled_dice,0.32623924900002615,0.32623924900002615,0.0
P1,F2,13,fit_miou_exact,pooled_iou,0.4712627046148962,0.4712627046148962,0.0
P1,F2,13,fit_miou_exact,pooled_miou,0.26209558180174364,0.26209558180174364,0.0
P1,F2,13,frozen_v2,mean_tile_dice,0.5110934227360134,0.5110934227360134,0.0
P1,F2,13,frozen_v2,mean_tile_iou,0.6034860412160111,0.6034860412160111,0.0
P1,F2,13,frozen_v2,mean_tile_miou,0.3125123945674646,0.3125123945674646,0.0
P1,F2,13,frozen_v2,pooled_dice,0.3261231227873493,0.3261231227873493,0.0
P1,F2,13,frozen_v2,pooled_iou,0.4711297007894296,0.4711297007894296,0.0
P1,F2,13,frozen_v2,pooled_miou,0.26202962267646557,0.26202962267646557,0.0
P1,F2,13,legacy_self_overlap,mean_tile_dice,0.4849243542588159,0.4849243542588159,0.0
P1,F2,13,legacy_self_overlap,mean_tile_iou,0.5831327750461673,0.5831327750461673,0.0
P1,F2,13,legacy_self_overlap,mean_tile_miou,0.341790105610595,0.341790105610595,0.0
P1,F2,13,legacy_self_overlap,pooled_dice,0.3607499133900182,0.3607499133900182,0.0
P1,F2,13,legacy_self_overlap,pooled_iou,0.5084813039344487,0.5084813039344487,0.0
P1,F2,13,legacy_self_overlap,pooled_miou,0.30606957314530997,0.30606957314530997,0.0
P1,F2,13,sdc_exact,mean_tile_dice,0.4849243542588159,0.4849243542588159,0.0
P1,F2,13,sdc_exact,mean_tile_iou,0.5831327750461673,0.5831327750461673,0.0
P1,F2,13,sdc_exact,mean_tile_miou,0.3407773789703953,0.3407773789703953,0.0
P1,F2,13,sdc_exact,pooled_dice,0.3607496890814186,0.3607496890814186,0.0
P1,F2,13,sdc_exact,pooled_iou,0.5084810476331968,0.5084810476331968,0.0
P1,F2,13,sdc_exact,pooled_miou,0.30604640461278126,0.30604640461278126,0.0
P1,F2,13,sdc_native,mean_tile_dice,0.4849243542588159,0.4849243542588159,0.0
P1,F2,13,sdc_native,mean_tile_iou,0.5831327750461673,0.5831327750461673,0.0
P1,F2,13,sdc_native,mean_tile_miou,0.3407773789703953,0.3407773789703953,0.0
P1,F2,13,sdc_native,pooled_dice,0.3607496890814186,0.3607496890814186,0.0
P1,F2,13,sdc_native,pooled_iou,0.5084810476331968,0.5084810476331968,0.0
P1,F2,13,sdc_native,pooled_miou,0.30604640461278126,0.30604640461278126,0.0
P1,F2,37,fit_dice_exact,mean_tile_dice,0.478108901057297,0.478108901057297,0.0
P1,F2,37,fit_dice_exact,mean_tile_iou,0.5770947970135599,0.5770947970135599,0.0
P1,F2,37,fit_dice_exact,mean_tile_miou,0.3293398145701508,0.3293398145701508,0.0
P1,F2,37,fit_dice_exact,pooled_dice,0.3468314861166852,0.3468314861166852,0.0
P1,F2,37,fit_dice_exact,pooled_iou,0.4924061872057797,0.4924061872057797,0.0
P1,F2,37,fit_dice_exact,pooled_miou,0.2893726006232986,0.2893726006232986,0.0
P1,F2,37,fit_iou_exact,mean_tile_dice,0.47757684737687534,0.47757684737687534,0.0
P1,F2,37,fit_iou_exact,mean_tile_iou,0.5766809537647984,0.5766809537647984,0.0
P1,F2,37,fit_iou_exact,mean_tile_miou,0.3269755554619482,0.3269755554619482,0.0
P1,F2,37,fit_iou_exact,pooled_dice,0.34355441328533903,0.34355441328533903,0.0
P1,F2,37,fit_iou_exact,pooled_iou,0.488998277205834,0.488998277205834,0.0
P1,F2,37,fit_iou_exact,pooled_miou,0.28563977533996693,0.28563977533996693,0.0
P1,F2,37,fit_miou_exact,mean_tile_dice,0.5329326910679772,0.5329326910679772,0.0
P1,F2,37,fit_miou_exact,mean_tile_iou,0.6262743196658126,0.6262743196658126,0.0
P1,F2,37,fit_miou_exact,mean_tile_miou,0.3121323894266283,0.3121323894266283,0.0
P1,F2,37,fit_miou_exact,pooled_dice,0.35586397795093755,0.35586397795093755,0.0
P1,F2,37,fit_miou_exact,pooled_iou,0.5037605329100656,0.5037605329100656,0.0
P1,F2,37,fit_miou_exact,pooled_miou,0.27416270645882146,0.27416270645882146,0.0
P1,F2,37,frozen_v2,mean_tile_dice,0.5340493604370024,0.5340493604370024,0.0
P1,F2,37,frozen_v2,mean_tile_iou,0.6270395278203416,0.6270395278203416,0.0
P1,F2,37,frozen_v2,mean_tile_miou,0.3103361851095103,0.3103361851095103,0.0
P1,F2,37,frozen_v2,pooled_dice,0.3556345462613967,0.3556345462613967,0.0
P1,F2,37,frozen_v2,pooled_iou,0.5034947574888861,0.5034947574888861,0.0
P1,F2,37,frozen_v2,pooled_miou,0.27402049382550175,0.27402049382550175,0.0
P1,F2,37,legacy_self_overlap,mean_tile_dice,0.4922478428346586,0.4922478428346586,0.0
P1,F2,37,legacy_self_overlap,mean_tile_iou,0.5893060803159069,0.5893060803159069,0.0
P1,F2,37,legacy_self_overlap,mean_tile_miou,0.344863302336625,0.344863302336625,0.0
P1,F2,37,legacy_self_overlap,pooled_dice,0.3659341751708513,0.3659341751708513,0.0
P1,F2,37,legacy_self_overlap,pooled_iou,0.5126273490061238,0.5126273490061238,0.0
P1,F2,37,legacy_self_overlap,pooled_miou,0.3090743510542556,0.3090743510542556,0.0
P1,F2,37,sdc_exact,mean_tile_dice,0.4922478428346586,0.4922478428346586,0.0
P1,F2,37,sdc_exact,mean_tile_iou,0.5893060803159069,0.5893060803159069,0.0
P1,F2,37,sdc_exact,mean_tile_miou,0.3446873116592728,0.3446873116592728,0.0
P1,F2,37,sdc_exact,pooled_dice,0.3660085383500066,0.3660085383500066,0.0
P1,F2,37,sdc_exact,pooled_iou,0.5127172828136519,0.5127172828136519,0.0
P1,F2,37,sdc_exact,pooled_miou,0.3090843957920339,0.3090843957920339,0.0
P1,F2,37,sdc_native,mean_tile_dice,0.4922478428346586,0.4922478428346586,0.0
P1,F2,37,sdc_native,mean_tile_iou,0.5893060803159069,0.5893060803159069,0.0
P1,F2,37,sdc_native,mean_tile_miou,0.3446873116592728,0.3446873116592728,0.0
P1,F2,37,sdc_native,pooled_dice,0.3660085383500066,0.3660085383500066,0.0
P1,F2,37,sdc_native,pooled_iou,0.5127172828136519,0.5127172828136519,0.0
P1,F2,37,sdc_native,pooled_miou,0.3090843957920339,0.3090843957920339,0.0
P1,F2,71,fit_dice_exact,mean_tile_dice,0.4674165831696188,0.4674165831696188,0.0
P1,F2,71,fit_dice_exact,mean_tile_iou,0.5685669700120273,0.5685669700120273,0.0
P1,F2,71,fit_dice_exact,mean_tile_miou,0.32153904038353504,0.32153904038353504,0.0
P1,F2,71,fit_dice_exact,pooled_dice,0.34253249988538653,0.34253249988538653,0.0
P1,F2,71,fit_dice_exact,pooled_iou,0.48994977384714067,0.48994977384714067,0.0
P1,F2,71,fit_dice_exact,pooled_miou,0.28626377108358936,0.28626377108358936,0.0
P1,F2,71,fit_iou_exact,mean_tile_dice,0.46911672244425906,0.46911672244425906,0.0
P1,F2,71,fit_iou_exact,mean_tile_iou,0.5699071497596915,0.5699071497596915,0.0
P1,F2,71,fit_iou_exact,mean_tile_miou,0.3201235800958792,0.3201235800958792,0.0
P1,F2,71,fit_iou_exact,pooled_dice,0.33770376238231975,0.33770376238231975,0.0
P1,F2,71,fit_iou_exact,pooled_iou,0.4844760051536353,0.4844760051536353,0.0
P1,F2,71,fit_iou_exact,pooled_miou,0.28180339413155053,0.28180339413155053,0.0
P1,F2,71,fit_miou_exact,mean_tile_dice,0.5169239536643377,0.5169239536643377,0.0
P1,F2,71,fit_miou_exact,mean_tile_iou,0.611931152060635,0.611931152060635,0.0
P1,F2,71,fit_miou_exact,mean_tile_miou,0.3134786937281848,0.3134786937281848,0.0
P1,F2,71,fit_miou_exact,pooled_dice,0.3296773687158825,0.3296773687158825,0.0
P1,F2,71,fit_miou_exact,pooled_iou,0.47506959733074333,0.47506959733074333,0.0
P1,F2,71,fit_miou_exact,pooled_miou,0.2620748979522699,0.2620748979522699,0.0
P1,F2,71,frozen_v2,mean_tile_dice,0.5169507680548449,0.5169507680548449,0.0
P1,F2,71,frozen_v2,mean_tile_iou,0.6118798464371442,0.6118798464371442,0.0
P1,F2,71,frozen_v2,mean_tile_miou,0.3110987042055188,0.3110987042055188,0.0
P1,F2,71,frozen_v2,pooled_dice,0.32856353204478295,0.32856353204478295,0.0
P1,F2,71,frozen_v2,pooled_iou,0.4738299474268822,0.4738299474268822,0.0
P1,F2,71,frozen_v2,pooled_miou,0.2613320710479413,0.2613320710479413,0.0
P1,F2,71,legacy_self_overlap,mean_tile_dice,0.4843405990800537,0.4843405990800537,0.0
P1,F2,71,legacy_self_overlap,mean_tile_iou,0.5838640209508844,0.5838640209508844,0.0
P1,F2,71,legacy_self_overlap,mean_tile_miou,0.33562910201066554,0.33562910201066554,0.0
P1,F2,71,legacy_self_overlap,pooled_dice,0.3559878901476507,0.3559878901476507,0.0
P1,F2,71,legacy_self_overlap,pooled_iou,0.5048929083560192,0.5048929083560192,0.0
P1,F2,71,legacy_self_overlap,pooled_miou,0.29983265610584847,0.29983265610584847,0.0
P1,F2,71,sdc_exact,mean_tile_dice,0.4843405990800537,0.4843405990800537,0.0
P1,F2,71,sdc_exact,mean_tile_iou,0.5838640209508844,0.5838640209508844,0.0
P1,F2,71,sdc_exact,mean_tile_miou,0.3356997389913346,0.3356997389913346,0.0
P1,F2,71,sdc_exact,pooled_dice,0.35607915442562954,0.35607915442562954,0.0
P1,F2,71,sdc_exact,pooled_iou,0.5049978731780133,0.5049978731780133,0.0
P1,F2,71,sdc_exact,pooled_miou,0.29980441841587363,0.29980441841587363,0.0
P1,F2,71,sdc_native,mean_tile_dice,0.4843405990800537,0.4843405990800537,0.0
P1,F2,71,sdc_native,mean_tile_iou,0.5838640209508844,0.5838640209508844,0.0
P1,F2,71,sdc_native,mean_tile_miou,0.3356997389913346,0.3356997389913346,0.0
P1,F2,71,sdc_native,pooled_dice,0.35607915442562954,0.35607915442562954,0.0
P1,F2,71,sdc_native,pooled_iou,0.5049978731780133,0.5049978731780133,0.0
P1,F2,71,sdc_native,pooled_miou,0.29980441841587363,0.29980441841587363,0.0
P1,F3,13,fit_dice_exact,mean_tile_dice,0.4801706861412359,0.4801706861412359,0.0
P1,F3,13,fit_dice_exact,mean_tile_iou,0.5625915571379565,0.5625915571379565,0.0
P1,F3,13,fit_dice_exact,mean_tile_miou,0.3460334867613604,0.3460334867613604,0.0
P1,F3,13,fit_dice_exact,pooled_dice,0.3785296739680307,0.3785296739680307,0.0
P1,F3,13,fit_dice_exact,pooled_iou,0.5027584993798699,0.5027584993798699,0.0
P1,F3,13,fit_dice_exact,pooled_miou,0.314362322823324,0.314362322823324,0.0
P1,F3,13,fit_iou_exact,mean_tile_dice,0.4726810374604928,0.4726810374604928,0.0
P1,F3,13,fit_iou_exact,mean_tile_iou,0.5567117578766552,0.5567117578766552,0.0
P1,F3,13,fit_iou_exact,mean_tile_miou,0.342325560268928,0.342325560268928,0.0
P1,F3,13,fit_iou_exact,pooled_dice,0.37291465110493394,0.37291465110493394,0.0
P1,F3,13,fit_iou_exact,pooled_iou,0.49760661740981943,0.49760661740981943,0.0
P1,F3,13,fit_iou_exact,pooled_miou,0.3106472720396157,0.3106472720396157,0.0
P1,F3,13,fit_miou_exact,mean_tile_dice,0.4600309933473343,0.4600309933473343,0.0
P1,F3,13,fit_miou_exact,mean_tile_iou,0.5472962611704185,0.5472962611704185,0.0
P1,F3,13,fit_miou_exact,mean_tile_miou,0.3338597739355608,0.3338597739355608,0.0
P1,F3,13,fit_miou_exact,pooled_dice,0.35716218943116845,0.35716218943116845,0.0
P1,F3,13,fit_miou_exact,pooled_iou,0.481537490256184,0.481537490256184,0.0
P1,F3,13,fit_miou_exact,pooled_miou,0.2982242152580127,0.2982242152580127,0.0
P1,F3,13,frozen_v2,mean_tile_dice,0.4600309933473343,0.4600309933473343,0.0
P1,F3,13,frozen_v2,mean_tile_iou,0.5472962611704185,0.5472962611704185,0.0
P1,F3,13,frozen_v2,mean_tile_miou,0.3338600023240188,0.3338600023240188,0.0
P1,F3,13,frozen_v2,pooled_dice,0.3571642746538202,0.3571642746538202,0.0
P1,F3,13,frozen_v2,pooled_iou,0.4815394662331948,0.4815394662331948,0.0
P1,F3,13,frozen_v2,pooled_miou,0.29822578741513295,0.29822578741513295,0.0
P1,F3,13,legacy_self_overlap,mean_tile_dice,0.4782229502933827,0.4782229502933827,0.0
P1,F3,13,legacy_self_overlap,mean_tile_iou,0.5612423306482858,0.5612423306482858,0.0
P1,F3,13,legacy_self_overlap,mean_tile_miou,0.3453940656801722,0.3453940656801722,0.0
P1,F3,13,legacy_self_overlap,pooled_dice,0.377139651168175,0.377139651168175,0.0
P1,F3,13,legacy_self_overlap,pooled_iou,0.5020997317079613,0.5020997317079613,0.0
P1,F3,13,legacy_self_overlap,pooled_miou,0.31412434939511785,0.31412434939511785,0.0
P1,F3,13,sdc_exact,mean_tile_dice,0.4782229502933827,0.4782229502933827,0.0
P1,F3,13,sdc_exact,mean_tile_iou,0.5612423306482858,0.5612423306482858,0.0
P1,F3,13,sdc_exact,mean_tile_miou,0.3453940656801722,0.3453940656801722,0.0
P1,F3,13,sdc_exact,pooled_dice,0.377139651168175,0.377139651168175,0.0
P1,F3,13,sdc_exact,pooled_iou,0.5020997317079613,0.5020997317079613,0.0
P1,F3,13,sdc_exact,pooled_miou,0.31412434939511785,0.31412434939511785,0.0
P1,F3,13,sdc_native,mean_tile_dice,0.4782229502933827,0.4782229502933827,0.0
P1,F3,13,sdc_native,mean_tile_iou,0.5612423306482858,0.5612423306482858,0.0
P1,F3,13,sdc_native,mean_tile_miou,0.3453940656801722,0.3453940656801722,0.0
P1,F3,13,sdc_native,pooled_dice,0.377139651168175,0.377139651168175,0.0
P1,F3,13,sdc_native,pooled_iou,0.5020997317079613,0.5020997317079613,0.0
P1,F3,13,sdc_native,pooled_miou,0.31412434939511785,0.31412434939511785,0.0
P1,F3,37,fit_dice_exact,mean_tile_dice,0.45118128875112945,0.45118128875112945,0.0
P1,F3,37,fit_dice_exact,mean_tile_iou,0.5407692805967984,0.5407692805967984,0.0
P1,F3,37,fit_dice_exact,mean_tile_miou,0.3243317545070901,0.3243317545070901,0.0
P1,F3,37,fit_dice_exact,pooled_dice,0.3453224110492221,0.3453224110492221,0.0
P1,F3,37,fit_dice_exact,pooled_iou,0.4704871810955768,0.4704871810955768,0.0
P1,F3,37,fit_dice_exact,pooled_miou,0.28481132702312334,0.28481132702312334,0.0
P1,F3,37,fit_iou_exact,mean_tile_dice,0.45153658115222517,0.45153658115222517,0.0
P1,F3,37,fit_iou_exact,mean_tile_iou,0.5406413573670571,0.5406413573670571,0.0
P1,F3,37,fit_iou_exact,mean_tile_miou,0.32391075643396894,0.32391075643396894,0.0
P1,F3,37,fit_iou_exact,pooled_dice,0.34454712519473685,0.34454712519473685,0.0
P1,F3,37,fit_iou_exact,pooled_iou,0.4693766455945283,0.4693766455945283,0.0
P1,F3,37,fit_iou_exact,pooled_miou,0.28401989054612403,0.28401989054612403,0.0
P1,F3,37,fit_miou_exact,mean_tile_dice,0.4476713627559205,0.4476713627559205,0.0
P1,F3,37,fit_miou_exact,mean_tile_iou,0.5371609003959725,0.5371609003959725,0.0
P1,F3,37,fit_miou_exact,mean_tile_miou,0.31799641505309856,0.31799641505309856,0.0
P1,F3,37,fit_miou_exact,pooled_dice,0.3325252970879566,0.3325252970879566,0.0
P1,F3,37,fit_miou_exact,pooled_iou,0.45547862108954723,0.45547862108954723,0.0
P1,F3,37,fit_miou_exact,pooled_miou,0.27216858066521843,0.27216858066521843,0.0
P1,F3,37,frozen_v2,mean_tile_dice,0.4476713627559205,0.4476713627559205,0.0
P1,F3,37,frozen_v2,mean_tile_iou,0.5371609003959725,0.5371609003959725,0.0
P1,F3,37,frozen_v2,mean_tile_miou,0.31799641505309856,0.31799641505309856,0.0
P1,F3,37,frozen_v2,pooled_dice,0.3325252970879566,0.3325252970879566,0.0
P1,F3,37,frozen_v2,pooled_iou,0.45547862108954723,0.45547862108954723,0.0
P1,F3,37,frozen_v2,pooled_miou,0.27216858066521843,0.27216858066521843,0.0
P1,F3,37,legacy_self_overlap,mean_tile_dice,0.4525188071825355,0.4525188071825355,0.0
P1,F3,37,legacy_self_overlap,mean_tile_iou,0.5417522265120586,0.5417522265120586,0.0
P1,F3,37,legacy_self_overlap,mean_tile_miou,0.3248931437952762,0.3248931437952762,0.0
P1,F3,37,legacy_self_overlap,pooled_dice,0.34690917829098733,0.34690917829098733,0.0
P1,F3,37,legacy_self_overlap,pooled_iou,0.47244478763619674,0.47244478763619674,0.0
P1,F3,37,legacy_self_overlap,pooled_miou,0.2859302057745033,0.2859302057745033,0.0
P1,F3,37,sdc_exact,mean_tile_dice,0.4525188071825355,0.4525188071825355,0.0
P1,F3,37,sdc_exact,mean_tile_iou,0.5417522265120586,0.5417522265120586,0.0
P1,F3,37,sdc_exact,mean_tile_miou,0.3248931437952762,0.3248931437952762,0.0
P1,F3,37,sdc_exact,pooled_dice,0.34690917829098733,0.34690917829098733,0.0
P1,F3,37,sdc_exact,pooled_iou,0.47244478763619674,0.47244478763619674,0.0
P1,F3,37,sdc_exact,pooled_miou,0.2859302057745033,0.2859302057745033,0.0
P1,F3,37,sdc_native,mean_tile_dice,0.4525188071825355,0.4525188071825355,0.0
P1,F3,37,sdc_native,mean_tile_iou,0.5417522265120586,0.5417522265120586,0.0
P1,F3,37,sdc_native,mean_tile_miou,0.3248931437952762,0.3248931437952762,0.0
P1,F3,37,sdc_native,pooled_dice,0.34690917829098733,0.34690917829098733,0.0
P1,F3,37,sdc_native,pooled_iou,0.47244478763619674,0.47244478763619674,0.0
P1,F3,37,sdc_native,pooled_miou,0.2859302057745033,0.2859302057745033,0.0
P1,F3,71,fit_dice_exact,mean_tile_dice,0.42090389567743686,0.42090389567743686,0.0
P1,F3,71,fit_dice_exact,mean_tile_iou,0.5144001620029292,0.5144001620029292,0.0
P1,F3,71,fit_dice_exact,mean_tile_miou,0.30575523308210767,0.30575523308210767,0.0
P1,F3,71,fit_dice_exact,pooled_dice,0.3158811358362008,0.3158811358362008,0.0
P1,F3,71,fit_dice_exact,pooled_iou,0.4430357790191178,0.4430357790191178,0.0
P1,F3,71,fit_dice_exact,pooled_miou,0.2661051356746551,0.2661051356746551,0.0
P1,F3,71,fit_iou_exact,mean_tile_dice,0.4188330333570254,0.4188330333570254,0.0
P1,F3,71,fit_iou_exact,mean_tile_iou,0.512380374466383,0.512380374466383,0.0
P1,F3,71,fit_iou_exact,mean_tile_miou,0.3041364466268836,0.3041364466268836,0.0
P1,F3,71,fit_iou_exact,pooled_dice,0.31384966268626946,0.31384966268626946,0.0
P1,F3,71,fit_iou_exact,pooled_iou,0.44043413395198383,0.44043413395198383,0.0
P1,F3,71,fit_iou_exact,pooled_miou,0.26407019895076717,0.26407019895076717,0.0
P1,F3,71,fit_miou_exact,mean_tile_dice,0.4222392537878138,0.4222392537878138,0.0
P1,F3,71,fit_miou_exact,mean_tile_iou,0.514962148924759,0.514962148924759,0.0
P1,F3,71,fit_miou_exact,mean_tile_miou,0.29965033221709125,0.29965033221709125,0.0
P1,F3,71,fit_miou_exact,pooled_dice,0.29151228451886196,0.29151228451886196,0.0
P1,F3,71,fit_miou_exact,pooled_iou,0.41414801185658967,0.41414801185658967,0.0
P1,F3,71,fit_miou_exact,pooled_miou,0.24471556059702282,0.24471556059702282,0.0
P1,F3,71,frozen_v2,mean_tile_dice,0.4222392537878138,0.4222392537878138,0.0
P1,F3,71,frozen_v2,mean_tile_iou,0.514962148924759,0.514962148924759,0.0
P1,F3,71,frozen_v2,mean_tile_miou,0.29965033221709125,0.29965033221709125,0.0
P1,F3,71,frozen_v2,pooled_dice,0.29151228451886196,0.29151228451886196,0.0
P1,F3,71,frozen_v2,pooled_iou,0.41414801185658967,0.41414801185658967,0.0
P1,F3,71,frozen_v2,pooled_miou,0.24471556059702282,0.24471556059702282,0.0
P1,F3,71,legacy_self_overlap,mean_tile_dice,0.42010766895065893,0.42010766895065893,0.0
P1,F3,71,legacy_self_overlap,mean_tile_iou,0.5139859030378621,0.5139859030378621,0.0
P1,F3,71,legacy_self_overlap,mean_tile_miou,0.30574191711293475,0.30574191711293475,0.0
P1,F3,71,legacy_self_overlap,pooled_dice,0.3167849379338453,0.3167849379338453,0.0
P1,F3,71,legacy_self_overlap,pooled_iou,0.4436462626449949,0.4436462626449949,0.0
P1,F3,71,legacy_self_overlap,pooled_miou,0.26657315927803427,0.26657315927803427,0.0
P1,F3,71,sdc_exact,mean_tile_dice,0.42010766895065893,0.42010766895065893,0.0
P1,F3,71,sdc_exact,mean_tile_iou,0.5139859030378621,0.5139859030378621,0.0
P1,F3,71,sdc_exact,mean_tile_miou,0.30574191711293475,0.30574191711293475,0.0
P1,F3,71,sdc_exact,pooled_dice,0.3167849379338453,0.3167849379338453,0.0
P1,F3,71,sdc_exact,pooled_iou,0.4436462626449949,0.4436462626449949,0.0
P1,F3,71,sdc_exact,pooled_miou,0.26657315927803427,0.26657315927803427,0.0
P1,F3,71,sdc_native,mean_tile_dice,0.42010766895065893,0.42010766895065893,0.0
P1,F3,71,sdc_native,mean_tile_iou,0.5139859030378621,0.5139859030378621,0.0
P1,F3,71,sdc_native,mean_tile_miou,0.30574191711293475,0.30574191711293475,0.0
P1,F3,71,sdc_native,pooled_dice,0.3167849379338453,0.3167849379338453,0.0
P1,F3,71,sdc_native,pooled_iou,0.4436462626449949,0.4436462626449949,0.0
P1,F3,71,sdc_native,pooled_miou,0.26657315927803427,0.26657315927803427,0.0
P2,F1,13,fit_dice_exact,mean_tile_dice,0.27645354485007373,0.2764539745270508,-4.296769770539832e-07
P2,F1,13,fit_dice_exact,mean_tile_iou,0.3688149705281164,0.36881468437939957,2.861487168326349e-07
P2,F1,13,fit_dice_exact,mean_tile_miou,0.2447068020264755,0.24470636940809912,4.3261837637253997e-07
P2,F1,13,fit_dice_exact,pooled_dice,0.17102756449469247,0.17102738938144935,1.7511324312824428e-07
P2,F1,13,fit_dice_exact,pooled_iou,0.2794752466662688,0.2794749478879201,2.987783486729789e-07
P2,F1,13,fit_dice_exact,pooled_miou,0.1894686598684753,0.1894682991518514,3.607166239039117e-07
P2,F1,13,fit_iou_exact,mean_tile_dice,0.2857298525049327,0.28573036206912594,-5.095641932295614e-07
P2,F1,13,fit_iou_exact,mean_tile_iou,0.3769008466095093,0.37690059017904265,2.564304666385908e-07
P2,F1,13,fit_iou_exact,mean_tile_miou,0.24511462978301254,0.24511423086817202,3.989148405214582e-07
P2,F1,13,fit_iou_exact,pooled_dice,0.16896206906157032,0.1689618964563418,1.7260522852668991e-07
P2,F1,13,fit_iou_exact,pooled_iou,0.2768266034277806,0.276826298624558,3.0480322260606485e-07
P2,F1,13,fit_iou_exact,pooled_miou,0.18451866983145157,0.18451832385476935,3.459766822200283e-07
P2,F1,13,fit_miou_exact,mean_tile_dice,0.4281671005644983,0.4281701524443569,-3.0518798586065543e-06
P2,F1,13,fit_miou_exact,mean_tile_iou,0.5051566139556374,0.5051576114485647,-9.97492927368171e-07
P2,F1,13,fit_miou_exact,mean_tile_miou,0.2753309851118073,0.27533118036081794,-1.9524901062606403e-07
P2,F1,13,fit_miou_exact,pooled_dice,0.17628261624758382,0.17628138912953778,1.2271180460377007e-06
P2,F1,13,fit_miou_exact,pooled_iou,0.2826604231348122,0.28265868973133657,1.7334034756455452e-06
P2,F1,13,fit_miou_exact,pooled_miou,0.16303344471690426,0.16303226891684766,1.1758000565964544e-06
P2,F1,13,frozen_v2,mean_tile_dice,0.4254090219321023,0.4254119536168813,-2.9316847789950806e-06
P2,F1,13,frozen_v2,mean_tile_iou,0.5026009831073139,0.5026018188843536,-8.3577703968718e-07
P2,F1,13,frozen_v2,mean_tile_miou,0.2742585975804797,0.27425869422918536,-9.664870564973782e-08
P2,F1,13,frozen_v2,pooled_dice,0.17631286555970885,0.1763115627127087,1.3028470001452686e-06
P2,F1,13,frozen_v2,pooled_iou,0.28274555012245467,0.28274368970564484,1.8604168098290685e-06
P2,F1,13,frozen_v2,pooled_miou,0.16326279823800793,0.1632615413219484,1.2569160595388151e-06
P2,F1,13,legacy_self_overlap,mean_tile_dice,0.26710944685424437,0.26711017480728566,-7.279530412906965e-07
P2,F1,13,legacy_self_overlap,mean_tile_iou,0.35960041661117487,0.35960061735069854,-2.0073952367027914e-07
P2,F1,13,legacy_self_overlap,mean_tile_miou,0.26093740004400884,0.2609372242167826,1.7582722622311309e-07
P2,F1,13,legacy_self_overlap,pooled_dice,0.18292335688054814,0.1829234150284976,-5.8147949455467085e-08
P2,F1,13,legacy_self_overlap,pooled_iou,0.29624047563853895,0.2962405555481976,-7.990965866788713e-08
P2,F1,13,legacy_self_overlap,pooled_miou,0.21905280386883672,0.2190526870574228,1.1681141390273986e-07
P2,F1,13,sdc_exact,mean_tile_dice,0.26710944685424437,0.26711017480728566,-7.279530412906965e-07
P2,F1,13,sdc_exact,mean_tile_iou,0.35960041661117487,0.35960061735069854,-2.0073952367027914e-07
P2,F1,13,sdc_exact,mean_tile_miou,0.26093740004400884,0.2609372242167826,1.7582722622311309e-07
P2,F1,13,sdc_exact,pooled_dice,0.18292335688054814,0.1829234150284976,-5.8147949455467085e-08
P2,F1,13,sdc_exact,pooled_iou,0.29624047563853895,0.2962405555481976,-7.990965866788713e-08
P2,F1,13,sdc_exact,pooled_miou,0.21905280386883672,0.2190526870574228,1.1681141390273986e-07
P2,F1,13,sdc_native,mean_tile_dice,0.26710944685424437,0.26711017480728566,-7.279530412906965e-07
P2,F1,13,sdc_native,mean_tile_iou,0.35960041661117487,0.35960061735069854,-2.0073952367027914e-07
P2,F1,13,sdc_native,mean_tile_miou,0.26093740004400884,0.2609372242167826,1.7582722622311309e-07
P2,F1,13,sdc_native,pooled_dice,0.18292335688054814,0.1829234150284976,-5.8147949455467085e-08
P2,F1,13,sdc_native,pooled_iou,0.29624047563853895,0.2962405555481976,-7.990965866788713e-08
P2,F1,13,sdc_native,pooled_miou,0.21905280386883672,0.2190526870574228,1.1681141390273986e-07
P2,F1,37,fit_dice_exact,mean_tile_dice,0.2682794749518472,0.2682798935545395,-4.186026923425068e-07
P2,F1,37,fit_dice_exact,mean_tile_iou,0.36247785033811625,0.36247808713726026,-2.3679914401553148e-07
P2,F1,37,fit_dice_exact,mean_tile_miou,0.23789701087334658,0.23789685573041056,1.5514293602580942e-07
P2,F1,37,fit_dice_exact,pooled_dice,0.15253731660810602,0.15253881075826292,-1.4941501569054605e-06
P2,F1,37,fit_dice_exact,pooled_iou,0.25598733803116586,0.25598939919139424,-2.0611602283837627e-06
P2,F1,37,fit_dice_exact,pooled_miou,0.17284111886777578,0.17284197417994346,-8.553121676746489e-07
P2,F1,37,fit_iou_exact,mean_tile_dice,0.2737936377689435,0.27379373308724564,-9.531830214015713e-08
P2,F1,37,fit_iou_exact,mean_tile_iou,0.3675293182448074,0.3675292236020896,9.464271777392952e-08
P2,F1,37,fit_iou_exact,mean_tile_miou,0.23869120411133982,0.2386908347610433,3.693502965140816e-07
P2,F1,37,fit_iou_exact,pooled_dice,0.15266045000079337,0.15266160497662315,-1.1549758297813018e-06
P2,F1,37,fit_iou_exact,pooled_iou,0.25612270828312145,0.25612429123337477,-1.5829502533204476e-06
P2,F1,37,fit_iou_exact,pooled_miou,0.17103623469405657,0.17103681220528433,-5.775112277561778e-07
P2,F1,37,fit_miou_exact,mean_tile_dice,0.3655559273904043,0.36555574090060833,1.8648979599467097e-07
P2,F1,37,fit_miou_exact,mean_tile_iou,0.4497913560868012,0.4497905060720196,8.500147816170589e-07
P2,F1,37,fit_miou_exact,mean_tile_miou,0.2541507860000881,0.25414990706046103,8.789396270802996e-07
P2,F1,37,fit_miou_exact,pooled_dice,0.15855621451305665,0.15855453003017397,1.6844828826800828e-06
P2,F1,37,fit_miou_exact,pooled_iou,0.2626683325412011,0.2626661630692313,2.169471969792891e-06
P2,F1,37,fit_miou_exact,pooled_miou,0.15553731068172968,0.1555357580264158,1.5526553138744958e-06
P2,F1,37,frozen_v2,mean_tile_dice,0.36546469887590816,0.36546463306772115,6.580818701085178e-08
P2,F1,37,frozen_v2,mean_tile_iou,0.44930966542604683,0.4493089559128641,7.095131827061785e-07
P2,F1,37,frozen_v2,mean_tile_miou,0.25401008110090456,0.25400928586177857,7.952391259946623e-07
P2,F1,37,frozen_v2,pooled_dice,0.15758497390221587,0.1575834954791152,1.4784231006648163e-06
P2,F1,37,frozen_v2,pooled_iou,0.26111654947063473,0.26111463546363683,1.9140069978940133e-06
P2,F1,37,frozen_v2,pooled_miou,0.15477458574235886,0.15477317607037241,1.4096719864464813e-06
P2,F1,37,legacy_self_overlap,mean_tile_dice,0.25163561982598054,0.25163787257703896,-2.2527510584180455e-06
P2,F1,37,legacy_self_overlap,mean_tile_iou,0.3445281934019893,0.3445310457301482,-2.8523281588865856e-06
P2,F1,37,legacy_self_overlap,mean_tile_miou,0.25029063739331203,0.25029212513228305,-1.487738971017727e-06
P2,F1,37,legacy_self_overlap,pooled_dice,0.15864775011353183,0.15865078520658027,-3.0350930484424055e-06
P2,F1,37,legacy_self_overlap,pooled_iou,0.26427084058528416,0.26427501611140713,-4.175526122973672e-06
P2,F1,37,legacy_self_overlap,pooled_miou,0.19665634147813377,0.19665853719480522,-2.195716671454795e-06
P2,F1,37,sdc_exact,mean_tile_dice,0.25163561982598054,0.25163787257703896,-2.2527510584180455e-06
P2,F1,37,sdc_exact,mean_tile_iou,0.3445281934019893,0.3445310457301482,-2.8523281588865856e-06
P2,F1,37,sdc_exact,mean_tile_miou,0.25029063739331203,0.25029212513228305,-1.487738971017727e-06
P2,F1,37,sdc_exact,pooled_dice,0.15864775011353183,0.15865078520658027,-3.0350930484424055e-06
P2,F1,37,sdc_exact,pooled_iou,0.26427084058528416,0.26427501611140713,-4.175526122973672e-06
P2,F1,37,sdc_exact,pooled_miou,0.19665634147813377,0.19665853719480522,-2.195716671454795e-06
P2,F1,37,sdc_native,mean_tile_dice,0.25163561982598054,0.25163787257703896,-2.2527510584180455e-06
P2,F1,37,sdc_native,mean_tile_iou,0.3445281934019893,0.3445310457301482,-2.8523281588865856e-06
P2,F1,37,sdc_native,mean_tile_miou,0.25029063739331203,0.25029212513228305,-1.487738971017727e-06
P2,F1,37,sdc_native,pooled_dice,0.15864775011353183,0.15865078520658027,-3.0350930484424055e-06
P2,F1,37,sdc_native,pooled_iou,0.26427084058528416,0.26427501611140713,-4.175526122973672e-06
P2,F1,37,sdc_native,pooled_miou,0.19665634147813377,0.19665853719480522,-2.195716671454795e-06
P2,F1,71,fit_dice_exact,mean_tile_dice,0.27372309651244914,0.2737264903499739,-3.3938375247899444e-06
P2,F1,71,fit_dice_exact,mean_tile_iou,0.36755580962399304,0.36755931303681005,-3.503412817018603e-06
P2,F1,71,fit_dice_exact,mean_tile_miou,0.23973536913159813,0.23973761092366208,-2.2417920639561384e-06
P2,F1,71,fit_dice_exact,pooled_dice,0.1731756594142296,0.17317891937064536,-3.2599564157576033e-06
P2,F1,71,fit_dice_exact,pooled_iou,0.27936286357744805,0.2793668064541612,-3.942876713125543e-06
P2,F1,71,fit_dice_exact,pooled_miou,0.1839585330852947,0.18396090120748823,-2.36812219353566e-06
P2,F1,71,fit_iou_exact,mean_tile_dice,0.2856432525007959,0.2856462919895851,-3.0394887891582734e-06
P2,F1,71,fit_iou_exact,mean_tile_iou,0.3780720046360228,0.3780751386363609,-3.1340003380786463e-06
P2,F1,71,fit_iou_exact,mean_tile_miou,0.2417441912708447,0.24174618383319874,-1.992562354030669e-06
P2,F1,71,fit_iou_exact,pooled_dice,0.17025151768679966,0.17025451727896213,-2.999592162461484e-06
P2,F1,71,fit_iou_exact,pooled_iou,0.27647162664829567,0.2764752676477306,-3.6409994349506647e-06
P2,F1,71,fit_iou_exact,pooled_miou,0.17911313937364282,0.17911528664174128,-2.1472680984679915e-06
P2,F1,71,fit_miou_exact,mean_tile_dice,0.41849839658759674,0.41850147361345996,-3.077025863218452e-06
P2,F1,71,fit_miou_exact,mean_tile_iou,0.4951530686622667,0.49515565686595814,-2.5882036914226525e-06
P2,F1,71,fit_miou_exact,mean_tile_miou,0.26950244432503734,0.26950373488455126,-1.290559513922318e-06
P2,F1,71,fit_miou_exact,pooled_dice,0.16340994849073093,0.16340983300433945,1.1548639147762607e-07
P2,F1,71,fit_miou_exact,pooled_iou,0.2652950000060194,0.26529458994132993,4.1006468948223684e-07
P2,F1,71,fit_miou_exact,pooled_miou,0.15101909624974072,0.15101886834688263,2.2790285808538258e-07
P2,F1,71,frozen_v2,mean_tile_dice,0.41257037158529486,0.4125734492993225,-3.077714027632794e-06
P2,F1,71,frozen_v2,mean_tile_iou,0.48990538154395746,0.4899079408611268,-2.5593171693594208e-06
P2,F1,71,frozen_v2,mean_tile_miou,0.26676474913379405,0.2667660435940671,-1.2944602730269317e-06
P2,F1,71,frozen_v2,pooled_dice,0.16263724295456222,0.1626376469825717,-4.0402800946526263e-07
P2,F1,71,frozen_v2,pooled_iou,0.26433039864227403,0.2643306377432773,-2.3910100327428907e-07
P2,F1,71,frozen_v2,pooled_miou,0.15080041078627596,0.15080052166322142,-1.1087694545830473e-07
P2,F1,71,legacy_self_overlap,mean_tile_dice,0.2620894593223444,0.26209378064894484,-4.32132660044271e-06
P2,F1,71,legacy_self_overlap,mean_tile_iou,0.3569813973414485,0.35698610534416864,-4.70800272012184e-06
P2,F1,71,legacy_self_overlap,mean_tile_miou,0.2559527396966015,0.2559558939661888,-3.1542695873021387e-06
P2,F1,71,legacy_self_overlap,pooled_dice,0.19082282184501487,0.19082675229293322,-3.930447918354396e-06
P2,F1,71,legacy_self_overlap,pooled_iou,0.30288479694328824,0.30288952709277345,-4.730149485210333e-06
P2,F1,71,legacy_self_overlap,pooled_miou,0.21663942584777182,0.21664246995392578,-3.04410615395434e-06
P2,F1,71,sdc_exact,mean_tile_dice,0.2620894593223444,0.26209378064894484,-4.32132660044271e-06
P2,F1,71,sdc_exact,mean_tile_iou,0.3569813973414485,0.35698610534416864,-4.70800272012184e-06
P2,F1,71,sdc_exact,mean_tile_miou,0.2559527396966015,0.2559558939661888,-3.1542695873021387e-06
P2,F1,71,sdc_exact,pooled_dice,0.19082282184501487,0.19082675229293322,-3.930447918354396e-06
P2,F1,71,sdc_exact,pooled_iou,0.30288479694328824,0.30288952709277345,-4.730149485210333e-06
P2,F1,71,sdc_exact,pooled_miou,0.21663942584777182,0.21664246995392578,-3.04410615395434e-06
P2,F1,71,sdc_native,mean_tile_dice,0.2620894593223444,0.26209378064894484,-4.32132660044271e-06
P2,F1,71,sdc_native,mean_tile_iou,0.3569813973414485,0.35698610534416864,-4.70800272012184e-06
P2,F1,71,sdc_native,mean_tile_miou,0.2559527396966015,0.2559558939661888,-3.1542695873021387e-06
P2,F1,71,sdc_native,pooled_dice,0.19082282184501487,0.19082675229293322,-3.930447918354396e-06
P2,F1,71,sdc_native,pooled_iou,0.30288479694328824,0.30288952709277345,-4.730149485210333e-06
P2,F1,71,sdc_native,pooled_miou,0.21663942584777182,0.21664246995392578,-3.04410615395434e-06
P2,F2,13,fit_dice_exact,mean_tile_dice,0.47558876712765724,0.4755895143902583,-7.472626010751604e-07
P2,F2,13,fit_dice_exact,mean_tile_iou,0.5726108555191662,0.5726111803055455,-3.247863792354977e-07
P2,F2,13,fit_dice_exact,mean_tile_miou,0.32860891177072143,0.3286083654518439,5.463188775256533e-07
P2,F2,13,fit_dice_exact,pooled_dice,0.32678068501765184,0.3267799121002258,7.72917426061781e-07
P2,F2,13,fit_dice_exact,pooled_iou,0.46831837726959136,0.4683175251320508,8.521375405301512e-07
P2,F2,13,fit_dice_exact,pooled_miou,0.2875224960031642,0.28752140698566525,1.0890174989564017e-06
P2,F2,13,fit_iou_exact,mean_tile_dice,0.4748317781205261,0.47483228125347093,-5.031329448068611e-07
P2,F2,13,fit_iou_exact,mean_tile_iou,0.5717660488335654,0.5717661632643063,-1.1443074088290928e-07
P2,F2,13,fit_iou_exact,mean_tile_miou,0.321560321938084,0.32155968396654094,6.379715430382404e-07
P2,F2,13,fit_iou_exact,pooled_dice,0.3204379754811472,0.32043695021062546,1.0252705217594915e-06
P2,F2,13,fit_iou_exact,pooled_iou,0.4618000426917898,0.46179890657669903,1.1361150907829298e-06
P2,F2,13,fit_iou_exact,pooled_miou,0.2806255558570343,0.28062432542562377,1.2304314105371361e-06
P2,F2,13,fit_miou_exact,mean_tile_dice,0.5254536907832611,0.5254564653838901,-2.7746006290296776e-06
P2,F2,13,fit_miou_exact,mean_tile_iou,0.6145360486736381,0.6145374965121035,-1.4478384654514898e-06
P2,F2,13,fit_miou_exact,mean_tile_miou,0.32100652984681577,0.32100685996857103,-3.301217552653668e-07
P2,F2,13,fit_miou_exact,pooled_dice,0.3021230131932451,0.30212226997517067,7.432180744171291e-07
P2,F2,13,fit_miou_exact,pooled_iou,0.4429106194941034,0.44290992341042545,6.960836779201784e-07
P2,F2,13,fit_miou_exact,pooled_miou,0.25178049079884846,0.2517797834321953,7.073666531409728e-07
P2,F2,13,frozen_v2,mean_tile_dice,0.5319498529187539,0.531952822412307,-2.969493553162117e-06
P2,F2,13,frozen_v2,mean_tile_iou,0.6177277147892543,0.6177293449932435,-1.6302039892446274e-06
P2,F2,13,frozen_v2,mean_tile_miou,0.3071345539279551,0.3071350072516005,-4.533236453996281e-07
P2,F2,13,frozen_v2,pooled_dice,0.28902452028911285,0.28902430825988973,2.120292231233556e-07
P2,F2,13,frozen_v2,pooled_iou,0.4259357218435309,0.42593576653670806,-4.469317715916077e-08
P2,F2,13,frozen_v2,pooled_miou,0.24393182320238843,0.24393151267931623,3.105230722000307e-07
P2,F2,13,legacy_self_overlap,mean_tile_dice,0.4862495950284876,0.4862499686367637,-3.736082760941173e-07
P2,F2,13,legacy_self_overlap,mean_tile_iou,0.5812315353926155,0.5812315738580578,-3.846544227581461e-08
P2,F2,13,legacy_self_overlap,mean_tile_miou,0.33551341599950574,0.335512643841782,7.721577237607136e-07
P2,F2,13,legacy_self_overlap,pooled_dice,0.3342889406577942,0.3342879405943104,1.000063483802549e-06
P2,F2,13,legacy_self_overlap,pooled_iou,0.4757440525125867,0.4757429525578424,1.0999547443435453e-06
P2,F2,13,legacy_self_overlap,pooled_miou,0.2930946206537249,0.29309328447393695,1.336179787925218e-06
P2,F2,13,sdc_exact,mean_tile_dice,0.4862495950284876,0.4862499686367637,-3.736082760941173e-07
P2,F2,13,sdc_exact,mean_tile_iou,0.5812315353926155,0.5812315738580578,-3.846544227581461e-08
P2,F2,13,sdc_exact,mean_tile_miou,0.33672629363333,0.33672552147560625,7.721577237607136e-07
P2,F2,13,sdc_exact,pooled_dice,0.334644895285165,0.3346438984472705,9.968378945068856e-07
P2,F2,13,sdc_exact,pooled_iou,0.4762082601569693,0.4762071657317765,1.094425192804671e-06
P2,F2,13,sdc_exact,pooled_miou,0.29333236981362854,0.2933310369101746,1.3329034539433238e-06
P2,F2,13,sdc_native,mean_tile_dice,0.4862495950284876,0.4862499686367637,-3.736082760941173e-07
P2,F2,13,sdc_native,mean_tile_iou,0.5812315353926155,0.5812315738580578,-3.846544227581461e-08
P2,F2,13,sdc_native,mean_tile_miou,0.33672629363333,0.33672552147560625,7.721577237607136e-07
P2,F2,13,sdc_native,pooled_dice,0.334644895285165,0.3346438984472705,9.968378945068856e-07
P2,F2,13,sdc_native,pooled_iou,0.4762082601569693,0.4762071657317765,1.094425192804671e-06
P2,F2,13,sdc_native,pooled_miou,0.29333236981362854,0.2933310369101746,1.3329034539433238e-06
P2,F2,37,fit_dice_exact,mean_tile_dice,0.4900677428969972,0.49007024889476514,-2.505997767909829e-06
P2,F2,37,fit_dice_exact,mean_tile_iou,0.5840749659344522,0.5840764374723831,-1.471537930952671e-06
P2,F2,37,fit_dice_exact,mean_tile_miou,0.31979120569896413,0.3197914676790344,-2.619800702485797e-07
P2,F2,37,fit_dice_exact,pooled_dice,0.32711063884967095,0.32710981983729004,8.190123809148631e-07
P2,F2,37,fit_dice_exact,pooled_iou,0.4702196181008458,0.4702191387014646,4.79399381192458e-07
P2,F2,37,fit_dice_exact,pooled_miou,0.2876441010809727,0.28764340807892025,6.930020524653635e-07
P2,F2,37,fit_iou_exact,mean_tile_dice,0.49278318623588474,0.49278556636120335,-2.380125318612869e-06
P2,F2,37,fit_iou_exact,mean_tile_iou,0.5861278904920345,0.5861292528483737,-1.3623563391851334e-06
P2,F2,37,fit_iou_exact,mean_tile_miou,0.3135598063277655,0.3135600254041797,-2.1907641423180024e-07
P2,F2,37,fit_iou_exact,pooled_dice,0.32306956576340046,0.32306872337228904,8.423911114219251e-07
P2,F2,37,fit_iou_exact,pooled_iou,0.4659957821268007,0.465995268292755,5.138340457011559e-07
P2,F2,37,fit_iou_exact,pooled_miou,0.2822314393524188,0.28223073616183925,7.031905795429338e-07
P2,F2,37,fit_miou_exact,mean_tile_dice,0.5656599430820387,0.5656619035366622,-1.9604546235285625e-06
P2,F2,37,fit_miou_exact,mean_tile_iou,0.643369233779017,0.6433702116647307,-9.778857137376917e-07
P2,F2,37,fit_miou_exact,mean_tile_miou,0.31119997375379677,0.3112001768135322,-2.0305973541523414e-07
P2,F2,37,fit_miou_exact,pooled_dice,0.313759423186581,0.3137585459809869,8.77205594107533e-07
P2,F2,37,fit_miou_exact,pooled_iou,0.454261617741158,0.45426097451375913,6.432273988443704e-07
P2,F2,37,fit_miou_exact,pooled_miou,0.256569502357712,0.25656892020601424,5.82151697736677e-07
P2,F2,37,frozen_v2,mean_tile_dice,0.5766562277654266,0.5766559733819921,2.543834344281848e-07
P2,F2,37,frozen_v2,mean_tile_iou,0.6521905195074923,0.652190034247219,4.852602732974276e-07
P2,F2,37,frozen_v2,mean_tile_miou,0.3007651284232655,0.3007645519326195,5.764906460536956e-07
P2,F2,37,frozen_v2,pooled_dice,0.31394856526582154,0.3139474216458215,1.1436200000325414e-06
P2,F2,37,frozen_v2,pooled_iou,0.4551899710599958,0.45518899818629144,9.728737043745994e-07
P2,F2,37,frozen_v2,pooled_miou,0.2578565338748332,0.25785573734580336,7.965290298450611e-07
P2,F2,37,legacy_self_overlap,mean_tile_dice,0.497584930451963,0.49758743348557105,-2.503033608047822e-06
P2,F2,37,legacy_self_overlap,mean_tile_iou,0.5900130383738831,0.5900144979975886,-1.4596237055686245e-06
P2,F2,37,legacy_self_overlap,mean_tile_miou,0.32724863184507413,0.32724888269450736,-2.5084943322539743e-07
P2,F2,37,legacy_self_overlap,pooled_dice,0.33281043466789445,0.3328096272884381,8.073794563467906e-07
P2,F2,37,legacy_self_overlap,pooled_iou,0.47581617685331207,0.47581572027091157,4.5658240049872845e-07
P2,F2,37,legacy_self_overlap,pooled_miou,0.29220240341302406,0.29220172323498655,6.801780375043087e-07
P2,F2,37,sdc_exact,mean_tile_dice,0.497584930451963,0.49758743348557105,-2.503033608047822e-06
P2,F2,37,sdc_exact,mean_tile_iou,0.5900130383738831,0.5900144979975886,-1.4596237055686245e-06
P2,F2,37,sdc_exact,mean_tile_miou,0.32847774847888733,0.32847799932832056,-2.5084943322539743e-07
P2,F2,37,sdc_exact,pooled_dice,0.3335899188695415,0.3335891113023715,8.075671699692144e-07
P2,F2,37,sdc_exact,pooled_iou,0.47681114937560487,0.47681068662713716,4.627484677111049e-07
P2,F2,37,sdc_exact,pooled_miou,0.2925379400193816,0.2925372550496203,6.849697612998362e-07
P2,F2,37,sdc_native,mean_tile_dice,0.497584930451963,0.49758743348557105,-2.503033608047822e-06
P2,F2,37,sdc_native,mean_tile_iou,0.5900130383738831,0.5900144979975886,-1.4596237055686245e-06
P2,F2,37,sdc_native,mean_tile_miou,0.32847774847888733,0.32847799932832056,-2.5084943322539743e-07
P2,F2,37,sdc_native,pooled_dice,0.3335899188695415,0.3335891113023715,8.075671699692144e-07
P2,F2,37,sdc_native,pooled_iou,0.47681114937560487,0.47681068662713716,4.627484677111049e-07
P2,F2,37,sdc_native,pooled_miou,0.2925379400193816,0.2925372550496203,6.849697612998362e-07
P2,F2,71,fit_dice_exact,mean_tile_dice,0.4959493625846413,0.49594872984202343,6.327426178565076e-07
P2,F2,71,fit_dice_exact,mean_tile_iou,0.5909623699639686,0.5909616791996973,6.907642712272732e-07
P2,F2,71,fit_dice_exact,mean_tile_miou,0.33973122081720536,0.33973045524031525,7.655768901049242e-07
P2,F2,71,fit_dice_exact,pooled_dice,0.34512145962692337,0.34512036472264834,1.094904275023012e-06
P2,F2,71,fit_dice_exact,pooled_iou,0.4862136347432045,0.4862126543838759,9.80359328606184e-07
P2,F2,71,fit_dice_exact,pooled_miou,0.2997470998509682,0.2997462113192335,8.885317346885024e-07
P2,F2,71,fit_iou_exact,mean_tile_dice,0.4991065180200624,0.49910592515538393,5.928646784614244e-07
P2,F2,71,fit_iou_exact,mean_tile_iou,0.5934914451201168,0.5934907772965775,6.678235392465481e-07
P2,F2,71,fit_iou_exact,mean_tile_miou,0.3362352245166325,0.336234500393056,7.241235764898768e-07
P2,F2,71,fit_iou_exact,pooled_dice,0.3444074517771234,0.34440640972266473,1.0420544586664526e-06
P2,F2,71,fit_iou_exact,pooled_iou,0.48547437772046526,0.4854734311233927,9.465970725597295e-07
P2,F2,71,fit_iou_exact,pooled_miou,0.2972304071978635,0.2972295758254716,8.313723918740301e-07
P2,F2,71,fit_miou_exact,mean_tile_dice,0.5686556043859686,0.5686552464107979,3.5797517072833074e-07
P2,F2,71,fit_miou_exact,mean_tile_iou,0.6491520725297311,0.6491516333985862,4.391311448914692e-07
P2,F2,71,fit_miou_exact,mean_tile_miou,0.329537907277742,0.32953745171225307,4.5556548894376547e-07
P2,F2,71,fit_miou_exact,pooled_dice,0.34789577300969654,0.3478946636728334,1.1093368631476253e-06
P2,F2,71,fit_miou_exact,pooled_iou,0.4824950256781729,0.4824938884145196,1.1372636532502867e-06
P2,F2,71,fit_miou_exact,pooled_miou,0.2717475897365004,0.27174682446411697,7.652723834072894e-07
P2,F2,71,frozen_v2,mean_tile_dice,0.5750372677267718,0.5750369565773453,3.1114942644627774e-07
P2,F2,71,frozen_v2,mean_tile_iou,0.6539471175340021,0.6539467560967629,3.61437239249085e-07
P2,F2,71,frozen_v2,mean_tile_miou,0.31712679168899083,0.3171264050760113,3.866129795193629e-07
P2,F2,71,frozen_v2,pooled_dice,0.33590280323947774,0.3359018817968351,9.214426426318312e-07
P2,F2,71,frozen_v2,pooled_iou,0.47117092563796303,0.47117000453246294,9.211055000957202e-07
P2,F2,71,frozen_v2,pooled_miou,0.2664505294261141,0.26644989434236344,6.350837506441387e-07
P2,F2,71,legacy_self_overlap,mean_tile_dice,0.4964262839706695,0.4964255975786005,6.863920690158842e-07
P2,F2,71,legacy_self_overlap,mean_tile_iou,0.5909315846753347,0.5909308675689791,7.171063556299373e-07
P2,F2,71,legacy_self_overlap,mean_tile_miou,0.3420508224720358,0.34205000592840856,8.165436272133952e-07
P2,F2,71,legacy_self_overlap,pooled_dice,0.34512991027233036,0.3451287130893883,1.1971829420587277e-06
P2,F2,71,legacy_self_overlap,pooled_iou,0.4865223627525462,0.4865212858124751,1.076940071065291e-06
P2,F2,71,legacy_self_overlap,pooled_miou,0.30252819813809806,0.30252720480081785,9.933372802084506e-07
P2,F2,71,sdc_exact,mean_tile_dice,0.4964262839706695,0.4964255975786005,6.863920690158842e-07
P2,F2,71,sdc_exact,mean_tile_iou,0.5909315846753347,0.5909308675689791,7.171063556299373e-07
P2,F2,71,sdc_exact,mean_tile_miou,0.34249797387375835,0.342497157330131,8.165436273799287e-07
P2,F2,71,sdc_exact,pooled_dice,0.34528708567294125,0.34528588866977333,1.1970031679187088e-06
P2,F2,71,sdc_exact,pooled_iou,0.48672664323976367,0.4867255664007783,1.0768389853699212e-06
P2,F2,71,sdc_exact,pooled_miou,0.30265840503531455,0.30265741174688415,9.93288430395367e-07
P2,F2,71,sdc_native,mean_tile_dice,0.4964262839706695,0.4964255975786005,6.863920690158842e-07
P2,F2,71,sdc_native,mean_tile_iou,0.5909315846753347,0.5909308675689791,7.171063556299373e-07
P2,F2,71,sdc_native,mean_tile_miou,0.34249797387375835,0.342497157330131,8.165436273799287e-07
P2,F2,71,sdc_native,pooled_dice,0.34528708567294125,0.34528588866977333,1.1970031679187088e-06
P2,F2,71,sdc_native,pooled_iou,0.48672664323976367,0.4867255664007783,1.0768389853699212e-06
P2,F2,71,sdc_native,pooled_miou,0.30265840503531455,0.30265741174688415,9.93288430395367e-07
P2,F3,13,fit_dice_exact,mean_tile_dice,0.45363087769232857,0.45362936173541824,1.5159569103362358e-06
P2,F3,13,fit_dice_exact,mean_tile_iou,0.5505645299150546,0.5505622076390455,2.3222760090479966e-06
P2,F3,13,fit_dice_exact,mean_tile_miou,0.3358724948215006,0.33587034460316495,2.1502183356614246e-06
P2,F3,13,fit_dice_exact,pooled_dice,0.36972897384306824,0.36972833610402583,6.377390424083806e-07
P2,F3,13,fit_dice_exact,pooled_iou,0.5090408144218447,0.5090401458680301,6.685538145312364e-07
P2,F3,13,fit_dice_exact,pooled_miou,0.31245729411791295,0.3124561401678032,1.153950109744617e-06
P2,F3,13,fit_iou_exact,mean_tile_dice,0.4532888869819752,0.45328730076652335,1.586215451876427e-06
P2,F3,13,fit_iou_exact,mean_tile_iou,0.5497937877532673,0.5497914319887229,2.3557645443261777e-06
P2,F3,13,fit_iou_exact,mean_tile_miou,0.3365266020423511,0.3365244404748743,2.1615674767883064e-06
P2,F3,13,fit_iou_exact,pooled_dice,0.3710771049199083,0.37107651821065574,5.867092525702056e-07
P2,F3,13,fit_iou_exact,pooled_iou,0.5105907790653027,0.5105901399675977,6.390977049797186e-07
P2,F3,13,fit_iou_exact,pooled_miou,0.31399241312080045,0.3139912888766869,1.124244113526185e-06
P2,F3,13,fit_miou_exact,mean_tile_dice,0.4620162388971409,0.46201369670360254,2.5421935383462824e-06
P2,F3,13,fit_miou_exact,mean_tile_iou,0.5573771014304909,0.5573740184945334,3.0829359575212933e-06
P2,F3,13,fit_miou_exact,mean_tile_miou,0.32853380053897296,0.32853134885156854,2.4516874044255843e-06
P2,F3,13,fit_miou_exact,pooled_dice,0.3495869249985438,0.3495853173535929,1.6076449509405677e-06
P2,F3,13,fit_miou_exact,pooled_iou,0.48790117949457423,0.4878994245715921,1.7549229821556267e-06
P2,F3,13,fit_miou_exact,pooled_miou,0.2901811378794954,0.290179507845432,1.6300340633934596e-06
P2,F3,13,frozen_v2,mean_tile_dice,0.4617747752627946,0.46177223306925624,2.5421935383462824e-06
P2,F3,13,frozen_v2,mean_tile_iou,0.5572326516409223,0.5572295687049648,3.0829359575212933e-06
P2,F3,13,frozen_v2,mean_tile_miou,0.328571061468196,0.3285686097807915,2.4516874044810955e-06
P2,F3,13,frozen_v2,pooled_dice,0.3497243253523172,0.3497227215565776,1.6037957396020097e-06
P2,F3,13,frozen_v2,pooled_iou,0.48801267138477755,0.48801091967755994,1.7517072176120863e-06
P2,F3,13,frozen_v2,pooled_miou,0.2903399270965217,0.29033829845691655,1.628639605122384e-06
P2,F3,13,legacy_self_overlap,mean_tile_dice,0.4524722353081066,0.45247089385869826,1.3414494083319184e-06
P2,F3,13,legacy_self_overlap,mean_tile_iou,0.5496457411738034,0.5496435627280136,2.178445789757788e-06
P2,F3,13,legacy_self_overlap,mean_tile_miou,0.33541350226519917,0.3354114344370505,2.0678281486552486e-06
P2,F3,13,legacy_self_overlap,pooled_dice,0.3693881900382198,0.3693875676512915,6.223869283283889e-07
P2,F3,13,legacy_self_overlap,pooled_iou,0.5086231569961105,0.5086225057013516,6.512947589021323e-07
P2,F3,13,legacy_self_overlap,pooled_miou,0.3122250168241764,0.31222387884554476,1.137978631660097e-06
P2,F3,13,sdc_exact,mean_tile_dice,0.4524722353081066,0.45247089385869826,1.3414494083319184e-06
P2,F3,13,sdc_exact,mean_tile_iou,0.5496457411738034,0.5496435627280136,2.178445789757788e-06
P2,F3,13,sdc_exact,mean_tile_miou,0.33541928713246927,0.33541721930432056,2.0678281487107597e-06
P2,F3,13,sdc_exact,pooled_dice,0.36943767627412183,0.36943705450220793,6.217719139001154e-07
P2,F3,13,sdc_exact,pooled_iou,0.5086753064100933,0.5086746557411944,6.506688988716647e-07
P2,F3,13,sdc_exact,pooled_miou,0.3122574217598099,0.31225628408991424,1.1376698956788722e-06
P2,F3,13,sdc_native,mean_tile_dice,0.4524722353081066,0.45247089385869826,1.3414494083319184e-06
P2,F3,13,sdc_native,mean_tile_iou,0.5496457411738034,0.5496435627280136,2.178445789757788e-06
P2,F3,13,sdc_native,mean_tile_miou,0.33541928713246927,0.33541721930432056,2.0678281487107597e-06
P2,F3,13,sdc_native,pooled_dice,0.36943767627412183,0.36943705450220793,6.217719139001154e-07
P2,F3,13,sdc_native,pooled_iou,0.5086753064100933,0.5086746557411944,6.506688988716647e-07
P2,F3,13,sdc_native,pooled_miou,0.3122574217598099,0.31225628408991424,1.1376698956788722e-06
P2,F3,37,fit_dice_exact,mean_tile_dice,0.4846849858301583,0.484684498398975,4.874311833047429e-07
P2,F3,37,fit_dice_exact,mean_tile_iou,0.5864477382330718,0.5864471610717769,5.771612949789784e-07
P2,F3,37,fit_dice_exact,mean_tile_miou,0.37143647785425465,0.3714359411681424,5.366861122735322e-07
P2,F3,37,fit_dice_exact,pooled_dice,0.39564942400506714,0.39564884721798416,5.767870829842536e-07
P2,F3,37,fit_dice_exact,pooled_iou,0.5369846889460614,0.5369841453248283,5.436212331400014e-07
P2,F3,37,fit_dice_exact,pooled_miou,0.34293779780979605,0.34293727807181357,5.197379824850579e-07
P2,F3,37,fit_iou_exact,mean_tile_dice,0.4797025182418345,0.4797020466557035,4.715861310344849e-07
P2,F3,37,fit_iou_exact,mean_tile_iou,0.5817714974248487,0.5817709318751161,5.655497326007008e-07
P2,F3,37,fit_iou_exact,mean_tile_miou,0.3680605306405073,0.3680600102044296,5.204360777333328e-07
P2,F3,37,fit_iou_exact,pooled_dice,0.3928906507117148,0.3928900765975203,5.741141945181383e-07
P2,F3,37,fit_iou_exact,pooled_iou,0.534358021712653,0.534357477441632,5.442710210301627e-07
P2,F3,37,fit_iou_exact,pooled_miou,0.34040500098635346,0.34040449406633183,5.069200216256675e-07
P2,F3,37,fit_miou_exact,mean_tile_dice,0.4823626321486596,0.48236218357598715,4.4857267245124177e-07
P2,F3,37,fit_miou_exact,mean_tile_iou,0.5843050518476764,0.5843044880249614,5.638227150717157e-07
P2,F3,37,fit_miou_exact,mean_tile_miou,0.35838157207836685,0.3583810897720862,4.823062806358358e-07
P2,F3,37,fit_miou_exact,pooled_dice,0.37435391520038186,0.37435339146004,5.237403418734132e-07
P2,F3,37,fit_miou_exact,pooled_iou,0.5153434245071982,0.5153429068925712,5.176146269381121e-07
P2,F3,37,fit_miou_exact,pooled_miou,0.319125903934038,0.3191254571828557,4.467511823258441e-07
P2,F3,37,frozen_v2,mean_tile_dice,0.4828394754957632,0.48283902178314875,4.537126144787962e-07
P2,F3,37,frozen_v2,mean_tile_iou,0.5849005920946292,0.584900024350801,5.677438281725955e-07
P2,F3,37,frozen_v2,mean_tile_miou,0.3599218274864456,0.3599213415009756,4.85985469977912e-07
P2,F3,37,frozen_v2,pooled_dice,0.37637780127113873,0.3763772764110938,5.248600449259122e-07
P2,F3,37,frozen_v2,pooled_iou,0.5172637344531118,0.5172632144364305,5.200166812713292e-07
P2,F3,37,frozen_v2,pooled_miou,0.32148091770331405,0.3214804674411681,4.5026214595678127e-07
P2,F3,37,legacy_self_overlap,mean_tile_dice,0.48486453910724436,0.4848640384919085,5.00615335852217e-07
P2,F3,37,legacy_self_overlap,mean_tile_iou,0.5865766522494638,0.5865760678690362,5.843804276040032e-07
P2,F3,37,legacy_self_overlap,mean_tile_miou,0.37192086523181567,0.3719203244778495,5.407539661606009e-07
P2,F3,37,legacy_self_overlap,pooled_dice,0.39635844326537,0.3963578614958051,5.817695649112942e-07
P2,F3,37,legacy_self_overlap,pooled_iou,0.5376456504580814,0.5376451009782476,5.494798338556706e-07
P2,F3,37,legacy_self_overlap,pooled_miou,0.34369274049329,0.3436922172174258,5.23275864194872e-07
P2,F3,37,sdc_exact,mean_tile_dice,0.48486453910724436,0.4848640384919085,5.00615335852217e-07
P2,F3,37,sdc_exact,mean_tile_iou,0.5865766522494638,0.5865760678690362,5.843804276040032e-07
P2,F3,37,sdc_exact,mean_tile_miou,0.37235391615014596,0.37235337539617985,5.407539661050897e-07
P2,F3,37,sdc_exact,pooled_dice,0.3964240658640105,0.3964234842413424,5.816226681387704e-07
P2,F3,37,sdc_exact,pooled_iou,0.5377087889026461,0.5377082396202495,5.492823965669302e-07
P2,F3,37,sdc_exact,pooled_miou,0.3437367155700957,0.3437361924155513,5.231545444073227e-07
P2,F3,37,sdc_native,mean_tile_dice,0.48486453910724436,0.4848640384919085,5.00615335852217e-07
P2,F3,37,sdc_native,mean_tile_iou,0.5865766522494638,0.5865760678690362,5.843804276040032e-07
P2,F3,37,sdc_native,mean_tile_miou,0.37235391615014596,0.37235337539617985,5.407539661050897e-07
P2,F3,37,sdc_native,pooled_dice,0.3964240658640105,0.3964234842413424,5.816226681387704e-07
P2,F3,37,sdc_native,pooled_iou,0.5377087889026461,0.5377082396202495,5.492823965669302e-07
P2,F3,37,sdc_native,pooled_miou,0.3437367155700957,0.3437361924155513,5.231545444073227e-07
P2,F3,71,fit_dice_exact,mean_tile_dice,0.47143303312894286,0.4714319211387851,1.1119901577316682e-06
P2,F3,71,fit_dice_exact,mean_tile_iou,0.573242212205386,0.5732406960731705,1.5161322154400025e-06
P2,F3,71,fit_dice_exact,mean_tile_miou,0.37156383816079763,0.37156200512612636,1.8330346712724932e-06
P2,F3,71,fit_dice_exact,pooled_dice,0.361118054736686,0.36111792428249584,1.3045419017254645e-07
P2,F3,71,fit_dice_exact,pooled_iou,0.4973893640558308,0.49738896117306886,4.028827619295683e-07
P2,F3,71,fit_dice_exact,pooled_miou,0.32367167410727277,0.32367055725226573,1.1168550070328465e-06
P2,F3,71,fit_iou_exact,mean_tile_dice,0.47085520190598684,0.4708539794012302,1.2225047566483127e-06
P2,F3,71,fit_iou_exact,mean_tile_iou,0.5719025235623082,0.5719008288895082,1.6946727999789246e-06
P2,F3,71,fit_iou_exact,mean_tile_miou,0.37056212225400975,0.370560220953772,1.9013002377499255e-06
P2,F3,71,fit_iou_exact,pooled_dice,0.3592711720917271,0.3592710696045043,1.0248722281946954e-07
P2,F3,71,fit_iou_exact,pooled_iou,0.4956181726497192,0.49561781272591965,3.5992379954219444e-07
P2,F3,71,fit_iou_exact,pooled_miou,0.32247928645417717,0.3224782135326586,1.0729215185745211e-06
P2,F3,71,fit_miou_exact,mean_tile_dice,0.5019029777337266,0.5019019162039388,1.0615297878491248e-06
P2,F3,71,fit_miou_exact,mean_tile_iou,0.5973321204374046,0.5973305008882955,1.6195491090442715e-06
P2,F3,71,fit_miou_exact,mean_tile_miou,0.3664424906238401,0.3664409807023634,1.5099214766833846e-06
P2,F3,71,fit_miou_exact,pooled_dice,0.34022369558492316,0.34022368168993633,1.3894986827800437e-08
P2,F3,71,fit_miou_exact,pooled_iou,0.47474661055201656,0.47474610553874286,5.050132736994506e-07
P2,F3,71,fit_miou_exact,pooled_miou,0.2962456913435061,0.2962448517710531,8.395724530041448e-07
P2,F3,71,frozen_v2,mean_tile_dice,0.5016334122511215,0.5016323507213337,1.0615297877381025e-06
P2,F3,71,frozen_v2,mean_tile_iou,0.597167086167041,0.5971654666179319,1.6195491090442715e-06
P2,F3,71,frozen_v2,mean_tile_miou,0.3663774938380375,0.36637598391656084,1.5099214766833846e-06
P2,F3,71,frozen_v2,pooled_dice,0.3403089821689886,0.3403089691840987,1.2984889885547801e-08
P2,F3,71,frozen_v2,pooled_iou,0.47485394484769095,0.4748534413577503,5.034899406286542e-07
P2,F3,71,frozen_v2,pooled_miou,0.29631677019067026,0.2963159314170284,8.387736418757896e-07
P2,F3,71,legacy_self_overlap,mean_tile_dice,0.47781146325190915,0.477810545295015,9.179568941641847e-07
P2,F3,71,legacy_self_overlap,mean_tile_iou,0.579779725992985,0.579778395019972,1.330973013025094e-06
P2,F3,71,legacy_self_overlap,mean_tile_miou,0.3761232472087328,0.37612144438181905,1.8028269137548847e-06
P2,F3,71,legacy_self_overlap,pooled_dice,0.3684613352835517,0.36846112691145366,2.0837209802060386e-07
P2,F3,71,legacy_self_overlap,pooled_iou,0.5056895598442082,0.505689071160145,4.886840631046496e-07
P2,F3,71,legacy_self_overlap,pooled_miou,0.32892805828609395,0.3289268444538614,1.2138322325605522e-06
P2,F3,71,sdc_exact,mean_tile_dice,0.47781146325190915,0.477810545295015,9.179568941641847e-07
P2,F3,71,sdc_exact,mean_tile_iou,0.579779725992985,0.579778395019972,1.330973013025094e-06
P2,F3,71,sdc_exact,mean_tile_miou,0.3761232472087328,0.37612144438181905,1.8028269137548847e-06
P2,F3,71,sdc_exact,pooled_dice,0.3684613352835517,0.36846112691145366,2.0837209802060386e-07
P2,F3,71,sdc_exact,pooled_iou,0.5056895598442082,0.505689071160145,4.886840631046496e-07
P2,F3,71,sdc_exact,pooled_miou,0.32892805828609395,0.3289268444538614,1.2138322325605522e-06
P2,F3,71,sdc_native,mean_tile_dice,0.47781146325190915,0.477810545295015,9.179568941641847e-07
P2,F3,71,sdc_native,mean_tile_iou,0.579779725992985,0.579778395019972,1.330973013025094e-06
P2,F3,71,sdc_native,mean_tile_miou,0.3761232472087328,0.37612144438181905,1.8028269137548847e-06
P2,F3,71,sdc_native,pooled_dice,0.3684613352835517,0.36846112691145366,2.0837209802060386e-07
P2,F3,71,sdc_native,pooled_iou,0.5056895598442082,0.505689071160145,4.886840631046496e-07
P2,F3,71,sdc_native,pooled_miou,0.32892805828609395,0.3289268444538614,1.2138322325605522e-06
