block,arm,endpoint,metric,original_audit,stored_logits,mean_effect_change_raw_minus_stored
P1,fit_dice_exact,mean_tile_dice,delta_aurc,-0.004899513925020499,-0.004899513925020499,0.0
P1,fit_dice_exact,mean_tile_dice,delta_mean_risk_070_090,-0.0024655375847655314,-0.0024655375847655314,0.0
P1,fit_dice_exact,mean_tile_dice,delta_risk_080,-0.0033115454569129232,-0.0033115454569129232,0.0
P1,fit_dice_exact,mean_tile_iou,delta_aurc,-0.004708485367850056,-0.004708485367850056,0.0
P1,fit_dice_exact,mean_tile_iou,delta_mean_risk_070_090,-0.0019069914324519753,-0.0019069914324519753,0.0
P1,fit_dice_exact,mean_tile_iou,delta_risk_080,-0.0027578158525696415,-0.0027578158525696415,0.0
P1,fit_dice_exact,mean_tile_miou,delta_aurc,-0.01128974099655978,-0.01128974099655978,0.0
P1,fit_dice_exact,mean_tile_miou,delta_mean_risk_070_090,-0.0020359512122680723,-0.0020359512122680723,0.0
P1,fit_dice_exact,mean_tile_miou,delta_risk_080,-0.0028115112876482213,-0.0028115112876482213,0.0
P1,fit_dice_exact,pooled_dice,delta_aurc,-0.007571593722021045,-0.007571593722021045,0.0
P1,fit_dice_exact,pooled_dice,delta_mean_risk_070_090,-0.0028560902329573166,-0.0028560902329573166,0.0
P1,fit_dice_exact,pooled_dice,delta_risk_080,-0.003614562080718019,-0.003614562080718019,0.0
P1,fit_dice_exact,pooled_iou,delta_aurc,-0.009531219267700132,-0.009531219267700132,0.0
P1,fit_dice_exact,pooled_iou,delta_mean_risk_070_090,-0.0033130051697180837,-0.0033130051697180837,0.0
P1,fit_dice_exact,pooled_iou,delta_risk_080,-0.003827037900153719,-0.003827037900153719,0.0
P1,fit_dice_exact,pooled_miou,delta_aurc,-0.01385723076482067,-0.01385723076482067,0.0
P1,fit_dice_exact,pooled_miou,delta_mean_risk_070_090,-0.0026946201401251424,-0.0026946201401251424,0.0
P1,fit_dice_exact,pooled_miou,delta_risk_080,-0.0031778525411248018,-0.0031778525411248018,0.0
P1,fit_iou_exact,mean_tile_dice,delta_aurc,-0.005479062595900601,-0.005479062595900601,0.0
P1,fit_iou_exact,mean_tile_dice,delta_mean_risk_070_090,-0.003225434642579202,-0.003225434642579202,0.0
P1,fit_iou_exact,mean_tile_dice,delta_risk_080,-0.005017423554465359,-0.005017423554465359,0.0
P1,fit_iou_exact,mean_tile_iou,delta_aurc,-0.005229158048681953,-0.005229158048681953,0.0
P1,fit_iou_exact,mean_tile_iou,delta_mean_risk_070_090,-0.002531127981279049,-0.002531127981279049,0.0
P1,fit_iou_exact,mean_tile_iou,delta_risk_080,-0.003959879306454355,-0.003959879306454355,0.0
P1,fit_iou_exact,mean_tile_miou,delta_aurc,-0.013261743754441446,-0.013261743754441446,0.0
P1,fit_iou_exact,mean_tile_miou,delta_mean_risk_070_090,-0.00416037683575395,-0.00416037683575395,0.0
P1,fit_iou_exact,mean_tile_miou,delta_risk_080,-0.005051133207218888,-0.005051133207218888,0.0
P1,fit_iou_exact,pooled_dice,delta_aurc,-0.010386887888451296,-0.010386887888451296,0.0
P1,fit_iou_exact,pooled_dice,delta_mean_risk_070_090,-0.0041576261354348155,-0.0041576261354348155,0.0
P1,fit_iou_exact,pooled_dice,delta_risk_080,-0.004432937572880189,-0.004432937572880189,0.0
P1,fit_iou_exact,pooled_iou,delta_aurc,-0.012575280188275901,-0.012575280188275901,0.0
P1,fit_iou_exact,pooled_iou,delta_mean_risk_070_090,-0.004892693173226431,-0.004892693173226431,0.0
P1,fit_iou_exact,pooled_iou,delta_risk_080,-0.00487375725172998,-0.00487375725172998,0.0
P1,fit_iou_exact,pooled_miou,delta_aurc,-0.016717120818141414,-0.016717120818141414,0.0
P1,fit_iou_exact,pooled_miou,delta_mean_risk_070_090,-0.00382531629977396,-0.00382531629977396,0.0
P1,fit_iou_exact,pooled_miou,delta_risk_080,-0.0037401596263702077,-0.0037401596263702077,0.0
P1,fit_miou_exact,mean_tile_dice,delta_aurc,0.062272669236441286,0.062272669236441286,0.0
P1,fit_miou_exact,mean_tile_dice,delta_mean_risk_070_090,0.035338029251041646,0.035338029251041646,0.0
P1,fit_miou_exact,mean_tile_dice,delta_risk_080,0.032884683142636255,0.032884683142636255,0.0
P1,fit_miou_exact,mean_tile_iou,delta_aurc,0.05722342736005867,0.05722342736005867,0.0
P1,fit_miou_exact,mean_tile_iou,delta_mean_risk_070_090,0.029962547232921966,0.029962547232921966,0.0
P1,fit_miou_exact,mean_tile_iou,delta_risk_080,0.02730379514644202,0.02730379514644202,0.0
P1,fit_miou_exact,mean_tile_miou,delta_aurc,-0.004748861325416508,-0.004748861325416508,0.0
P1,fit_miou_exact,mean_tile_miou,delta_mean_risk_070_090,-0.008512267101090733,-0.008512267101090733,0.0
P1,fit_miou_exact,mean_tile_miou,delta_risk_080,-0.010485447928987054,-0.010485447928987054,0.0
P1,fit_miou_exact,pooled_dice,delta_aurc,-0.012409336239552636,-0.012409336239552636,0.0
P1,fit_miou_exact,pooled_dice,delta_mean_risk_070_090,-0.018456547800698414,-0.018456547800698414,0.0
P1,fit_miou_exact,pooled_dice,delta_risk_080,-0.01895794569860811,-0.01895794569860811,0.0
P1,fit_miou_exact,pooled_iou,delta_aurc,-0.01478760943545323,-0.01478760943545323,0.0
P1,fit_miou_exact,pooled_iou,delta_mean_risk_070_090,-0.021053596434364566,-0.021053596434364566,0.0
P1,fit_miou_exact,pooled_iou,delta_risk_080,-0.02125602330639302,-0.02125602330639302,0.0
P1,fit_miou_exact,pooled_miou,delta_aurc,-0.0340618848918626,-0.0340618848918626,0.0
P1,fit_miou_exact,pooled_miou,delta_mean_risk_070_090,-0.02327550550952257,-0.02327550550952257,0.0
P1,fit_miou_exact,pooled_miou,delta_risk_080,-0.02309014276800725,-0.02309014276800725,0.0
P1,frozen_v2,mean_tile_dice,delta_aurc,0.06022967594140284,0.06022967594140284,0.0
P1,frozen_v2,mean_tile_dice,delta_mean_risk_070_090,0.03513454014567566,0.03513454014567566,0.0
P1,frozen_v2,mean_tile_dice,delta_risk_080,0.03307958448883627,0.03307958448883627,0.0
P1,frozen_v2,mean_tile_iou,delta_aurc,0.05524145316785657,0.05524145316785657,0.0
P1,frozen_v2,mean_tile_iou,delta_mean_risk_070_090,0.02964962647254497,0.02964962647254497,0.0
P1,frozen_v2,mean_tile_iou,delta_risk_080,0.02743844655257227,0.02743844655257227,0.0
P1,frozen_v2,mean_tile_miou,delta_aurc,-0.006170234373094435,-0.006170234373094435,0.0
P1,frozen_v2,mean_tile_miou,delta_mean_risk_070_090,-0.00927547120113343,-0.00927547120113343,0.0
P1,frozen_v2,mean_tile_miou,delta_risk_080,-0.010413958953482497,-0.010413958953482497,0.0
P1,frozen_v2,pooled_dice,delta_aurc,-0.01319416641585134,-0.01319416641585134,0.0
P1,frozen_v2,pooled_dice,delta_mean_risk_070_090,-0.01895845582787609,-0.01895845582787609,0.0
P1,frozen_v2,pooled_dice,delta_risk_080,-0.018930818118165285,-0.018930818118165285,0.0
P1,frozen_v2,pooled_iou,delta_aurc,-0.015500383266838882,-0.015500383266838882,0.0
P1,frozen_v2,pooled_iou,delta_mean_risk_070_090,-0.021621049959856038,-0.021621049959856038,0.0
P1,frozen_v2,pooled_iou,delta_risk_080,-0.02121340798512524,-0.02121340798512524,0.0
P1,frozen_v2,pooled_miou,delta_aurc,-0.03433076034036639,-0.03433076034036639,0.0
P1,frozen_v2,pooled_miou,delta_mean_risk_070_090,-0.023545338376371062,-0.023545338376371062,0.0
P1,frozen_v2,pooled_miou,delta_risk_080,-0.0230640088018622,-0.0230640088018622,0.0
P1,legacy_self_overlap,mean_tile_dice,delta_aurc,0.0,0.0,0.0
P1,legacy_self_overlap,mean_tile_dice,delta_mean_risk_070_090,0.0,0.0,0.0
P1,legacy_self_overlap,mean_tile_dice,delta_risk_080,0.0,0.0,0.0
P1,legacy_self_overlap,mean_tile_iou,delta_aurc,0.0,0.0,0.0
P1,legacy_self_overlap,mean_tile_iou,delta_mean_risk_070_090,0.0,0.0,0.0
P1,legacy_self_overlap,mean_tile_iou,delta_risk_080,0.0,0.0,0.0
P1,legacy_self_overlap,mean_tile_miou,delta_aurc,0.0001245565632066058,0.0001245565632066058,0.0
P1,legacy_self_overlap,mean_tile_miou,delta_mean_risk_070_090,0.0003365823747661614,0.0003365823747661614,0.0
P1,legacy_self_overlap,mean_tile_miou,delta_risk_080,0.00046893635070922716,0.00046893635070922716,0.0
P1,legacy_self_overlap,pooled_dice,delta_aurc,-1.6929385986106135e-05,-1.6929385986106135e-05,0.0
P1,legacy_self_overlap,pooled_dice,delta_mean_risk_070_090,-7.303609560642256e-05,-7.303609560642256e-05,0.0
P1,legacy_self_overlap,pooled_dice,delta_risk_080,-8.180031194111099e-05,-8.180031194111099e-05,0.0
P1,legacy_self_overlap,pooled_iou,delta_aurc,-2.0042593758225664e-05,-2.0042593758225664e-05,0.0
P1,legacy_self_overlap,pooled_iou,delta_mean_risk_070_090,-8.634930816022364e-05,-8.634930816022364e-05,0.0
P1,legacy_self_overlap,pooled_iou,delta_risk_080,-9.653079384144527e-05,-9.653079384144527e-05,0.0
P1,legacy_self_overlap,pooled_miou,delta_aurc,4.8500455229441265e-06,4.8500455229441265e-06,0.0
P1,legacy_self_overlap,pooled_miou,delta_mean_risk_070_090,1.1507838845335892e-05,1.1507838845335892e-05,0.0
P1,legacy_self_overlap,pooled_miou,delta_risk_080,-6.063077990929126e-06,-6.063077990929126e-06,0.0
P1,sdc_native,mean_tile_dice,delta_aurc,0.0,0.0,0.0
P1,sdc_native,mean_tile_dice,delta_mean_risk_070_090,0.0,0.0,0.0
P1,sdc_native,mean_tile_dice,delta_risk_080,0.0,0.0,0.0
P1,sdc_native,mean_tile_iou,delta_aurc,0.0,0.0,0.0
P1,sdc_native,mean_tile_iou,delta_mean_risk_070_090,0.0,0.0,0.0
P1,sdc_native,mean_tile_iou,delta_risk_080,0.0,0.0,0.0
P1,sdc_native,mean_tile_miou,delta_aurc,0.0,0.0,0.0
P1,sdc_native,mean_tile_miou,delta_mean_risk_070_090,0.0,0.0,0.0
P1,sdc_native,mean_tile_miou,delta_risk_080,0.0,0.0,0.0
P1,sdc_native,pooled_dice,delta_aurc,0.0,0.0,0.0
P1,sdc_native,pooled_dice,delta_mean_risk_070_090,0.0,0.0,0.0
P1,sdc_native,pooled_dice,delta_risk_080,0.0,0.0,0.0
P1,sdc_native,pooled_iou,delta_aurc,0.0,0.0,0.0
P1,sdc_native,pooled_iou,delta_mean_risk_070_090,0.0,0.0,0.0
P1,sdc_native,pooled_iou,delta_risk_080,0.0,0.0,0.0
P1,sdc_native,pooled_miou,delta_aurc,0.0,0.0,0.0
P1,sdc_native,pooled_miou,delta_mean_risk_070_090,0.0,0.0,0.0
P1,sdc_native,pooled_miou,delta_risk_080,0.0,0.0,0.0
P2,fit_dice_exact,mean_tile_dice,delta_aurc,0.0015074791615717774,0.0015071474946625567,3.3166690922067227e-07
P2,fit_dice_exact,mean_tile_dice,delta_mean_risk_070_090,0.002130218384628624,0.0021301980840169937,2.0300611630087728e-08
P2,fit_dice_exact,mean_tile_dice,delta_risk_080,0.00112757654021071,0.0011269570430314884,6.194971792217174e-07
P2,fit_dice_exact,mean_tile_iou,delta_aurc,0.0019403352276252117,0.001939856983158455,4.782444667566707e-07
P2,fit_dice_exact,mean_tile_iou,delta_mean_risk_070_090,0.001272076512432342,0.001271976168374933,1.0034405740892184e-07
P2,fit_dice_exact,mean_tile_iou,delta_risk_080,0.00044594247049546524,0.00044547595561075483,4.6651488471040727e-07
P2,fit_dice_exact,mean_tile_miou,delta_aurc,-0.007715101384042451,-0.0077153939112036335,2.9252716118258887e-07
P2,fit_dice_exact,mean_tile_miou,delta_mean_risk_070_090,-0.0019351447506292868,-0.0019352128162901784,6.806566089164086e-08
P2,fit_dice_exact,mean_tile_miou,delta_risk_080,-0.0014445210741075051,-0.0014447671175028603,2.460433953552048e-07
P2,fit_dice_exact,pooled_dice,delta_aurc,-0.006443236610258995,-0.00644346586971142,2.2925945242485007e-07
P2,fit_dice_exact,pooled_dice,delta_mean_risk_070_090,-0.004017323548194535,-0.004017453401625731,1.2985343119612663e-07
P2,fit_dice_exact,pooled_dice,delta_risk_080,-0.004217534008174185,-0.0042176815683456275,1.4756017144290645e-07
P2,fit_dice_exact,pooled_iou,delta_aurc,-0.00802487503157061,-0.008025195546318333,3.2051474772344657e-07
P2,fit_dice_exact,pooled_iou,delta_mean_risk_070_090,-0.00498345050497381,-0.004983585806115489,1.3530114167936702e-07
P2,fit_dice_exact,pooled_iou,delta_risk_080,-0.005225376922975509,-0.005225533255697264,1.5633272175494956e-07
P2,fit_dice_exact,pooled_miou,delta_aurc,-0.011727856320825989,-0.011728060273019465,2.0395219347581206e-07
P2,fit_dice_exact,pooled_miou,delta_mean_risk_070_090,-0.004222683963130854,-0.004222762984814233,7.902168337910187e-08
P2,fit_dice_exact,pooled_miou,delta_risk_080,-0.0042672041624922784,-0.004267289214883797,8.505239151856969e-08
P2,fit_iou_exact,mean_tile_dice,delta_aurc,0.0043879176844436076,0.004387464595516162,4.5308892744535395e-07
P2,fit_iou_exact,mean_tile_dice,delta_mean_risk_070_090,0.00481858773785076,0.004818507350023464,8.038782729584415e-08
P2,fit_iou_exact,mean_tile_dice,delta_risk_080,0.0026841524286216147,0.0026838052234191743,3.472052024404773e-07
P2,fit_iou_exact,mean_tile_iou,delta_aurc,0.004229675273753576,0.00422906723482614,6.080389274359596e-07
P2,fit_iou_exact,mean_tile_iou,delta_mean_risk_070_090,0.0029990667359242667,0.0029988710800960116,1.9565582825512712e-07
P2,fit_iou_exact,mean_tile_iou,delta_risk_080,0.001395776463578703,0.0013954552813726497,3.21182206053372e-07
P2,fit_iou_exact,mean_tile_miou,delta_aurc,-0.0096360678585221,-0.009636425519151677,3.5766062957652556e-07
P2,fit_iou_exact,mean_tile_miou,delta_mean_risk_070_090,-0.0038350714110841097,-0.0038351918613526836,1.20450268573883e-07
P2,fit_iou_exact,mean_tile_miou,delta_risk_080,-0.004019207621136223,-0.004019376679748696,1.6905861247376586e-07
P2,fit_iou_exact,pooled_dice,delta_aurc,-0.008578994288249106,-0.008579305574693755,3.1128644464861743e-07
P2,fit_iou_exact,pooled_dice,delta_mean_risk_070_090,-0.005800135250718652,-0.005800286298259276,1.5104754062366527e-07
P2,fit_iou_exact,pooled_dice,delta_risk_080,-0.0048356552986899065,-0.004835779904074559,1.246053846527817e-07
P2,fit_iou_exact,pooled_iou,delta_aurc,-0.010217522974496481,-0.010217954488888854,4.315143923728365e-07
P2,fit_iou_exact,pooled_iou,delta_mean_risk_070_090,-0.006963056533985385,-0.006963218783837698,1.6224985231304972e-07
P2,fit_iou_exact,pooled_iou,delta_risk_080,-0.005981111165772034,-0.005981240118077522,1.2895230548821968e-07
P2,fit_iou_exact,pooled_miou,delta_aurc,-0.014907481645696441,-0.014907740253528097,2.586078316560436e-07
P2,fit_iou_exact,pooled_miou,delta_mean_risk_070_090,-0.005834366607824453,-0.00583445901017522,9.24023507674343e-08
P2,fit_iou_exact,pooled_miou,delta_risk_080,-0.004873852488667378,-0.004873921451807712,6.896314033374984e-08
P2,fit_miou_exact,mean_tile_dice,delta_aurc,0.07133654871692727,0.07133649704371972,5.167320754617677e-08
P2,fit_miou_exact,mean_tile_dice,delta_mean_risk_070_090,0.04770654251776843,0.04770728331853336,-7.408007649326032e-07
P2,fit_miou_exact,mean_tile_dice,delta_risk_080,0.04564034431963027,0.045640823450868895,-4.791312386218105e-07
P2,fit_miou_exact,mean_tile_iou,delta_aurc,0.0618760424655517,0.061875487767010066,5.54698541634091e-07
P2,fit_miou_exact,mean_tile_iou,delta_mean_risk_070_090,0.03784066978392467,0.03784083120745553,-1.6142353086168182e-07
P2,fit_miou_exact,mean_tile_iou,delta_risk_080,0.03611433004106205,0.03611430978398375,2.025707829950152e-08
P2,fit_miou_exact,mean_tile_miou,delta_aurc,-0.004965861561642094,-0.004966136711714111,2.751500720165473e-07
P2,fit_miou_exact,mean_tile_miou,delta_mean_risk_070_090,-0.003154671979184472,-0.003154576760919218,-9.521826525426408e-08
P2,fit_miou_exact,mean_tile_miou,delta_risk_080,-0.0031061151421935365,-0.0031061060114976335,-9.130695902918179e-09
P2,fit_miou_exact,pooled_dice,delta_aurc,-0.017116375740409303,-0.01711754381175767,1.1680713483674943e-06
P2,fit_miou_exact,pooled_dice,delta_mean_risk_070_090,-0.017639625074827234,-0.01764012114059024,4.960657630052878e-07
P2,fit_miou_exact,pooled_dice,delta_risk_080,-0.017333681176078117,-0.017334075940948632,3.947648705149298e-07
P2,fit_miou_exact,pooled_iou,delta_aurc,-0.020770398660793426,-0.020771979772238998,1.5811114455720199e-06
P2,fit_miou_exact,pooled_iou,delta_mean_risk_070_090,-0.018443196475738926,-0.018443885734591055,6.892588521288656e-07
P2,fit_miou_exact,pooled_iou,delta_risk_080,-0.017426494004892976,-0.017427058267240367,5.642623473918473e-07
P2,fit_miou_exact,pooled_miou,delta_aurc,-0.0389510348867324,-0.03895183096448293,7.960777505325312e-07
P2,fit_miou_exact,pooled_miou,delta_mean_risk_070_090,-0.0219036423414264,-0.021903978571476697,3.3623005029834174e-07
P2,fit_miou_exact,pooled_miou,delta_risk_080,-0.021044772676150555,-0.02104503945729268,2.66781142125444e-07
P2,frozen_v2,mean_tile_dice,delta_aurc,0.07301017007699859,0.07300989872772018,2.7134927840788414e-07
P2,frozen_v2,mean_tile_dice,delta_mean_risk_070_090,0.047910395736315316,0.04791105749273729,-6.617564219726924e-07
P2,frozen_v2,mean_tile_dice,delta_risk_080,0.04661287311003742,0.046613250595621325,-3.774855839022706e-07
P2,frozen_v2,mean_tile_iou,delta_aurc,0.06285482517755124,0.06285413080028944,6.943772618006605e-07
P2,frozen_v2,mean_tile_iou,delta_mean_risk_070_090,0.03793305196403437,0.03793315315082167,-1.0118678730325348e-07
P2,frozen_v2,mean_tile_iou,delta_risk_080,0.036857392078532766,0.036857275459969786,1.1661856298000872e-07
P2,frozen_v2,mean_tile_miou,delta_aurc,-0.009316550995908581,-0.009316893043115719,3.4204720713790215e-07
P2,frozen_v2,mean_tile_miou,delta_mean_risk_070_090,-0.004024840172303491,-0.00402478218145485,-5.799084864133858e-08
P2,frozen_v2,mean_tile_miou,delta_risk_080,-0.0031740694992472376,-0.0031741195482917393,5.004904450166964e-08
P2,frozen_v2,pooled_dice,delta_aurc,-0.01982409178723145,-0.019825136952635374,1.045165403924797e-06
P2,frozen_v2,pooled_dice,delta_mean_risk_070_090,-0.017264135846994013,-0.01726465533376536,5.194867713463613e-07
P2,frozen_v2,pooled_dice,delta_risk_080,-0.014705103623162859,-0.014705568756261105,4.6513309824580684e-07
P2,frozen_v2,pooled_iou,delta_aurc,-0.023844039292662583,-0.023845464043766324,1.4247511037415728e-06
P2,frozen_v2,pooled_iou,delta_mean_risk_070_090,-0.018296885310695312,-0.018297596016710993,7.107060156809342e-07
P2,frozen_v2,pooled_iou,delta_risk_080,-0.0150648058547408,-0.015065445582069452,6.397273286523619e-07
P2,frozen_v2,pooled_miou,delta_aurc,-0.040065020602064676,-0.04006573757044683,7.169683821570128e-07
P2,frozen_v2,pooled_miou,delta_mean_risk_070_090,-0.0214347123169781,-0.021435066752048364,3.54435070262088e-07
P2,frozen_v2,pooled_miou,delta_risk_080,-0.01918046053067202,-0.01918077692004443,3.1638937240952014e-07
P2,legacy_self_overlap,mean_tile_dice,delta_aurc,0.0,0.0,0.0
P2,legacy_self_overlap,mean_tile_dice,delta_mean_risk_070_090,0.0,0.0,0.0
P2,legacy_self_overlap,mean_tile_dice,delta_risk_080,0.0,0.0,0.0
P2,legacy_self_overlap,mean_tile_iou,delta_aurc,0.0,0.0,0.0
P2,legacy_self_overlap,mean_tile_iou,delta_mean_risk_070_090,0.0,0.0,0.0
P2,legacy_self_overlap,mean_tile_iou,delta_risk_080,0.0,0.0,0.0
P2,legacy_self_overlap,mean_tile_miou,delta_aurc,-0.00036977571721782645,-0.00036977571721780796,-1.848564704087785e-17
P2,legacy_self_overlap,mean_tile_miou,delta_mean_risk_070_090,-0.000650590701475853,-0.000650590701475853,0.0
P2,legacy_self_overlap,mean_tile_miou,delta_risk_080,-1.0712718550650221e-05,-1.071271855065639e-05,6.168093921905815e-18
P2,legacy_self_overlap,pooled_dice,delta_aurc,-0.0001564136737968057,-0.0001564141159702517,4.421734459971686e-10
P2,legacy_self_overlap,pooled_dice,delta_mean_risk_070_090,-0.0003675661396846201,-0.00036756723445044746,1.094765827362558e-09
P2,legacy_self_overlap,pooled_dice,delta_risk_080,-0.00014164695492662686,-0.00014164791708808847,9.621614616150964e-10
P2,legacy_self_overlap,pooled_iou,delta_aurc,-0.00019763872360447878,-0.0001976387555897389,3.1985260116494316e-11
P2,legacy_self_overlap,pooled_iou,delta_mean_risk_070_090,-0.0004684396572328047,-0.0004684399538158838,2.965830791135278e-10
P2,legacy_self_overlap,pooled_iou,delta_risk_080,-0.00018451443617484298,-0.0001845158916181274,1.455443284420271e-09
P2,legacy_self_overlap,pooled_miou,delta_aurc,-8.665251954632142e-05,-8.665240438140677e-05,-1.1516491464625116e-10
P2,legacy_self_overlap,pooled_miou,delta_mean_risk_070_090,-0.00027168344443974216,-0.00027168361355345283,1.6911371066540004e-10
P2,legacy_self_overlap,pooled_miou,delta_risk_080,-0.00012332180928147855,-0.00012332266624301116,8.569615326061743e-10
P2,sdc_native,mean_tile_dice,delta_aurc,0.0,0.0,0.0
P2,sdc_native,mean_tile_dice,delta_mean_risk_070_090,0.0,0.0,0.0
P2,sdc_native,mean_tile_dice,delta_risk_080,0.0,0.0,0.0
P2,sdc_native,mean_tile_iou,delta_aurc,0.0,0.0,0.0
P2,sdc_native,mean_tile_iou,delta_mean_risk_070_090,0.0,0.0,0.0
P2,sdc_native,mean_tile_iou,delta_risk_080,0.0,0.0,0.0
P2,sdc_native,mean_tile_miou,delta_aurc,0.0,0.0,0.0
P2,sdc_native,mean_tile_miou,delta_mean_risk_070_090,0.0,0.0,0.0
P2,sdc_native,mean_tile_miou,delta_risk_080,0.0,0.0,0.0
P2,sdc_native,pooled_dice,delta_aurc,0.0,0.0,0.0
P2,sdc_native,pooled_dice,delta_mean_risk_070_090,0.0,0.0,0.0
P2,sdc_native,pooled_dice,delta_risk_080,0.0,0.0,0.0
P2,sdc_native,pooled_iou,delta_aurc,0.0,0.0,0.0
P2,sdc_native,pooled_iou,delta_mean_risk_070_090,0.0,0.0,0.0
P2,sdc_native,pooled_iou,delta_risk_080,0.0,0.0,0.0
P2,sdc_native,pooled_miou,delta_aurc,0.0,0.0,0.0
P2,sdc_native,pooled_miou,delta_mean_risk_070_090,0.0,0.0,0.0
P2,sdc_native,pooled_miou,delta_risk_080,0.0,0.0,0.0
