block,mask_basis,arm,coverage_measure,mean_delta,min_delta,max_delta
P1,original_audit,fit_dice_exact,event_macro_tile_coverage,0.0,0.0,0.0
P1,original_audit,fit_dice_exact,event_macro_area_coverage,0.0032050499968778487,-0.005727417380850142,0.01529756392575321
P1,original_audit,fit_dice_exact,event_macro_hazard_coverage,-0.01259539166549586,-0.05534048972732197,0.004396003374044555
P1,original_audit,fit_iou_exact,event_macro_tile_coverage,0.0,0.0,0.0
P1,original_audit,fit_iou_exact,event_macro_area_coverage,0.001012781534179842,-0.011355650449335064,0.024721286409126186
P1,original_audit,fit_iou_exact,event_macro_hazard_coverage,-0.013573960505257436,-0.05487294437334467,0.004974608644499612
P1,original_audit,fit_miou_exact,event_macro_tile_coverage,0.0,0.0,0.0
P1,original_audit,fit_miou_exact,event_macro_area_coverage,0.014689304478443053,-0.003110774863533061,0.030040504978068316
P1,original_audit,fit_miou_exact,event_macro_hazard_coverage,-0.21450196796366158,-0.36333040362619407,-0.0003456929671422637
P1,original_audit,frozen_v2,event_macro_tile_coverage,0.0,0.0,0.0
P1,original_audit,frozen_v2,event_macro_area_coverage,0.014689063645265503,-0.003110774863533061,0.030040504978068316
P1,original_audit,frozen_v2,event_macro_hazard_coverage,-0.21451882865120597,-0.36333040362619407,-0.0003456929671422637
P1,original_audit,legacy_self_overlap,event_macro_tile_coverage,0.0,0.0,0.0
P1,original_audit,legacy_self_overlap,event_macro_area_coverage,-0.0017200730982695786,-0.00516021929480881,0.0
P1,original_audit,legacy_self_overlap,event_macro_hazard_coverage,-0.00020899959969523775,-0.0009416521841484338,2.3079710395057518e-06
P1,original_audit,sdc_native,event_macro_tile_coverage,0.0,0.0,0.0
P1,original_audit,sdc_native,event_macro_area_coverage,0.0,0.0,0.0
P1,original_audit,sdc_native,event_macro_hazard_coverage,0.0,0.0,0.0
P1,stored_logits,fit_dice_exact,event_macro_tile_coverage,0.0,0.0,0.0
P1,stored_logits,fit_dice_exact,event_macro_area_coverage,0.0032050499968778487,-0.005727417380850142,0.01529756392575321
P1,stored_logits,fit_dice_exact,event_macro_hazard_coverage,-0.01259539166549586,-0.05534048972732197,0.004396003374044555
P1,stored_logits,fit_iou_exact,event_macro_tile_coverage,0.0,0.0,0.0
P1,stored_logits,fit_iou_exact,event_macro_area_coverage,0.001012781534179842,-0.011355650449335064,0.024721286409126186
P1,stored_logits,fit_iou_exact,event_macro_hazard_coverage,-0.013573960505257436,-0.05487294437334467,0.004974608644499612
P1,stored_logits,fit_miou_exact,event_macro_tile_coverage,0.0,0.0,0.0
P1,stored_logits,fit_miou_exact,event_macro_area_coverage,0.014689304478443053,-0.003110774863533061,0.030040504978068316
P1,stored_logits,fit_miou_exact,event_macro_hazard_coverage,-0.21450196796366158,-0.36333040362619407,-0.0003456929671422637
P1,stored_logits,frozen_v2,event_macro_tile_coverage,0.0,0.0,0.0
P1,stored_logits,frozen_v2,event_macro_area_coverage,0.014689063645265503,-0.003110774863533061,0.030040504978068316
P1,stored_logits,frozen_v2,event_macro_hazard_coverage,-0.21451882865120597,-0.36333040362619407,-0.0003456929671422637
P1,stored_logits,legacy_self_overlap,event_macro_tile_coverage,0.0,0.0,0.0
P1,stored_logits,legacy_self_overlap,event_macro_area_coverage,-0.0017200730982695786,-0.00516021929480881,0.0
P1,stored_logits,legacy_self_overlap,event_macro_hazard_coverage,-0.00020899959969523775,-0.0009416521841484338,2.3079710395057518e-06
P1,stored_logits,sdc_native,event_macro_tile_coverage,0.0,0.0,0.0
P1,stored_logits,sdc_native,event_macro_area_coverage,0.0,0.0,0.0
P1,stored_logits,sdc_native,event_macro_hazard_coverage,0.0,0.0,0.0
P2,original_audit,fit_dice_exact,event_macro_tile_coverage,0.0,0.0,0.0
P2,original_audit,fit_dice_exact,event_macro_area_coverage,0.005116607444127107,-0.0006960393431081346,0.02549204462735888
P2,original_audit,fit_dice_exact,event_macro_hazard_coverage,-0.013670273274432328,-0.0535954441596026,0.001084066355353408
P2,original_audit,fit_iou_exact,event_macro_tile_coverage,0.0,0.0,0.0
P2,original_audit,fit_iou_exact,event_macro_area_coverage,0.004973293158965244,-0.004344558745328464,0.017659423798995544
P2,original_audit,fit_iou_exact,event_macro_hazard_coverage,-0.014020444809377634,-0.053407790445879066,0.008673973803086876
P2,original_audit,fit_miou_exact,event_macro_tile_coverage,0.0,0.0,0.0
P2,original_audit,fit_miou_exact,event_macro_area_coverage,0.007836697559576031,-0.006170492287441265,0.023808844309350374
P2,original_audit,fit_miou_exact,event_macro_hazard_coverage,-0.16520818766302978,-0.37084170766210167,0.008115525180598993
P2,original_audit,frozen_v2,event_macro_tile_coverage,0.0,0.0,0.0
P2,original_audit,frozen_v2,event_macro_area_coverage,0.008338951279720742,-0.006170492287441265,0.029881544916937064
P2,original_audit,frozen_v2,event_macro_hazard_coverage,-0.1573095399094523,-0.37084170766210167,0.008115525180598993
P2,original_audit,legacy_self_overlap,event_macro_tile_coverage,0.0,0.0,0.0
P2,original_audit,legacy_self_overlap,event_macro_area_coverage,0.0005934356992883805,-0.004956625715770047,0.013071854167210795
P2,original_audit,legacy_self_overlap,event_macro_hazard_coverage,-0.000379340684477573,-0.0025670407887723456,0.0
P2,original_audit,sdc_native,event_macro_tile_coverage,0.0,0.0,0.0
P2,original_audit,sdc_native,event_macro_area_coverage,0.0,0.0,0.0
P2,original_audit,sdc_native,event_macro_hazard_coverage,0.0,0.0,0.0
P2,stored_logits,fit_dice_exact,event_macro_tile_coverage,0.0,0.0,0.0
P2,stored_logits,fit_dice_exact,event_macro_area_coverage,0.005116607444127107,-0.0006960393431081346,0.02549204462735888
P2,stored_logits,fit_dice_exact,event_macro_hazard_coverage,-0.013670273274432328,-0.0535954441596026,0.001084066355353408
P2,stored_logits,fit_iou_exact,event_macro_tile_coverage,0.0,0.0,0.0
P2,stored_logits,fit_iou_exact,event_macro_area_coverage,0.004973293158965244,-0.004344558745328464,0.017659423798995544
P2,stored_logits,fit_iou_exact,event_macro_hazard_coverage,-0.014020444809377634,-0.053407790445879066,0.008673973803086876
P2,stored_logits,fit_miou_exact,event_macro_tile_coverage,0.0,0.0,0.0
P2,stored_logits,fit_miou_exact,event_macro_area_coverage,0.007836697559576031,-0.006170492287441265,0.023808844309350374
P2,stored_logits,fit_miou_exact,event_macro_hazard_coverage,-0.16520818766302978,-0.37084170766210167,0.008115525180598993
P2,stored_logits,frozen_v2,event_macro_tile_coverage,0.0,0.0,0.0
P2,stored_logits,frozen_v2,event_macro_area_coverage,0.008338951279720742,-0.006170492287441265,0.029881544916937064
P2,stored_logits,frozen_v2,event_macro_hazard_coverage,-0.1573095399094523,-0.37084170766210167,0.008115525180598993
P2,stored_logits,legacy_self_overlap,event_macro_tile_coverage,0.0,0.0,0.0
P2,stored_logits,legacy_self_overlap,event_macro_area_coverage,0.0005934356992883805,-0.004956625715770047,0.013071854167210795
P2,stored_logits,legacy_self_overlap,event_macro_hazard_coverage,-0.000379340684477573,-0.0025670407887723456,0.0
P2,stored_logits,sdc_native,event_macro_tile_coverage,0.0,0.0,0.0
P2,stored_logits,sdc_native,event_macro_area_coverage,0.0,0.0,0.0
P2,stored_logits,sdc_native,event_macro_hazard_coverage,0.0,0.0,0.0
