block,partition,seed,mask_basis,arm,nominal_coverage,event_macro_tile_coverage,event_macro_area_coverage,event_macro_hazard_coverage
P1,F1,13,stored_logits,legacy_self_overlap,0.8000000000000002,0.8416666666666668,0.830705334006925,0.9957969282776548
P1,F1,13,stored_logits,frozen_v2,0.8000000000000002,0.8416666666666668,0.8564232053585501,0.6705171668982486
P1,F1,13,stored_logits,sdc_native,0.8000000000000002,0.8416666666666668,0.830705334006925,0.9957969282776548
P1,F1,13,stored_logits,sdc_exact,0.8000000000000002,0.8416666666666668,0.830705334006925,0.9957969282776548
P1,F1,13,stored_logits,fit_miou_exact,0.8000000000000002,0.8416666666666668,0.8564232053585501,0.6705171668982486
P1,F1,13,stored_logits,fit_dice_exact,0.8000000000000002,0.8416666666666668,0.8335754579854062,0.9951846536348861
P1,F1,13,stored_logits,fit_iou_exact,0.8000000000000002,0.8416666666666668,0.8308905751255705,0.9946333217752594
P1,F1,13,original_audit,legacy_self_overlap,0.8000000000000002,0.8416666666666668,0.830705334006925,0.9957969282776548
P1,F1,13,original_audit,frozen_v2,0.8000000000000002,0.8416666666666668,0.8564232053585501,0.6705171668982486
P1,F1,13,original_audit,sdc_native,0.8000000000000002,0.8416666666666668,0.830705334006925,0.9957969282776548
P1,F1,13,original_audit,sdc_exact,0.8000000000000002,0.8416666666666668,0.830705334006925,0.9957969282776548
P1,F1,13,original_audit,fit_miou_exact,0.8000000000000002,0.8416666666666668,0.8564232053585501,0.6705171668982486
P1,F1,13,original_audit,fit_dice_exact,0.8000000000000002,0.8416666666666668,0.8335754579854062,0.9951846536348861
P1,F1,13,original_audit,fit_iou_exact,0.8000000000000002,0.8416666666666668,0.8308905751255705,0.9946333217752594
P1,F1,37,stored_logits,legacy_self_overlap,0.8000000000000002,0.8416666666666668,0.8324091681980099,0.9965951582598099
P1,F1,37,stored_logits,frozen_v2,0.8000000000000002,0.8416666666666668,0.8292983933344769,0.6332647546336159
P1,F1,37,stored_logits,sdc_native,0.8000000000000002,0.8416666666666668,0.8324091681980099,0.9965951582598099
P1,F1,37,stored_logits,sdc_exact,0.8000000000000002,0.8416666666666668,0.8324091681980099,0.9965951582598099
P1,F1,37,stored_logits,fit_miou_exact,0.8000000000000002,0.8416666666666668,0.8292983933344769,0.6332647546336159
P1,F1,37,stored_logits,fit_dice_exact,0.8000000000000002,0.8416666666666668,0.8373202326681695,0.984987444867384
P1,F1,37,stored_logits,fit_iou_exact,0.8000000000000002,0.8416666666666668,0.8373202326681695,0.984987444867384
P1,F1,37,original_audit,legacy_self_overlap,0.8000000000000002,0.8416666666666668,0.8324091681980099,0.9965951582598099
P1,F1,37,original_audit,frozen_v2,0.8000000000000002,0.8416666666666668,0.8292983933344769,0.6332647546336159
P1,F1,37,original_audit,sdc_native,0.8000000000000002,0.8416666666666668,0.8324091681980099,0.9965951582598099
P1,F1,37,original_audit,sdc_exact,0.8000000000000002,0.8416666666666668,0.8324091681980099,0.9965951582598099
P1,F1,37,original_audit,fit_miou_exact,0.8000000000000002,0.8416666666666668,0.8292983933344769,0.6332647546336159
P1,F1,37,original_audit,fit_dice_exact,0.8000000000000002,0.8416666666666668,0.8373202326681695,0.984987444867384
P1,F1,37,original_audit,fit_iou_exact,0.8000000000000002,0.8416666666666668,0.8373202326681695,0.984987444867384
P1,F1,71,stored_logits,legacy_self_overlap,0.8000000000000002,0.8416666666666668,0.830705334006925,0.9957969282776548
P1,F1,71,stored_logits,frozen_v2,0.8000000000000002,0.8416666666666668,0.8564632937982051,0.7232965771534671
P1,F1,71,stored_logits,sdc_native,0.8000000000000002,0.8416666666666668,0.830705334006925,0.9957969282776548
P1,F1,71,stored_logits,sdc_exact,0.8000000000000002,0.8416666666666668,0.830705334006925,0.9957969282776548
P1,F1,71,stored_logits,fit_miou_exact,0.8000000000000002,0.8416666666666668,0.856465461296803,0.7234483233413667
P1,F1,71,stored_logits,fit_dice_exact,0.8000000000000002,0.8416666666666668,0.8309835979986668,0.9949851200952097
P1,F1,71,stored_logits,fit_iou_exact,0.8000000000000002,0.8416666666666668,0.8309835979986668,0.9949851200952097
P1,F1,71,original_audit,legacy_self_overlap,0.8000000000000002,0.8416666666666668,0.830705334006925,0.9957969282776548
P1,F1,71,original_audit,frozen_v2,0.8000000000000002,0.8416666666666668,0.8564632937982051,0.7232965771534671
P1,F1,71,original_audit,sdc_native,0.8000000000000002,0.8416666666666668,0.830705334006925,0.9957969282776548
P1,F1,71,original_audit,sdc_exact,0.8000000000000002,0.8416666666666668,0.830705334006925,0.9957969282776548
P1,F1,71,original_audit,fit_miou_exact,0.8000000000000002,0.8416666666666668,0.856465461296803,0.7234483233413667
P1,F1,71,original_audit,fit_dice_exact,0.8000000000000002,0.8416666666666668,0.8309835979986668,0.9949851200952097
P1,F1,71,original_audit,fit_iou_exact,0.8000000000000002,0.8416666666666668,0.8309835979986668,0.9949851200952097
P1,F2,13,stored_logits,legacy_self_overlap,0.8000000000000002,0.8151742581090407,0.7993459075955333,0.9758670191237222
P1,F2,13,stored_logits,frozen_v2,0.8000000000000002,0.8151742581090407,0.8345466318684104,0.7501355725852731
P1,F2,13,stored_logits,sdc_native,0.8000000000000002,0.8151742581090407,0.8045061268903421,0.9758647111526827
P1,F2,13,stored_logits,sdc_exact,0.8000000000000002,0.8151742581090407,0.8045061268903421,0.9758647111526827
P1,F2,13,stored_logits,fit_miou_exact,0.8000000000000002,0.8151742581090407,0.8345466318684104,0.7501355725852731
P1,F2,13,stored_logits,fit_dice_exact,0.8000000000000002,0.8151742581090407,0.8198036908160953,0.9569975473777742
P1,F2,13,stored_logits,fit_iou_exact,0.8000000000000002,0.8151742581090407,0.8292274132994683,0.9521693521307967
P1,F2,13,original_audit,legacy_self_overlap,0.8000000000000002,0.8151742581090407,0.7993459075955333,0.9758670191237222
P1,F2,13,original_audit,frozen_v2,0.8000000000000002,0.8151742581090407,0.8345466318684104,0.7501355725852731
P1,F2,13,original_audit,sdc_native,0.8000000000000002,0.8151742581090407,0.8045061268903421,0.9758647111526827
P1,F2,13,original_audit,sdc_exact,0.8000000000000002,0.8151742581090407,0.8045061268903421,0.9758647111526827
P1,F2,13,original_audit,fit_miou_exact,0.8000000000000002,0.8151742581090407,0.8345466318684104,0.7501355725852731
P1,F2,13,original_audit,fit_dice_exact,0.8000000000000002,0.8151742581090407,0.8198036908160953,0.9569975473777742
P1,F2,13,original_audit,fit_iou_exact,0.8000000000000002,0.8151742581090407,0.8292274132994683,0.9521693521307967
P1,F2,37,stored_logits,legacy_self_overlap,0.8000000000000002,0.8151742581090407,0.8073100029268789,0.9839889972756524
P1,F2,37,stored_logits,frozen_v2,0.8000000000000002,0.8151742581090407,0.8382765125762727,0.7018902550736413
P1,F2,37,stored_logits,sdc_native,0.8000000000000002,0.8151742581090407,0.8124702222216876,0.9849306494598006
P1,F2,37,stored_logits,sdc_exact,0.8000000000000002,0.8151742581090407,0.8124702222216876,0.9849306494598006
P1,F2,37,stored_logits,fit_miou_exact,0.8000000000000002,0.8151742581090407,0.8382765125762727,0.7018902550736413
P1,F2,37,stored_logits,fit_dice_exact,0.8000000000000002,0.8151742581090407,0.8199073636626265,0.9568689117012207
P1,F2,37,stored_logits,fit_iou_exact,0.8000000000000002,0.8151742581090407,0.8011145717723526,0.9554712566405265
P1,F2,37,original_audit,legacy_self_overlap,0.8000000000000002,0.8151742581090407,0.8073100029268789,0.9839889972756524
P1,F2,37,original_audit,frozen_v2,0.8000000000000002,0.8151742581090407,0.8382765125762727,0.7018902550736413
P1,F2,37,original_audit,sdc_native,0.8000000000000002,0.8151742581090407,0.8124702222216876,0.9849306494598006
P1,F2,37,original_audit,sdc_exact,0.8000000000000002,0.8151742581090407,0.8124702222216876,0.9849306494598006
P1,F2,37,original_audit,fit_miou_exact,0.8000000000000002,0.8151742581090407,0.8382765125762727,0.7018902550736413
P1,F2,37,original_audit,fit_dice_exact,0.8000000000000002,0.8151742581090407,0.8199073636626265,0.9568689117012207
P1,F2,37,original_audit,fit_iou_exact,0.8000000000000002,0.8151742581090407,0.8011145717723526,0.9554712566405265
P1,F2,71,stored_logits,legacy_self_overlap,0.8000000000000002,0.8151742581090407,0.7953820394956196,0.9599366994735165
P1,F2,71,stored_logits,frozen_v2,0.8000000000000002,0.8151742581090407,0.825509436530016,0.7236186980635768
P1,F2,71,stored_logits,sdc_native,0.8000000000000002,0.8151742581090407,0.8005422587904283,0.9608783516576649
P1,F2,71,stored_logits,sdc_exact,0.8000000000000002,0.8151742581090407,0.8005422587904283,0.9608783516576649
P1,F2,71,stored_logits,fit_miou_exact,0.8000000000000002,0.8151742581090407,0.825509436530016,0.7236186980635768
P1,F2,71,stored_logits,fit_dice_exact,0.8000000000000002,0.8151742581090407,0.8050547492157971,0.9578559725094475
P1,F2,71,stored_logits,fit_iou_exact,0.8000000000000002,0.8151742581090407,0.7927737908961836,0.9551565851214017
P1,F2,71,original_audit,legacy_self_overlap,0.8000000000000002,0.8151742581090407,0.7953820394956196,0.9599366994735165
P1,F2,71,original_audit,frozen_v2,0.8000000000000002,0.8151742581090407,0.825509436530016,0.7236186980635768
P1,F2,71,original_audit,sdc_native,0.8000000000000002,0.8151742581090407,0.8005422587904283,0.9608783516576649
P1,F2,71,original_audit,sdc_exact,0.8000000000000002,0.8151742581090407,0.8005422587904283,0.9608783516576649
P1,F2,71,original_audit,fit_miou_exact,0.8000000000000002,0.8151742581090407,0.825509436530016,0.7236186980635768
P1,F2,71,original_audit,fit_dice_exact,0.8000000000000002,0.8151742581090407,0.8050547492157971,0.9578559725094475
P1,F2,71,original_audit,fit_iou_exact,0.8000000000000002,0.8151742581090407,0.7927737908961836,0.9551565851214017
P1,F3,13,stored_logits,legacy_self_overlap,0.8000000000000002,0.8072674874145462,0.8096269778588653,0.847555406211901
P1,F3,13,stored_logits,frozen_v2,0.8000000000000002,0.8072674874145462,0.8097422962207844,0.8472097132447587
P1,F3,13,stored_logits,sdc_native,0.8000000000000002,0.8072674874145462,0.8096269778588653,0.847555406211901
P1,F3,13,stored_logits,sdc_exact,0.8000000000000002,0.8072674874145462,0.8096269778588653,0.847555406211901
P1,F3,13,stored_logits,fit_miou_exact,0.8000000000000002,0.8072674874145462,0.8097422962207844,0.8472097132447587
P1,F3,13,stored_logits,fit_dice_exact,0.8000000000000002,0.8072674874145462,0.8094334974077141,0.8481244444750611
P1,F3,13,stored_logits,fit_iou_exact,0.8000000000000002,0.8072674874145462,0.8098566899154126,0.8477477438481188
P1,F3,13,original_audit,legacy_self_overlap,0.8000000000000002,0.8072674874145462,0.8096269778588653,0.847555406211901
P1,F3,13,original_audit,frozen_v2,0.8000000000000002,0.8072674874145462,0.8097422962207844,0.8472097132447587
P1,F3,13,original_audit,sdc_native,0.8000000000000002,0.8072674874145462,0.8096269778588653,0.847555406211901
P1,F3,13,original_audit,sdc_exact,0.8000000000000002,0.8072674874145462,0.8096269778588653,0.847555406211901
P1,F3,13,original_audit,fit_miou_exact,0.8000000000000002,0.8072674874145462,0.8097422962207844,0.8472097132447587
P1,F3,13,original_audit,fit_dice_exact,0.8000000000000002,0.8072674874145462,0.8094334974077141,0.8481244444750611
P1,F3,13,original_audit,fit_iou_exact,0.8000000000000002,0.8072674874145462,0.8098566899154126,0.8477477438481188
P1,F3,37,stored_logits,legacy_self_overlap,0.8000000000000002,0.8072674874145462,0.8053009613781665,0.8416089272349263
P1,F3,37,stored_logits,frozen_v2,0.8000000000000002,0.8072674874145462,0.8099693240112587,0.8197236256538725
P1,F3,37,stored_logits,sdc_native,0.8000000000000002,0.8072674874145462,0.8053009613781665,0.8416089272349263
P1,F3,37,stored_logits,sdc_exact,0.8000000000000002,0.8072674874145462,0.8053009613781665,0.8416089272349263
P1,F3,37,stored_logits,fit_miou_exact,0.8000000000000002,0.8072674874145462,0.8099693240112587,0.8197236256538725
P1,F3,37,stored_logits,fit_dice_exact,0.8000000000000002,0.8072674874145462,0.8047606609496251,0.8460049306089709
P1,F3,37,stored_logits,fit_iou_exact,0.8000000000000002,0.8072674874145462,0.8082353527804743,0.8465835358794259
P1,F3,37,original_audit,legacy_self_overlap,0.8000000000000002,0.8072674874145462,0.8053009613781665,0.8416089272349263
P1,F3,37,original_audit,frozen_v2,0.8000000000000002,0.8072674874145462,0.8099693240112587,0.8197236256538725
P1,F3,37,original_audit,sdc_native,0.8000000000000002,0.8072674874145462,0.8053009613781665,0.8416089272349263
P1,F3,37,original_audit,sdc_exact,0.8000000000000002,0.8072674874145462,0.8053009613781665,0.8416089272349263
P1,F3,37,original_audit,fit_miou_exact,0.8000000000000002,0.8072674874145462,0.8099693240112587,0.8197236256538725
P1,F3,37,original_audit,fit_dice_exact,0.8000000000000002,0.8072674874145462,0.8047606609496251,0.8460049306089709
P1,F3,37,original_audit,fit_iou_exact,0.8000000000000002,0.8072674874145462,0.8082353527804743,0.8465835358794259
P1,F3,71,stored_logits,legacy_self_overlap,0.8000000000000002,0.8072674874145462,0.8112732137193814,0.9670889219562594
P1,F3,71,stored_logits,frozen_v2,0.8000000000000002,0.8072674874145462,0.8095120761801466,0.7657901613210466
P1,F3,71,stored_logits,sdc_native,0.8000000000000002,0.8072674874145462,0.8112732137193814,0.9670889219562594
P1,F3,71,stored_logits,sdc_exact,0.8000000000000002,0.8072674874145462,0.8112732137193814,0.9670889219562594
P1,F3,71,stored_logits,fit_miou_exact,0.8000000000000002,0.8072674874145462,0.8095120761801466,0.7657901613210466
P1,F3,71,stored_logits,fit_dice_exact,0.8000000000000002,0.8072674874145462,0.8055457963385313,0.9117484322289374
P1,F3,71,stored_logits,fit_iou_exact,0.8000000000000002,0.8072674874145462,0.8062524064220516,0.9122159775829147
P1,F3,71,original_audit,legacy_self_overlap,0.8000000000000002,0.8072674874145462,0.8112732137193814,0.9670889219562594
P1,F3,71,original_audit,frozen_v2,0.8000000000000002,0.8072674874145462,0.8095120761801466,0.7657901613210466
P1,F3,71,original_audit,sdc_native,0.8000000000000002,0.8072674874145462,0.8112732137193814,0.9670889219562594
P1,F3,71,original_audit,sdc_exact,0.8000000000000002,0.8072674874145462,0.8112732137193814,0.9670889219562594
P1,F3,71,original_audit,fit_miou_exact,0.8000000000000002,0.8072674874145462,0.8095120761801466,0.7657901613210466
P1,F3,71,original_audit,fit_dice_exact,0.8000000000000002,0.8072674874145462,0.8055457963385313,0.9117484322289374
P1,F3,71,original_audit,fit_iou_exact,0.8000000000000002,0.8072674874145462,0.8062524064220516,0.9122159775829147
P2,F1,13,stored_logits,legacy_self_overlap,0.8000000000000002,0.8416666666666668,0.8440729206717843,0.9972949540118423
P2,F1,13,stored_logits,frozen_v2,0.8000000000000002,0.8416666666666668,0.856086203439536,0.665063984435828
P2,F1,13,stored_logits,sdc_native,0.8000000000000002,0.8416666666666668,0.8440729206717843,0.9972949540118423
P2,F1,13,stored_logits,sdc_exact,0.8000000000000002,0.8416666666666668,0.8440729206717843,0.9972949540118423
P2,F1,13,stored_logits,fit_miou_exact,0.8000000000000002,0.8416666666666668,0.856086203439536,0.665063984435828
P2,F1,13,stored_logits,fit_dice_exact,0.8000000000000002,0.8416666666666668,0.8433768813286762,0.9436995098522397
P2,F1,13,stored_logits,fit_iou_exact,0.8000000000000002,0.8416666666666668,0.8433815074824003,0.9438871635659632
P2,F1,13,original_audit,legacy_self_overlap,0.8000000000000002,0.8416666666666668,0.8440729206717843,0.9972949540118423
P2,F1,13,original_audit,frozen_v2,0.8000000000000002,0.8416666666666668,0.856086203439536,0.665063984435828
P2,F1,13,original_audit,sdc_native,0.8000000000000002,0.8416666666666668,0.8440729206717843,0.9972949540118423
P2,F1,13,original_audit,sdc_exact,0.8000000000000002,0.8416666666666668,0.8440729206717843,0.9972949540118423
P2,F1,13,original_audit,fit_miou_exact,0.8000000000000002,0.8416666666666668,0.856086203439536,0.665063984435828
P2,F1,13,original_audit,fit_dice_exact,0.8000000000000002,0.8416666666666668,0.8433768813286762,0.9436995098522397
P2,F1,13,original_audit,fit_iou_exact,0.8000000000000002,0.8416666666666668,0.8433815074824003,0.9438871635659632
P2,F1,37,stored_logits,legacy_self_overlap,0.8000000000000002,0.8416666666666668,0.8439655159542159,0.9849623184804688
P2,F1,37,stored_logits,frozen_v2,0.8000000000000002,0.8416666666666668,0.8564569096515311,0.6697588610848547
P2,F1,37,stored_logits,sdc_native,0.8000000000000002,0.8416666666666668,0.8439655159542159,0.9849623184804688
P2,F1,37,stored_logits,sdc_exact,0.8000000000000002,0.8416666666666668,0.8439655159542159,0.9849623184804688
P2,F1,37,stored_logits,fit_miou_exact,0.8000000000000002,0.8416666666666668,0.8564569096515311,0.6697588610848547
P2,F1,37,stored_logits,fit_dice_exact,0.8000000000000002,0.8416666666666668,0.8433768813286762,0.9436995098522397
P2,F1,37,stored_logits,fit_iou_exact,0.8000000000000002,0.8416666666666668,0.8545159558296032,0.9439093309678488
P2,F1,37,original_audit,legacy_self_overlap,0.8000000000000002,0.8416666666666668,0.8439655159542159,0.9849623184804688
P2,F1,37,original_audit,frozen_v2,0.8000000000000002,0.8416666666666668,0.8564569096515311,0.6697588610848547
P2,F1,37,original_audit,sdc_native,0.8000000000000002,0.8416666666666668,0.8439655159542159,0.9849623184804688
P2,F1,37,original_audit,sdc_exact,0.8000000000000002,0.8416666666666668,0.8439655159542159,0.9849623184804688
P2,F1,37,original_audit,fit_miou_exact,0.8000000000000002,0.8416666666666668,0.8564569096515311,0.6697588610848547
P2,F1,37,original_audit,fit_dice_exact,0.8000000000000002,0.8416666666666668,0.8433768813286762,0.9436995098522397
P2,F1,37,original_audit,fit_iou_exact,0.8000000000000002,0.8416666666666668,0.8545159558296032,0.9439093309678488
P2,F1,71,stored_logits,legacy_self_overlap,0.8000000000000002,0.8416666666666668,0.8423233224062692,0.9961835417819269
P2,F1,71,stored_logits,frozen_v2,0.8000000000000002,0.8416666666666668,0.8432408119662187,0.6253418341198252
P2,F1,71,stored_logits,sdc_native,0.8000000000000002,0.8416666666666668,0.8423233224062692,0.9961835417819269
P2,F1,71,stored_logits,sdc_exact,0.8000000000000002,0.8416666666666668,0.8423233224062692,0.9961835417819269
P2,F1,71,stored_logits,fit_miou_exact,0.8000000000000002,0.8416666666666668,0.8432408119662187,0.6253418341198252
P2,F1,71,stored_logits,fit_dice_exact,0.8000000000000002,0.8416666666666668,0.8416377394843246,0.9686831615219268
P2,F1,71,stored_logits,fit_iou_exact,0.8000000000000002,0.8416666666666668,0.8416377394843246,0.9686831615219268
P2,F1,71,original_audit,legacy_self_overlap,0.8000000000000002,0.8416666666666668,0.8423233224062692,0.9961835417819269
P2,F1,71,original_audit,frozen_v2,0.8000000000000002,0.8416666666666668,0.8432408119662187,0.6253418341198252
P2,F1,71,original_audit,sdc_native,0.8000000000000002,0.8416666666666668,0.8423233224062692,0.9961835417819269
P2,F1,71,original_audit,sdc_exact,0.8000000000000002,0.8416666666666668,0.8423233224062692,0.9961835417819269
P2,F1,71,original_audit,fit_miou_exact,0.8000000000000002,0.8416666666666668,0.8432408119662187,0.6253418341198252
P2,F1,71,original_audit,fit_dice_exact,0.8000000000000002,0.8416666666666668,0.8416377394843246,0.9686831615219268
P2,F1,71,original_audit,fit_iou_exact,0.8000000000000002,0.8416666666666668,0.8416377394843246,0.9686831615219268
P2,F2,13,stored_logits,legacy_self_overlap,0.8000000000000002,0.8151742581090407,0.8141223780173893,0.9801516670234154
P2,F2,13,stored_logits,frozen_v2,0.8000000000000002,0.8151742581090407,0.8237387823598704,0.873674315058671
P2,F2,13,stored_logits,sdc_native,0.8000000000000002,0.8151742581090407,0.8190790037331593,0.9827187078121877
P2,F2,13,stored_logits,sdc_exact,0.8000000000000002,0.8151742581090407,0.8190790037331593,0.9827187078121877
P2,F2,13,stored_logits,fit_miou_exact,0.8000000000000002,0.8151742581090407,0.8183934356776555,0.8744021289033514
P2,F2,13,stored_logits,fit_dice_exact,0.8000000000000002,0.8151742581090407,0.8330181591819693,0.9834378838098647
P2,F2,13,stored_logits,fit_iou_exact,0.8000000000000002,0.8151742581090407,0.8256599550297317,0.9787057676478167
P2,F2,13,original_audit,legacy_self_overlap,0.8000000000000002,0.8151742581090407,0.8141223780173893,0.9801516670234154
P2,F2,13,original_audit,frozen_v2,0.8000000000000002,0.8151742581090407,0.8237387823598704,0.873674315058671
P2,F2,13,original_audit,sdc_native,0.8000000000000002,0.8151742581090407,0.8190790037331593,0.9827187078121877
P2,F2,13,original_audit,sdc_exact,0.8000000000000002,0.8151742581090407,0.8190790037331593,0.9827187078121877
P2,F2,13,original_audit,fit_miou_exact,0.8000000000000002,0.8151742581090407,0.8183934356776555,0.8744021289033514
P2,F2,13,original_audit,fit_dice_exact,0.8000000000000002,0.8151742581090407,0.8330181591819693,0.9834378838098647
P2,F2,13,original_audit,fit_iou_exact,0.8000000000000002,0.8151742581090407,0.8256599550297317,0.9787057676478167
P2,F2,37,stored_logits,legacy_self_overlap,0.8000000000000002,0.8151742581090407,0.8143955726394241,0.9736368210389318
P2,F2,37,stored_logits,frozen_v2,0.8000000000000002,0.8151742581090407,0.8251175132150737,0.8700480979946033
P2,F2,37,stored_logits,sdc_native,0.8000000000000002,0.8151742581090407,0.8171698797972694,0.9741988119870694
P2,F2,37,stored_logits,sdc_exact,0.8000000000000002,0.8151742581090407,0.8171698797972694,0.9741988119870694
P2,F2,37,stored_logits,fit_miou_exact,0.8000000000000002,0.8151742581090407,0.8337732514195612,0.8733311867984049
P2,F2,37,stored_logits,fit_dice_exact,0.8000000000000002,0.8151742581090407,0.8241028572059789,0.9741553514078217
P2,F2,37,stored_logits,fit_iou_exact,0.8000000000000002,0.8151742581090407,0.8242659108576705,0.9712214534594646
P2,F2,37,original_audit,legacy_self_overlap,0.8000000000000002,0.8151742581090407,0.8143955726394241,0.9736368210389318
P2,F2,37,original_audit,frozen_v2,0.8000000000000002,0.8151742581090407,0.8251175132150737,0.8700480979946033
P2,F2,37,original_audit,sdc_native,0.8000000000000002,0.8151742581090407,0.8171698797972694,0.9741988119870694
P2,F2,37,original_audit,sdc_exact,0.8000000000000002,0.8151742581090407,0.8171698797972694,0.9741988119870694
P2,F2,37,original_audit,fit_miou_exact,0.8000000000000002,0.8151742581090407,0.8337732514195612,0.8733311867984049
P2,F2,37,original_audit,fit_dice_exact,0.8000000000000002,0.8151742581090407,0.8241028572059789,0.9741553514078217
P2,F2,37,original_audit,fit_iou_exact,0.8000000000000002,0.8151742581090407,0.8242659108576705,0.9712214534594646
P2,F2,71,stored_logits,legacy_self_overlap,0.8000000000000002,0.8151742581090407,0.8214640817105905,0.9828009035002842
P2,F2,71,stored_logits,frozen_v2,0.8000000000000002,0.8151742581090407,0.8382737724603168,0.8136285637953051
P2,F2,71,stored_logits,sdc_native,0.8000000000000002,0.8151742581090407,0.8083922275433797,0.9830859379236724
P2,F2,71,stored_logits,sdc_exact,0.8000000000000002,0.8151742581090407,0.8083922275433797,0.9830859379236724
P2,F2,71,stored_logits,fit_miou_exact,0.8000000000000002,0.8151742581090407,0.8322010718527301,0.788329711727667
P2,F2,71,stored_logits,fit_dice_exact,0.8000000000000002,0.8151742581090407,0.8338842721707386,0.9806523297278305
P2,F2,71,stored_logits,fit_iou_exact,0.8000000000000002,0.8151742581090407,0.8260516513423752,0.9783680153914066
P2,F2,71,original_audit,legacy_self_overlap,0.8000000000000002,0.8151742581090407,0.8214640817105905,0.9828009035002842
P2,F2,71,original_audit,frozen_v2,0.8000000000000002,0.8151742581090407,0.8382737724603168,0.8136285637953051
P2,F2,71,original_audit,sdc_native,0.8000000000000002,0.8151742581090407,0.8083922275433797,0.9830859379236724
P2,F2,71,original_audit,sdc_exact,0.8000000000000002,0.8151742581090407,0.8083922275433797,0.9830859379236724
P2,F2,71,original_audit,fit_miou_exact,0.8000000000000002,0.8151742581090407,0.8322010718527301,0.788329711727667
P2,F2,71,original_audit,fit_dice_exact,0.8000000000000002,0.8151742581090407,0.8338842721707386,0.9806523297278305
P2,F2,71,original_audit,fit_iou_exact,0.8000000000000002,0.8151742581090407,0.8260516513423752,0.9783680153914066
P2,F3,13,stored_logits,legacy_self_overlap,0.8000000000000002,0.8072674874145462,0.8149666294586604,0.9700268746571576
P2,F3,13,stored_logits,frozen_v2,0.8000000000000002,0.8072674874145462,0.822007948626396,0.9781423998377566
P2,F3,13,stored_logits,sdc_native,0.8000000000000002,0.8072674874145462,0.8149666294586604,0.9700268746571576
P2,F3,13,stored_logits,sdc_exact,0.8000000000000002,0.8072674874145462,0.8149666294586604,0.9700268746571576
P2,F3,13,stored_logits,fit_miou_exact,0.8000000000000002,0.8072674874145462,0.822007948626396,0.9781423998377566
P2,F3,13,stored_logits,fit_dice_exact,0.8000000000000002,0.8072674874145462,0.8149666294586604,0.9700268746571576
P2,F3,13,stored_logits,fit_iou_exact,0.8000000000000002,0.8072674874145462,0.8188877343582448,0.9787008484602445
P2,F3,13,original_audit,legacy_self_overlap,0.8000000000000002,0.8072674874145462,0.8149666294586604,0.9700268746571576
P2,F3,13,original_audit,frozen_v2,0.8000000000000002,0.8072674874145462,0.822007948626396,0.9781423998377566
P2,F3,13,original_audit,sdc_native,0.8000000000000002,0.8072674874145462,0.8149666294586604,0.9700268746571576
P2,F3,13,original_audit,sdc_exact,0.8000000000000002,0.8072674874145462,0.8149666294586604,0.9700268746571576
P2,F3,13,original_audit,fit_miou_exact,0.8000000000000002,0.8072674874145462,0.822007948626396,0.9781423998377566
P2,F3,13,original_audit,fit_dice_exact,0.8000000000000002,0.8072674874145462,0.8149666294586604,0.9700268746571576
P2,F3,13,original_audit,fit_iou_exact,0.8000000000000002,0.8072674874145462,0.8188877343582448,0.9787008484602445
P2,F3,37,stored_logits,legacy_self_overlap,0.8000000000000002,0.8072674874145462,0.8130260916647098,0.9622584309366079
P2,F3,37,stored_logits,frozen_v2,0.8000000000000002,0.8072674874145462,0.8192947033154333,0.9698560076166147
P2,F3,37,stored_logits,sdc_native,0.8000000000000002,0.8072674874145462,0.8130260916647098,0.9622584309366079
P2,F3,37,stored_logits,sdc_exact,0.8000000000000002,0.8072674874145462,0.8130260916647098,0.9622584309366079
P2,F3,37,stored_logits,fit_miou_exact,0.8000000000000002,0.8072674874145462,0.817536728919445,0.9200561272535734
P2,F3,37,stored_logits,fit_dice_exact,0.8000000000000002,0.8072674874145462,0.8130260916647098,0.9622584309366079
P2,F3,37,stored_logits,fit_iou_exact,0.8000000000000002,0.8072674874145462,0.8176993340211134,0.9606119043667469
P2,F3,37,original_audit,legacy_self_overlap,0.8000000000000002,0.8072674874145462,0.8130260916647098,0.9622584309366079
P2,F3,37,original_audit,frozen_v2,0.8000000000000002,0.8072674874145462,0.8192947033154333,0.9698560076166147
P2,F3,37,original_audit,sdc_native,0.8000000000000002,0.8072674874145462,0.8130260916647098,0.9622584309366079
P2,F3,37,original_audit,sdc_exact,0.8000000000000002,0.8072674874145462,0.8130260916647098,0.9622584309366079
P2,F3,37,original_audit,fit_miou_exact,0.8000000000000002,0.8072674874145462,0.817536728919445,0.9200561272535734
P2,F3,37,original_audit,fit_dice_exact,0.8000000000000002,0.8072674874145462,0.8130260916647098,0.9622584309366079
P2,F3,37,original_audit,fit_iou_exact,0.8000000000000002,0.8072674874145462,0.8176993340211134,0.9606119043667469
P2,F3,71,stored_logits,legacy_self_overlap,0.8000000000000002,0.8072674874145462,0.8191204715842544,0.9645446249285867
P2,F3,71,stored_logits,frozen_v2,0.8000000000000002,0.8072674874145462,0.8129499792968131,0.9339742793909904
P2,F3,71,stored_logits,sdc_native,0.8000000000000002,0.8072674874145462,0.8191204715842544,0.9645446249285867
P2,F3,71,stored_logits,sdc_exact,0.8000000000000002,0.8072674874145462,0.8191204715842544,0.9645446249285867
P2,F3,71,stored_logits,fit_miou_exact,0.8000000000000002,0.8072674874145462,0.8129499792968131,0.9339742793909904
P2,F3,71,stored_logits,fit_dice_exact,0.8000000000000002,0.8072674874145462,0.8207760179871124,0.9656286912839401
P2,F3,71,stored_logits,fit_iou_exact,0.8000000000000002,0.8072674874145462,0.8147759128389259,0.9650025538537028
P2,F3,71,original_audit,legacy_self_overlap,0.8000000000000002,0.8072674874145462,0.8191204715842544,0.9645446249285867
P2,F3,71,original_audit,frozen_v2,0.8000000000000002,0.8072674874145462,0.8129499792968131,0.9339742793909904
P2,F3,71,original_audit,sdc_native,0.8000000000000002,0.8072674874145462,0.8191204715842544,0.9645446249285867
P2,F3,71,original_audit,sdc_exact,0.8000000000000002,0.8072674874145462,0.8191204715842544,0.9645446249285867
P2,F3,71,original_audit,fit_miou_exact,0.8000000000000002,0.8072674874145462,0.8129499792968131,0.9339742793909904
P2,F3,71,original_audit,fit_dice_exact,0.8000000000000002,0.8072674874145462,0.8207760179871124,0.9656286912839401
P2,F3,71,original_audit,fit_iou_exact,0.8000000000000002,0.8072674874145462,0.8147759128389259,0.9650025538537028
