block,mask_basis,arm,endpoint,metric,mean,min,max,max_absolute
P1,original_audit,sdc_native,mean_tile_miou,aurc,-0.0001245565632066058,-0.0010127266401996904,7.063698066905877e-05,0.0010127266401996904
P1,original_audit,sdc_native,mean_tile_miou,risk_080,-0.00046893635070922716,-0.004273592085536682,2.6582464576874187e-05,0.004273592085536682
P1,original_audit,sdc_native,mean_tile_miou,mean_risk_070_090,-0.0003365823747661614,-0.003684322909557669,0.0006394862558284364,0.003684322909557669
P1,original_audit,sdc_native,mean_tile_dice,aurc,0.0,0.0,0.0,0.0
P1,original_audit,sdc_native,mean_tile_dice,risk_080,0.0,0.0,0.0,0.0
P1,original_audit,sdc_native,mean_tile_dice,mean_risk_070_090,0.0,0.0,0.0,0.0
P1,original_audit,sdc_native,mean_tile_iou,aurc,0.0,0.0,0.0,0.0
P1,original_audit,sdc_native,mean_tile_iou,risk_080,0.0,0.0,0.0,0.0
P1,original_audit,sdc_native,mean_tile_iou,mean_risk_070_090,0.0,0.0,0.0,0.0
P1,original_audit,sdc_native,pooled_miou,aurc,-4.8500455229441265e-06,-2.823768997484155e-05,1.0044737778269752e-05,2.823768997484155e-05
P1,original_audit,sdc_native,pooled_miou,risk_080,6.063077990929126e-06,-0.00015703014503787305,0.00011886350232881426,0.00015703014503787305
P1,original_audit,sdc_native,pooled_miou,mean_risk_070_090,-1.1507838845335892e-05,-0.00012746548077285924,4.7748371788391974e-05,0.00012746548077285924
P1,original_audit,sdc_native,pooled_dice,aurc,1.6929385986106135e-05,-1.3038674659515692e-05,9.126427797884196e-05,9.126427797884196e-05
P1,original_audit,sdc_native,pooled_dice,risk_080,8.180031194111099e-05,-8.972343986113351e-07,0.0003720435066694727,0.0003720435066694727
P1,original_audit,sdc_native,pooled_dice,mean_risk_070_090,7.303609560642256e-05,-3.2596686648816986e-05,0.00036516855886958854,0.00036516855886958854
P1,original_audit,sdc_native,pooled_iou,aurc,2.0042593758225664e-05,-1.4258984446235967e-05,0.00010496482199406909,0.00010496482199406909
P1,original_audit,sdc_native,pooled_iou,risk_080,9.653079384144527e-05,-1.0252050075543195e-06,0.00044994406758824823,0.00044994406758824823
P1,original_audit,sdc_native,pooled_iou,mean_risk_070_090,8.634930816022364e-05,-3.564746111556216e-05,0.0004199872297995233,0.0004199872297995233
P1,original_audit,sdc_exact,mean_tile_miou,aurc,-0.0001245565632066058,-0.0010127266401996904,7.063698066905877e-05,0.0010127266401996904
P1,original_audit,sdc_exact,mean_tile_miou,risk_080,-0.00046893635070922716,-0.004273592085536682,2.6582464576874187e-05,0.004273592085536682
P1,original_audit,sdc_exact,mean_tile_miou,mean_risk_070_090,-0.0003365823747661614,-0.003684322909557669,0.0006394862558284364,0.003684322909557669
P1,original_audit,sdc_exact,mean_tile_dice,aurc,0.0,0.0,0.0,0.0
P1,original_audit,sdc_exact,mean_tile_dice,risk_080,0.0,0.0,0.0,0.0
P1,original_audit,sdc_exact,mean_tile_dice,mean_risk_070_090,0.0,0.0,0.0,0.0
P1,original_audit,sdc_exact,mean_tile_iou,aurc,0.0,0.0,0.0,0.0
P1,original_audit,sdc_exact,mean_tile_iou,risk_080,0.0,0.0,0.0,0.0
P1,original_audit,sdc_exact,mean_tile_iou,mean_risk_070_090,0.0,0.0,0.0,0.0
P1,original_audit,sdc_exact,pooled_miou,aurc,-4.8500455229441265e-06,-2.823768997484155e-05,1.0044737778269752e-05,2.823768997484155e-05
P1,original_audit,sdc_exact,pooled_miou,risk_080,6.063077990929126e-06,-0.00015703014503787305,0.00011886350232881426,0.00015703014503787305
P1,original_audit,sdc_exact,pooled_miou,mean_risk_070_090,-1.1507838845335892e-05,-0.00012746548077285924,4.7748371788391974e-05,0.00012746548077285924
P1,original_audit,sdc_exact,pooled_dice,aurc,1.6929385986106135e-05,-1.3038674659515692e-05,9.126427797884196e-05,9.126427797884196e-05
P1,original_audit,sdc_exact,pooled_dice,risk_080,8.180031194111099e-05,-8.972343986113351e-07,0.0003720435066694727,0.0003720435066694727
P1,original_audit,sdc_exact,pooled_dice,mean_risk_070_090,7.303609560642256e-05,-3.2596686648816986e-05,0.00036516855886958854,0.00036516855886958854
P1,original_audit,sdc_exact,pooled_iou,aurc,2.0042593758225664e-05,-1.4258984446235967e-05,0.00010496482199406909,0.00010496482199406909
P1,original_audit,sdc_exact,pooled_iou,risk_080,9.653079384144527e-05,-1.0252050075543195e-06,0.00044994406758824823,0.00044994406758824823
P1,original_audit,sdc_exact,pooled_iou,mean_risk_070_090,8.634930816022364e-05,-3.564746111556216e-05,0.0004199872297995233,0.0004199872297995233
P1,stored_logits,sdc_native,mean_tile_miou,aurc,-0.0001245565632066058,-0.0010127266401996904,7.063698066905877e-05,0.0010127266401996904
P1,stored_logits,sdc_native,mean_tile_miou,risk_080,-0.00046893635070922716,-0.004273592085536682,2.6582464576874187e-05,0.004273592085536682
P1,stored_logits,sdc_native,mean_tile_miou,mean_risk_070_090,-0.0003365823747661614,-0.003684322909557669,0.0006394862558284364,0.003684322909557669
P1,stored_logits,sdc_native,mean_tile_dice,aurc,0.0,0.0,0.0,0.0
P1,stored_logits,sdc_native,mean_tile_dice,risk_080,0.0,0.0,0.0,0.0
P1,stored_logits,sdc_native,mean_tile_dice,mean_risk_070_090,0.0,0.0,0.0,0.0
P1,stored_logits,sdc_native,mean_tile_iou,aurc,0.0,0.0,0.0,0.0
P1,stored_logits,sdc_native,mean_tile_iou,risk_080,0.0,0.0,0.0,0.0
P1,stored_logits,sdc_native,mean_tile_iou,mean_risk_070_090,0.0,0.0,0.0,0.0
P1,stored_logits,sdc_native,pooled_miou,aurc,-4.8500455229441265e-06,-2.823768997484155e-05,1.0044737778269752e-05,2.823768997484155e-05
P1,stored_logits,sdc_native,pooled_miou,risk_080,6.063077990929126e-06,-0.00015703014503787305,0.00011886350232881426,0.00015703014503787305
P1,stored_logits,sdc_native,pooled_miou,mean_risk_070_090,-1.1507838845335892e-05,-0.00012746548077285924,4.7748371788391974e-05,0.00012746548077285924
P1,stored_logits,sdc_native,pooled_dice,aurc,1.6929385986106135e-05,-1.3038674659515692e-05,9.126427797884196e-05,9.126427797884196e-05
P1,stored_logits,sdc_native,pooled_dice,risk_080,8.180031194111099e-05,-8.972343986113351e-07,0.0003720435066694727,0.0003720435066694727
P1,stored_logits,sdc_native,pooled_dice,mean_risk_070_090,7.303609560642256e-05,-3.2596686648816986e-05,0.00036516855886958854,0.00036516855886958854
P1,stored_logits,sdc_native,pooled_iou,aurc,2.0042593758225664e-05,-1.4258984446235967e-05,0.00010496482199406909,0.00010496482199406909
P1,stored_logits,sdc_native,pooled_iou,risk_080,9.653079384144527e-05,-1.0252050075543195e-06,0.00044994406758824823,0.00044994406758824823
P1,stored_logits,sdc_native,pooled_iou,mean_risk_070_090,8.634930816022364e-05,-3.564746111556216e-05,0.0004199872297995233,0.0004199872297995233
P1,stored_logits,sdc_exact,mean_tile_miou,aurc,-0.0001245565632066058,-0.0010127266401996904,7.063698066905877e-05,0.0010127266401996904
P1,stored_logits,sdc_exact,mean_tile_miou,risk_080,-0.00046893635070922716,-0.004273592085536682,2.6582464576874187e-05,0.004273592085536682
P1,stored_logits,sdc_exact,mean_tile_miou,mean_risk_070_090,-0.0003365823747661614,-0.003684322909557669,0.0006394862558284364,0.003684322909557669
P1,stored_logits,sdc_exact,mean_tile_dice,aurc,0.0,0.0,0.0,0.0
P1,stored_logits,sdc_exact,mean_tile_dice,risk_080,0.0,0.0,0.0,0.0
P1,stored_logits,sdc_exact,mean_tile_dice,mean_risk_070_090,0.0,0.0,0.0,0.0
P1,stored_logits,sdc_exact,mean_tile_iou,aurc,0.0,0.0,0.0,0.0
P1,stored_logits,sdc_exact,mean_tile_iou,risk_080,0.0,0.0,0.0,0.0
P1,stored_logits,sdc_exact,mean_tile_iou,mean_risk_070_090,0.0,0.0,0.0,0.0
P1,stored_logits,sdc_exact,pooled_miou,aurc,-4.8500455229441265e-06,-2.823768997484155e-05,1.0044737778269752e-05,2.823768997484155e-05
P1,stored_logits,sdc_exact,pooled_miou,risk_080,6.063077990929126e-06,-0.00015703014503787305,0.00011886350232881426,0.00015703014503787305
P1,stored_logits,sdc_exact,pooled_miou,mean_risk_070_090,-1.1507838845335892e-05,-0.00012746548077285924,4.7748371788391974e-05,0.00012746548077285924
P1,stored_logits,sdc_exact,pooled_dice,aurc,1.6929385986106135e-05,-1.3038674659515692e-05,9.126427797884196e-05,9.126427797884196e-05
P1,stored_logits,sdc_exact,pooled_dice,risk_080,8.180031194111099e-05,-8.972343986113351e-07,0.0003720435066694727,0.0003720435066694727
P1,stored_logits,sdc_exact,pooled_dice,mean_risk_070_090,7.303609560642256e-05,-3.2596686648816986e-05,0.00036516855886958854,0.00036516855886958854
P1,stored_logits,sdc_exact,pooled_iou,aurc,2.0042593758225664e-05,-1.4258984446235967e-05,0.00010496482199406909,0.00010496482199406909
P1,stored_logits,sdc_exact,pooled_iou,risk_080,9.653079384144527e-05,-1.0252050075543195e-06,0.00044994406758824823,0.00044994406758824823
P1,stored_logits,sdc_exact,pooled_iou,mean_risk_070_090,8.634930816022364e-05,-3.564746111556216e-05,0.0004199872297995233,0.0004199872297995233
P2,original_audit,sdc_native,mean_tile_miou,aurc,0.00036977571721782645,0.0,0.0012291166338131987,0.0012291166338131987
P2,original_audit,sdc_native,mean_tile_miou,risk_080,1.0712718550650221e-05,0.0,7.250555089000077e-05,7.250555089000077e-05
P2,original_audit,sdc_native,mean_tile_miou,mean_risk_070_090,0.000650590701475853,0.0,0.0021827667178045407,0.0021827667178045407
P2,original_audit,sdc_native,mean_tile_dice,aurc,0.0,0.0,0.0,0.0
P2,original_audit,sdc_native,mean_tile_dice,risk_080,0.0,0.0,0.0,0.0
P2,original_audit,sdc_native,mean_tile_dice,mean_risk_070_090,0.0,0.0,0.0,0.0
P2,original_audit,sdc_native,mean_tile_iou,aurc,0.0,0.0,0.0,0.0
P2,original_audit,sdc_native,mean_tile_iou,risk_080,0.0,0.0,0.0,0.0
P2,original_audit,sdc_native,mean_tile_iou,mean_risk_070_090,0.0,0.0,0.0,0.0
P2,original_audit,sdc_native,pooled_miou,aurc,8.665251954632142e-05,0.0,0.0003355366063575449,0.0003355366063575449
P2,original_audit,sdc_native,pooled_miou,risk_080,0.00012332180928147855,0.0,0.0005950918429176166,0.0005950918429176166
P2,original_audit,sdc_native,pooled_miou,mean_risk_070_090,0.00027168344443974216,0.0,0.0011583045319852325,0.0011583045319852325
P2,original_audit,sdc_native,pooled_dice,aurc,0.0001564136737968057,0.0,0.0007794842016470294,0.0007794842016470294
P2,original_audit,sdc_native,pooled_dice,risk_080,0.00014164695492662686,0.0,0.000953624364773642,0.000953624364773642
P2,original_audit,sdc_native,pooled_dice,mean_risk_070_090,0.0003675661396846201,0.0,0.0018363211460504791,0.0018363211460504791
P2,original_audit,sdc_native,pooled_iou,aurc,0.00019763872360447878,0.0,0.000994972522292803,0.000994972522292803
P2,original_audit,sdc_native,pooled_iou,risk_080,0.00018451443617484298,0.0,0.0012447297024165138,0.0012447297024165138
P2,original_audit,sdc_native,pooled_iou,mean_risk_070_090,0.0004684396572328047,0.0,0.0023431263377071687,0.0023431263377071687
P2,original_audit,sdc_exact,mean_tile_miou,aurc,0.00036977571721782645,0.0,0.0012291166338131987,0.0012291166338131987
P2,original_audit,sdc_exact,mean_tile_miou,risk_080,1.0712718550650221e-05,0.0,7.250555089000077e-05,7.250555089000077e-05
P2,original_audit,sdc_exact,mean_tile_miou,mean_risk_070_090,0.000650590701475853,0.0,0.0021827667178045407,0.0021827667178045407
P2,original_audit,sdc_exact,mean_tile_dice,aurc,0.0,0.0,0.0,0.0
P2,original_audit,sdc_exact,mean_tile_dice,risk_080,0.0,0.0,0.0,0.0
P2,original_audit,sdc_exact,mean_tile_dice,mean_risk_070_090,0.0,0.0,0.0,0.0
P2,original_audit,sdc_exact,mean_tile_iou,aurc,0.0,0.0,0.0,0.0
P2,original_audit,sdc_exact,mean_tile_iou,risk_080,0.0,0.0,0.0,0.0
P2,original_audit,sdc_exact,mean_tile_iou,mean_risk_070_090,0.0,0.0,0.0,0.0
P2,original_audit,sdc_exact,pooled_miou,aurc,8.665251954632142e-05,0.0,0.0003355366063575449,0.0003355366063575449
P2,original_audit,sdc_exact,pooled_miou,risk_080,0.00012332180928147855,0.0,0.0005950918429176166,0.0005950918429176166
P2,original_audit,sdc_exact,pooled_miou,mean_risk_070_090,0.00027168344443974216,0.0,0.0011583045319852325,0.0011583045319852325
P2,original_audit,sdc_exact,pooled_dice,aurc,0.0001564136737968057,0.0,0.0007794842016470294,0.0007794842016470294
P2,original_audit,sdc_exact,pooled_dice,risk_080,0.00014164695492662686,0.0,0.000953624364773642,0.000953624364773642
P2,original_audit,sdc_exact,pooled_dice,mean_risk_070_090,0.0003675661396846201,0.0,0.0018363211460504791,0.0018363211460504791
P2,original_audit,sdc_exact,pooled_iou,aurc,0.00019763872360447878,0.0,0.000994972522292803,0.000994972522292803
P2,original_audit,sdc_exact,pooled_iou,risk_080,0.00018451443617484298,0.0,0.0012447297024165138,0.0012447297024165138
P2,original_audit,sdc_exact,pooled_iou,mean_risk_070_090,0.0004684396572328047,0.0,0.0023431263377071687,0.0023431263377071687
P2,stored_logits,sdc_native,mean_tile_miou,aurc,0.00036977571721780796,0.0,0.0012291166338131987,0.0012291166338131987
P2,stored_logits,sdc_native,mean_tile_miou,risk_080,1.071271855065639e-05,0.0,7.250555088994526e-05,7.250555088994526e-05
P2,stored_logits,sdc_native,mean_tile_miou,mean_risk_070_090,0.000650590701475853,0.0,0.0021827667178045407,0.0021827667178045407
P2,stored_logits,sdc_native,mean_tile_dice,aurc,0.0,0.0,0.0,0.0
P2,stored_logits,sdc_native,mean_tile_dice,risk_080,0.0,0.0,0.0,0.0
P2,stored_logits,sdc_native,mean_tile_dice,mean_risk_070_090,0.0,0.0,0.0,0.0
P2,stored_logits,sdc_native,mean_tile_iou,aurc,0.0,0.0,0.0,0.0
P2,stored_logits,sdc_native,mean_tile_iou,risk_080,0.0,0.0,0.0,0.0
P2,stored_logits,sdc_native,mean_tile_iou,mean_risk_070_090,0.0,0.0,0.0,0.0
P2,stored_logits,sdc_native,pooled_miou,aurc,8.665240438140677e-05,0.0,0.00033553181463374937,0.00033553181463374937
P2,stored_logits,sdc_native,pooled_miou,risk_080,0.00012332266624301116,0.0,0.0005951012259571287,0.0005951012259571287
P2,stored_logits,sdc_native,pooled_miou,mean_risk_070_090,0.00027168361355345283,0.0,0.001158296885287513,0.001158296885287513
P2,stored_logits,sdc_native,pooled_dice,aurc,0.0001564141159702517,0.0,0.0007794840139334069,0.0007794840139334069
P2,stored_logits,sdc_native,pooled_dice,risk_080,0.00014164791708808847,0.0,0.0009536330155217043,0.0009536330155217043
P2,stored_logits,sdc_native,pooled_dice,mean_risk_070_090,0.00036756723445044746,0.0,0.001836320739984687,0.001836320739984687
P2,stored_logits,sdc_native,pooled_iou,aurc,0.0001976387555897389,0.0,0.0009949663562255906,0.0009949663562255906
P2,stored_logits,sdc_native,pooled_iou,risk_080,0.0001845158916181274,0.0,0.0012447445526571066,0.0012447445526571066
P2,stored_logits,sdc_native,pooled_iou,mean_risk_070_090,0.0004684399538158838,0.0,0.002343111863600811,0.002343111863600811
P2,stored_logits,sdc_exact,mean_tile_miou,aurc,0.00036977571721780796,0.0,0.0012291166338131987,0.0012291166338131987
P2,stored_logits,sdc_exact,mean_tile_miou,risk_080,1.071271855065639e-05,0.0,7.250555088994526e-05,7.250555088994526e-05
P2,stored_logits,sdc_exact,mean_tile_miou,mean_risk_070_090,0.000650590701475853,0.0,0.0021827667178045407,0.0021827667178045407
P2,stored_logits,sdc_exact,mean_tile_dice,aurc,0.0,0.0,0.0,0.0
P2,stored_logits,sdc_exact,mean_tile_dice,risk_080,0.0,0.0,0.0,0.0
P2,stored_logits,sdc_exact,mean_tile_dice,mean_risk_070_090,0.0,0.0,0.0,0.0
P2,stored_logits,sdc_exact,mean_tile_iou,aurc,0.0,0.0,0.0,0.0
P2,stored_logits,sdc_exact,mean_tile_iou,risk_080,0.0,0.0,0.0,0.0
P2,stored_logits,sdc_exact,mean_tile_iou,mean_risk_070_090,0.0,0.0,0.0,0.0
P2,stored_logits,sdc_exact,pooled_miou,aurc,8.665240438140677e-05,0.0,0.00033553181463374937,0.00033553181463374937
P2,stored_logits,sdc_exact,pooled_miou,risk_080,0.00012332266624301116,0.0,0.0005951012259571287,0.0005951012259571287
P2,stored_logits,sdc_exact,pooled_miou,mean_risk_070_090,0.00027168361355345283,0.0,0.001158296885287513,0.001158296885287513
P2,stored_logits,sdc_exact,pooled_dice,aurc,0.0001564141159702517,0.0,0.0007794840139334069,0.0007794840139334069
P2,stored_logits,sdc_exact,pooled_dice,risk_080,0.00014164791708808847,0.0,0.0009536330155217043,0.0009536330155217043
P2,stored_logits,sdc_exact,pooled_dice,mean_risk_070_090,0.00036756723445044746,0.0,0.001836320739984687,0.001836320739984687
P2,stored_logits,sdc_exact,pooled_iou,aurc,0.0001976387555897389,0.0,0.0009949663562255906,0.0009949663562255906
P2,stored_logits,sdc_exact,pooled_iou,risk_080,0.0001845158916181274,0.0,0.0012447445526571066,0.0012447445526571066
P2,stored_logits,sdc_exact,pooled_iou,mean_risk_070_090,0.0004684399538158838,0.0,0.002343111863600811,0.002343111863600811
